region,district,area
Greater Accra,Ada West,Zutakope
Volta,Akatsi South,Zuta
Upper East,Unknown,Zusablaga
Northern,Gushiegu,Zuoyili
Northern,Tamale,Zuorugu
Upper East,Kassena Nankana,Zuo
Northern,Tamale,Zuo
Upper East,North Builsa District,Zundem
Volta,North Tongu,Zumai
Upper East,Binduri District,Zulugu
Northern,Gushiegu,Zulor
Upper East,Bawku Municipal District,Zuli
Upper East,Binduri District,Zuku
Northern,Tamale,Zujung
Upper East,Pusiga,Zuugu
Upper East,Talensi-Nabdam,Zubiong
North East,West Mamprusi,Zuawlugu
Upper East,Bolgatanga Municipal District,Zuarungu
Upper East,Bawku West,Zua
Northern,Zabzugu District,Zoya
Upper East,Talensi-Nabdam,Zoseko
Northern,Savelugu Municipal District,Zosalli
Upper East,North Builsa District,Zosa
Northern,Kumbumgu,Zugu
Oti,Krachi Nchumuru,Zongo Macheri
Upper East,Bawku West,Zongoiri
Bono East,Kintampo South District,Zongo Dagi
Volta,Central Tongu,Zongo
Volta,North Tongu,Zondu
Northern,Tolon District,Zonayili
Upper East,Bawku Municipal District,Zuulugu
Volta,Ho,Zomai
Volta,Agotime Ziope,Zomai
Volta,Akatsi District,Zomai
Upper East,Unknown,Zokwema
Volta,Ketu South District,Zokotokofe
Upper East,Bongo District,Zoko
North East,East Mamprusi,Zojirigu
Northern,Savelugu Municipal District,Zogoga
Northern,Savelugu Municipal District,Zogaw
Volta,Agotime Ziope,Zochiakofe
Bono,Jaman North,Zobo
Upper East,Talensi-Nabdam,Zobero
Upper East,Talensi-Nabdam,Zoan Buliga
Upper East,Pusiga,Zoabuliga
Upper East,Nabdam,Zoa
North East,West Mamprusi,Zoa
Volta,Agotime Ziope,Ziwofia
Volta,South Tongu District,Ziwenu
Volta,Ho West,Zitoe
Northern,Tolon District,Zisie
Northern,Mion,Ziro
Upper East,Unknown,Zirigazorga
Greater Accra,Shai Osudoku District,Zipanya
Northern,Savelugu Municipal District,Ziong
Volta,Agotime Ziope,Ziofe
Northern,Karaga,Zinye
Upper West,Sissala West,Zini
Volta,Central Tongu,Zingakofe
Upper East,Kassena Nankana West,Zenga
Northern,Tolon District,Zinduyiri
Northern,Karaga,Zindimdo
Northern,Unknown,Zincha Lagoon
Western,Jomoro,Zinabo
Upper West,Nandom,Zimuopare
North East,East Mamprusi,Zimliga
Northern,Mion,Ziluno
Northern,Karaga,Zikia
North East,East Mamprusi,Zikeya
Upper East,Bawku West,Zika
Volta,Ketu North District,Zigbli
Savannah,Central Gonja,Ziganayiri
Upper East,Bawku West,Saka Ziego
Upper East,Bawku Municipal District,Ziedi
Northern,Sagnerigu,Zidung
Volta,South Dayi,Ziavi
Greater Accra,Shai Osudoku District,Ziapon
Bono,Jaman South,Segera
Volta,South Tongu District,Zewukofe
Northern,Tolon District,Zergua
Upper West,Sissala East,Zenu
Greater Accra,Tema Metropolitan District,Zenu
Volta,Akatsi District,Zemu
Volta,Keta,Zedevu
Upper East,Nabdam,Zogabre
Upper East,Bawku West,Zebilla Natinga
Volta,Adaklu,Zebe
Volta,Central Tongu,Zawtipo
Upper East,Bawku Municipal District,Zorsi Natinga
Upper East,Binduri District,Zawse
Upper East,Bawku West,Zawngo
Upper East,Garu District,Zawngo
Northern,Sagnerigu,Zawire
Upper East,Binduri District,Zaugo
Volta,Ho,Zawe
Savannah,Central Gonja,Zaw
Upper East,Garu District,Zariboku
Upper East,Bolgatanga Municipal District,Zare
North East,East Mamprusi,Zare
Upper East,Pusiga,Sarabogo
Upper East,Talensi-Nabdam,Zanwure
Savannah,Bole,Jantigi
Savannah,North Gonja,Zantana
Upper East,Nabdam,Zanlerigu
Northern,Karaga,Zankalla
Greater Accra,Shai Osudoku District,Zanidaw
North East,West Mamprusi,Zanguyakura
North East,West Mamprusi,Zangum
North East,West Mamprusi,Zangu
North East,Mamprugo Moaduri District,Zangbieri
Upper West,Sissala East,Zangbieri
Northern,Kumbumgu,Zangbulung
North East,Chereponi,Zangbana
North East,East Mamprusi,Zandua
Northern,Karaga,Zandua
Upper West,Wa West,Zan
North East,East Mamprusi,Zambulukurugu
North East,East Mamprusi,Zambulugu
Upper West,Sissala East,Zambuluga
Upper West,Lawra,Zambo
North East,East Mamprusi,Zambolugu
Upper East,Garu District,Zambala
Volta,Adaklu,Zamachikofe
Volta,Ketu South District,Zaklikofe
Volta,Ketu North District,Gyagoto
Northern,Saboba,Segbeli
Upper East,Binduri District,Zaga
Upper East,Garu District,Sabzundi
Northern,Zabzugu District,Zabzugu
Upper East,Bawku Municipal District,Zabugu
Northern,Karaga,Yuwail
Upper East,Kassena Nankana,Yuwa
North East,Bunkpurugu Nakpanduri District,Yunyoo
North East,East Mamprusi,Yunyonayiri
North East,Bunkpurugu Nakpanduri District,Yunyo
Savannah,Sawla-Tuna-Kalba,Yungbu
Northern,Savelugu Municipal District,Ying
Greater Accra,Shai Osudoku District,Yukunya
Volta,South Tongu District,Yufukope
Volta,South Tongu District,Yuawkutikpo
Eastern,Asuogyaman,Yuagasi
Eastern,Lower Manya Krobo,Yuaga
Ashanti,Amansie Central,Yiwoabra
Western,Wassa Amenfi Central,Yaubra
Western North,Aowin/Suaman,Yuabra
Savannah,Sawla-Tuna-Kalba,Yipala
Western,Unknown,Yoyo River Forest Reserve
Western North,Aowin/Suaman,Yoyonon
Bono,Unknown,Yoyo
Western North,Unknown,Yoyo
Volta,South Tongu District,Yove
Volta,Ho West,Yotikpe
Upper East,Bawku West,Yarugu
Northern,Savelugu Municipal District,Yorro
Upper East,Bongo District,Yorogo
Ashanti,Ejura Sekyedumase,Yoribon
Greater Accra,Shai Osudoku District,Yopwe
Eastern,Lower Manya Krobo,Yongwa
Northern,Tamale,Yong
Eastern,Lower Manya Krobo,Yokuyim
Eastern,Yilo Krobo,Yokunya
Volta,Ho West,Yokpoe
Northern,Tolon District,Yoggo
Northern,Tolon District,Yoboaiyili
Northern,Gushiegu,Yiyamba
Upper East,Garu District,Yizidugu
Northern,Savelugu Municipal District,Yizegu
Northern,Tolon District,Yirong
Savannah,Central Gonja,Yiripani
Ashanti,Ejura Sekyedumase,Yireso
Western,Unknown,Yire
Western,Unknown,Yele
Western,Wassa Amenfi West,Yerase
North East,West Mamprusi,Yirango
Western,Wassa Amenfi West,Yiraboi
Upper East,North Builsa District,Yipien
Northern,Kumbumgu,Yipielugu
Northern,Tolon District,Yipiellego
Northern,Tolon District,Yipieliga
Upper East,North Builsa District,Yipala
Upper East,North Builsa District,Yimunsa
Northern,Karaga,Yilong
Northern,Sagnerigu,Yilonayile
Northern,Karaga,Yilanga
Upper East,Bawku West,Yikudugu
Upper East,Bolgatanga Municipal District,Yikene
Upper East,Bongo District,Yidongo
Eastern,Upper Manya Krobo,Yidawm
Savannah,Bole,Yidala
Upper East,Bawku West,Yiboni
Northern,Karaga,Yibiye
Upper West,Wa,Yebile
Volta,Central Tongu,Yevuyibawkofe
Upper East,Kassena Nankana,Yitonia
Upper East,Unknown,Yariga
Upper East,Pusiga,Yariga
Central,Assin South,Yerewuhu
North East,East Mamprusi,Yeregu
Northern,Unknown,Yerada
Northern,Sagnerigu,Yepasi
Upper East,Bolgatanga Municipal District,Yepala
North East,East Mamprusi,Yepala
Ashanti,Adansi South,Yensia
Western North,Aowin/Suaman,Yensakrom
Central,Gomoa East,Yenku
Western,Wassa Amenfi West,Yeniakrom
Northern,Yendi,Yendi
Upper East,Bawku West,Yeliwojo
Upper East,Kassena Nankana West,Yelania
North East,Bunkpurugu Nakpanduri District,Yekezia
Bono East,Pru,Yegyi
Northern,Karaga,Yegiba
Bono East,Nkoranza North District,Yefri
Eastern,Asuogyaman,Yede
Western North,Aowin/Suaman,Yebwakrom
Central,Mfatseman,Yebuakwa
Eastern,Ayensuano,Yeboaman
Western North,Aowin/Suaman,Yebikwaukrom
Upper East,Talensi-Nabdam,Yazore
Western,Wassa Amenfi West,Yayaso
Bono,Unknown,Yaya Forest Reserve
Western,Unknown,Yaya
Eastern,Fanteakwa,Yaya
Ashanti,Mampong,Yawnso
North East,Chereponi,Yawgu
Central,Cape Coast,Yawanu
Ashanti,Sekyere Central,Yawajai
Western North,Aowin/Suaman,Yauso
Western North,Unknown,Yau
Western North,Aowin/Suaman,Yau
Bono,Banda,Yatunrun
Upper East,Unknown,Yasuntinga
Ashanti,Bosomtwe,Yasi
Ashanti,Adansi South,Yasantekrom
North East,East Mamprusi,Yaroyiri
Upper West,Wa East,Yaro
Savannah,North Gonja,Yarizori
Upper East,Bolgatanga Municipal District,Yarigabisi
Upper East,Binduri District,Yaragungu
Savannah,Central Gonja,Yapei
Northern,Tamale,Yapalsi
Northern,Nanumba North,Yapala
Northern,Tatale-Sangule District,Yaoyili
Central,Upper Denkyira East,Owusukurom
Volta,South Tongu District,Yaopaw
Central,Twifo Ati-Morkwa,Yaomensakrom
Central,Twifo Hemang Lower Denkyira,Yaomensakrom
Central,Agona West,Yaomansonkura
Central,Twifo Ati-Morkwa,Yao Kwantikrom
Ashanti,Bosomtwe,Yaokwakwakrom
Ashanti,Atwima Kwanwoma,Yaokwachikrom
Bono,Dormaa,Yawkurom
Ashanti,Amansie West,Yaokrom
Western,Prestea-Huni Valley,Yaokrom
Bono East,Atebubu-Amantin District,Yaokawkaw
Ashanti,Asante Akim North,Yaohiamankrom
Western,Mpohor/Wassa East,Yaofiankukrom
Ashanti,Atwima Mponua,Yaobuokrom
Western,Wassa Amenfi Central,Yaoboachikrom
Ashanti,Asante Akim North,Yaoamponsakrom
Ashanti,Adansi South,Yaw Owusukurom
Western North,Aowin/Suaman,Yankoman
Western,Ahanta West,Yankakrom
Upper East,Builsa South,Yandawa
Savannah,Central Gonja,Yamusayiri
Central,Mfatseman,Yamoransa
Upper East,Talensi-Nabdam,Yamnega
Ahafo,Tano North,Yamfo
Western North,Bia,Yamatwa
Ahafo,Asunafo North,Yamensakrom
Central,Komenda/Edina/Eguafo/Abirem,Yamen
Northern,Gushiegu,Yamboai
Western North,Aowin/Suaman,Yamaso
Northern,Karaga,Yemo-karaga
North East,West Mamprusi,Yama
Volta,Ketu South District,Yama
Upper East,Binduri District,Yalugu
Upper East,Garu District,Yalugu
Upper East,Talensi-Nabdam,Yale
Upper West,Wa East,Yala
Western,Tarkwa Nsuaem,Yakwakrom
North East,Chereponi,Yakpaga Mbureka
Northern,Saboba,Yakpaba
Ashanti,Asante Akim South District,Yakorikrom
Western North,Aowin/Suaman,Yakokokrom
Eastern,Ayensuano,Yakoko
Central,Twifo Hemang Lower Denkyira,Yakesi
Western,Ahanta West,Nyaako
Western North,Aowin/Suaman,Yakase
Upper West,Wa East,Jakanibe
Greater Accra,Ada East,Yakakope
Greater Accra,Ga South,Yakagbomokpehe
Northern,Gushiegu,Yakabokaw
Upper East,Bongo District,Yaka
Upper East,Bawku West,Yaka
Bono East,Pru,Yajau
Volta,Ketu South District,Yahuni
Greater Accra,Ga West,Yaawoman
Savannah,East Gonja,Yahaiyape
Upper East,Kassena Nankana,Yigwania
Upper West,Jirapa,Yagha
North East,Mamprugo Moaduri District,Yagaba
Northern,Karaga,Yaga
Ashanti,Adansi South,Yawdome
Ahafo,Asunafo South,Yadipebepo
Upper East,Bawku West,Tanga Yade Bode
Savannah,North Gonja,Yabum
Western,Ahanta West,Yaabew
Bono East,Kintampo South District,Yabraso
Bono East,Atebubu-Amantin District,Yabraso
Northern,Tolon District,Yabologu
Northern,Gushiegu,Yabogo
Western,Shama,Yabiw
Ashanti,Atwima Kwanwoma,Yabi
Upper East,Garu District,Yabrago
Ashanti,Bosome Freho,Yaapese
Bono,Jaman North,Yaa Manso
Central,Upper Denkyira East,Wuwuso
Central,Twifo Ati-Morkwa,Wuwuso
Western,Mpohor/Wassa East,Wuwuso
Western,Wassa Amenfi East,Wuwuoso
Volta,North Dayi,Wuve
Volta,Ketu North District,Wuti
Volta,Keta,Wuti
Volta,Akatsi South,Wute
Volta,North Dayi,Wusuta Dzigbe
Central,Twifo Ati-Morkwa,Wusuaba
Oti,Biakoye,Wurupong
Upper East,Kassena Nankana West,Wurunia
Eastern,Ayensuano,Wuruduwurudu
Eastern,Upper West Akim,Wuruduwurudu
Upper West,Sissala East,Wuru
Volta,Akatsi South,Wuropo
Bono,Tain,Wurompon
Ashanti,Adansi South,Wuriyiye
Upper East,Garu District,Warinyanga
Upper East,Garu District,Werichingu
Ashanti,Adansi South,Wuratrim
Central,Assin North,Wuratinkong
Ashanti,Atwima Mponua,Wuramumuso
Central,Assin North,Wurakese
North East,Bunkpurugu Nakpanduri District,Wuragbane
Upper East,Builsa South,Wupiensa
Greater Accra,Ada West,Wuonyi
Ashanti,Bosomtwe,Wunu
North East,West Mamprusi,Wungu
North East,East Mamprusi,Wundua
North East,West Mamprusi,Wulugu
Volta,Akatsi South,Wulite
Northern,Mion,Wuli
Northern,Nanumba South,Wulasi
Volta,Afadzato South,Wuinta
Volta,North Tongu,Wuho
Upper West,Nadowli,Wuchema
Volta,South Dayi,Wudome
Volta,Agotime Ziope,Wudjerike
Volta,Hohoe,Wudidi
Volta,Adaklu,Wudede
Volta,Adaklu,Wubanya
Ashanti,Adansi South,Wumase
Volta,Ketu South District,Wowekofe
Northern,Tamale,Wovogel
Ashanti,Kumasi,Woti
Ashanti,Amansie Central,Roroso Number Two
Ashanti,Unknown,Woramumu
Upper East,Garu District,Warikambo
Oti,Biakoye,Worawora
Ashanti,Sekyere Afram Plains,Woraso
Ashanti,Sekyere Afram Plains,Wono
Central,Twifo Ati-Morkwa,Wonko
Central,Agona West,Woniatu
Western,Tarkwa Nsuaem,Mandahuni
Ashanti,Unknown,Womu
Central,Upper Denkyira West,Wompam
Volta,South Tongu District,Womenyi
North East,Chereponi,Womati
Ashanti,Kumasi,Wamase
Volta,Afadzato South,Woliliga
Greater Accra,Shai Osudoku District,Wokumagbe
Volta,Central Tongu,Wokpoe
Upper East,Kassena Nankana,Wojiengo
Upper West,Daffiama Bussie Issa District,Wogu
Ahafo,Unknown,Woferi
Eastern,Lower Manya Krobo,Woekpe
Volta,Keta,Woe
Volta,Afadzato South,Wodze
Volta,North Dayi,Wodemahe
Central,Asikuma/Odoben/Brakwa,Wochiu
Northern,Kumbumgu,Woba
Ashanti,Unknown,Wiwi
Volta,Akatsi South,Wive
Volta,Ketu South District,Weve
Greater Accra,Ga West,Wiriman
Ashanti,Atwima Nwabiagya,Wioso
Ashanti,Atwima Kwanwoma,Winsa
Central,Effutu,Winneba
Upper East,Talensi-Nabdam,Winkogo
Ashanti,Atwima Kwanwoma,Winisosechikrom
Ashanti,Atwima Kwanwoma,Winiso-Akrampa
Ashanti,Atwima Kwanwoma,Winiso
Upper East,Kassena Nankana,Wingo
Upper East,Talensi-Nabdam,Winduri
Eastern,Upper West Akim,Winang
Upper East,Binduri District,Winaba
Upper West,Sissala West,Wiiro
Upper East,Bawku West,Weari
North East,Mamprugo Moaduri District,Wiema
Greater Accra,Shai Osudoku District,Widokom
Upper East,Bawku West,Widinaba Natinga Kalensi
Central,Komenda/Edina/Eguafo/Abirem,Wibame
Ashanti,Sekyere Central,Wiawso
Ashanti,Ahafo Ano South,Wioso
Ashanti,Asante Akim North,Wiawso
Ashanti,Bekwai,Wiawso
Ashanti,Adansi North,Wioso
Eastern,Birim North,Wiawso
Western North,Sefwi-Wiawso,Sefwi Wiawso
Western,Nzema East,Wiawso
Upper East,Builsa South,Wiasi
Bono East,Sene,Wiasi
Ashanti,Sekyere South,Wiamuasi
Upper East,North Builsa District,Wiaga-Yisobsa
Western,Mpohor/Wassa East,Wiafi
Northern,Kpandai,Wiae
Greater Accra,Accra,Wiaboman
Ashanti,Asante Akim North,Whetiwheti
Western North,Aowin/Suaman,Weyem
Bono,Unknown,Wewa
Bono,Banda,Wewa
Volta,Ho West,Weto
Volta,South Dayi,Weto
Volta,Ketu South District,Wetakofe
Volta,Ketu North District,Weta
Western,Ahanta West,Nzama
Western,Unknown,Western Region
Northern,Saboba,Wesandaw
Northern,Tolon District,Wervi
Bono,Unknown,Werewere
Central,Twifo Ati-Morkwa,Weremaso
Volta,Akatsi South,Wenu
Northern,Kumbumgu,Weni
North East,East Mamprusi,Wenden
North East,Chereponi,Wenchiki
Bono,Wenchi,Wankyi
Ashanti,Offinso Municipal District,Wankyi
Ashanti,Asante Akim South District,Wenchi
Western North,Bibiani/Ahwiaso/Bekwai,Wenkyi
Ashanti,Adansi South,Wenchi
Upper East,Garu District,Wempisi Bugri
Bono East,Kintampo South District,Wella
Greater Accra,Ga South,Weija
Upper East,Bawku West,Wiig
Volta,Hohoe,Wegbe
Volta,South Dayi,Wegbe
Upper West,Wa West,Wechiau
Upper East,Unknown,Wazugu
Volta,Adaklu,Wayanu
Volta,Adaklu,Waya
Northern,Gushiegu,Wawu
Volta,Central Tongu,Wawmya
North East,Chereponi,Wanjaga
Upper East,Talensi-Nabdam,Wawgo
North East,Chereponi,Wawaso
Ashanti,Afigya-Kwabre District,Wawase
Ashanti,Asante Akim North,Wawasi
Ashanti,Bekwai,Wawasi
Ashanti,Obuasi,Wawasi
Eastern,Birim South,Wawasi
Eastern,Ayensuano,Wawasi
Central,Assin North,Wawasi
Central,Twifo Hemang Lower Denkyira,Wawasi
Western,Prestea-Huni Valley,Wawasi
Western,Shama,Wawasi
Ashanti,Asante Akim North,Wawaduhi
North East,Chereponi,Wawabiri
Ashanti,Amansie West,Watreso
Central,Twifo Hemang Lower Denkyira,Watreso
Western,Unknown,Watrem
Western,Wassa Amenfi Central,Watrem
Bono East,Atebubu-Amantin District,Watoro
Volta,Afadzato South,Liati Wote
Volta,Akatsi District,Wasu
Western,Ellembelle,Wasoi
Bono East,Sene East,Waso
Savannah,Bole,Wasipe
Northern,Saboba,Wasendaw
Western,Wassa Amenfi East,Amanokrom
Western,Wassa Amenfi Central,Wasaw-Kumasi
Greater Accra,Ada East,Wasakuse Wayo
Western,Prestea-Huni Valley,Wasadimunu
Western North,Aowin/Suaman,Wasabrampa
Central,Asikuma/Odoben/Brakwa,Wasabiampa
Central,Gomoa West,Wasa
Northern,Tatale-Sangule District,Warlung
Ashanti,Asante Akim North,Waraponso
Western,Prestea-Huni Valley,Warababa
Central,Komenda/Edina/Eguafo/Abirem,Warababa
Northern,Saboba,Wapuli
Western,Mpohor,Wanyasem
Northern,Tolon District,Wantugu
Western,Wassa Amenfi East,Wantram
Eastern,Ayensuano,Wansanbirampa
Eastern,Akuapim South,Wansanbirampa
Eastern,West Akim,Wansanbirampa
Northern,Saboba,Wanpale
Upper East,Kassena Nankana West,Wania
Savannah,East Gonja,Wangasi Turu
North East,East Mamprusi,Wangao
Eastern,Denkyembour,Wanchi
Eastern,Suhum/Kraboa/Coaltar,Wanabenya
Bono,Dormaa East,Wamfie
Northern,Saboba,Wambu
Savannah,Central Gonja,Wambong
Central,Twifo Ati-Morkwa,Wamaso
Ashanti,Adansi South,Wamasi
Bono,Dormaa East,Wamanfo
Ahafo,Asutifi,Wamahiniso
Ashanti,Obuasi,Wamahin
Bono,Unknown,Wam
Upper West,Unknown,Walifuo
Volta,North Dayi,Walibu
North East,West Mamprusi,Walewale
Upper West,Sissala East,Walembele
Northern,Nanumba North,Wald
Northern,Tolon District,Walbogo
Northern,Tolon District,Wala
Savannah,Central Gonja,Wala
Central,Mfatseman,Wakram
Northern,Gushiegu,Wakpon
Volta,Adaklu,Wakbe
Upper West,Daffiama Bussie Issa District,Wahabu
Ashanti,Unknown,Waha
North East,Chereponi,Wogu
Upper East,Garu District,Wad
Savannah,Bole,Wakawaka
North East,Bunkpurugu Nakpanduri District,Wagagu
Northern,Saboba,Waduru
North East,East Mamprusi,Wadure
Western,Ahanta West,Nwuroyekrom
Northern,Saboba,Wadigo
Central,Effutu,Wadabeba
Central,Agona West,Wadababa
Northern,Saboba,Wabuli
North East,East Mamprusi,Wabuguli
Ashanti,Ejisu Juaben,Wabri
North East,Chereponi,Wabiri
Ashanti,Sekyere Afram Plains,Wabin
Northern,Gushiegu,Wabalanum
Savannah,Unknown,Wa
Upper West,Wa,Wa
Volta,North Dayi,Wa
Northern,Nanumba North,Vwusi
Upper East,Kassena Nankana,Vunania
Volta,Central Tongu,Vuti
Volta,Adaklu,Vutadji
Volta,Akatsi South,Vuta
Volta,North Tongu,Vupe
Upper East,Builsa South,Vundum
Volta,Adaklu,Vumenu
Volta,South Dayi,Vume
Volta,Ketu North District,Vume
Volta,Ketu North District,Vukofe
Volta,Agotime Ziope,Vujekpo
Volta,Keta,Vui
Volta,Akatsi South,Vuho
Volta,Adaklu,Vugangome
Volta,Agotime Ziope,Vudjanuko
Volta,Agotime Ziope,Vudasi
Volta,Ketu South District,Wudoabra
Volta,Ketu North District,Vu
Bono East,Kintampo North Municipal District,Vornyeanu
Volta,North Tongu,Vomi
Volta,Ketu North District,Volu
Volta,Unknown,Volta Region
Volta,Unknown,Volta River
Volta,North Tongu,Volo
Greater Accra,Shai Osudoku District,Volivo
Volta,Akatsi South,Vokokofe
Volta,Central Tongu,Vokofe
Upper East,Binduri District,Aloko
Volta,North Tongu,Vojan
Volta,Akatsi District,Vojalogwi
Volta,North Tongu,Vojakpe
Northern,Kumbumgu,Voggo
Volta,Adaklu,Vodje
Volta,Ketu North District,Vitokofe
Northern,Tamale,Vitin
Volta,Central Tongu,Vijurulu
Volta,Akatsi South,Viglukofe
Volta,Ketu South District,Viefegula
Volta,Ketu South District,Viepe
Volta,Ketu North District,Veve
Upper West,Unknown,Velere
Volta,North Tongu,Vesekpo
Northern,Kumbumgu,Verijerro
Upper West,Wa West,Vieri
Volta,Akatsi South,Vemeve
Volta,Keta,Veme
Upper West,Sissala East,Vembeli
Volta,Akatsi South,Vedomi
Upper East,Bongo District,Vea
Upper East,Garu District,Varikago
Northern,Kumbumgu,Vargung
Upper East,Builsa South,Vare
Upper West,Lawra,Vapuo
Upper West,Jirapa,Vapor
Savannah,East Gonja,Vano
Northern,Kumbumgu,Vani
Volta,Ho West,Vane
Upper East,Garu District,Vambara
Upper West,Wa West,Varinpare
Volta,North Dayi,Vakpo
Volta,Akatsi South,Vachive
Upper East,Builsa South,Uwasi
Greater Accra,Shai Osudoku District,Utekoche
Upper West,Unknown,Upper West Region
Western,Unknown,Upper Wasaw Forest Reserve
Greater Accra,Shai Osudoku District,Upper Town
Western,Nzema East,Upper Town
Upper East,Unknown,Upper East Region
Ashanti,Ejura Sekyedumase,Unya
Western,Unknown,Nveye
Volta,Afadzato South,Unke
Volta,Akatsi South,Ungokofe
Volta,Akatsi South,Unblele
Northern,Nanumba North,Umpigo
Upper West,Jirapa,Ulo
Eastern,Asuogyaman,Ukusi
Bono,Unknown,Twiwa
Central,Twifo Hemang Lower Denkyira,Twitwine
Ashanti,Atwima Kwanwoma,Twindurasi
Central,Upper Denkyira West,Maudaso
Bono,Dormaa,Twumkurom
Eastern,Kwahu South,Twindorasi
Central,Twifo Ati-Morkwa,Twifu Praso
Ashanti,Ejisu Juaben,Twiapiasi
Ashanti,Amansie West,Twiapiasi
Ashanti,Bosome Freho,Twiapiasi
Ashanti,Amansie Central,Tweapease
Central,Upper Denkyira East,Twiapiasi
Western,Jomoro,Twengabo
Western,Jomoro,Twenani
Ashanti,Atwima Kwanwoma,Twedee
Upper West,Jirapa,Twadi
North East,East Mamprusi,Tuzia
Northern,Mion,Tuya
Western,Prestea-Huni Valley,Tuwuhufu
Northern,Mion,Tuwua
Eastern,Kwahu South,Tutuojiram
North East,Mamprugo Moaduri District,Tutu
Eastern,Akuapim North,Tutu
Savannah,East Gonja,Turumi
Upper West,Lawra,Tuori
Northern,Gushiegu,Tuosanga
North East,Bunkpurugu Nakpanduri District,Tuobongo
North East,Chereponi,Tuobongo
Bono East,Techiman Municipal District,Tuobodum
Volta,Keta,Tunu
Western North,Aowin/Suaman,Tuntrasi
North East,Chereponi,Tunsuga
Northern,Tolon District,Tunggweli
Northern,Karaga,Tunge
Upper East,Bawku West,Tuni
North East,East Mamprusi,Tundi
North East,East Mamprusi,Tunda
Savannah,Sawla-Tuna-Kalba,Tuna
Upper West,Sissala East,Tumu
Ashanti,Bosome Freho,Tumiabu
Central,Assin South,Tumfukro
Eastern,Atiwa,Tumfa
Western,Nzema East,Tumentu
North East,Chereponi,Tumbo
Ashanti,Offinso Municipal District,Twumase
Savannah,Central Gonja,Tuluwe
Upper East,Talensi-Nabdam,Tula
Western North,Aowin/Suaman,Tukukrom
North East,Chereponi,Tukpandi
Eastern,Lower Manya Krobo,Tuklue
Upper West,Jirapa,Tugu
Northern,Tamale,Tugu
Northern,Karaga,Tugbwini
Central,Twifo Ati-Morkwa,Tufoi
Western,Ahanta West,Tuesi
Upper West,Daffiama Bussie Issa District,Tueri
Upper East,Garu District,Tubongu
Volta,Ketu South District,Tsubrukoe
Volta,Central Tongu,Tuawve
Central,Upper Denkyira East,Tuatam
Bono,Dormaa East,Tuasuano
Volta,South Tongu District,Tuanikofe
Central,Abura/Asebu/Kwamankese,Tuakwa
Ahafo,Asunafo North,Tuakrom
Western,Unknown,Tuaba
Northern,Tamale,Tua
Volta,South Tongu District,Tsrekume
Volta,Ho West,Tsome
Volta,North Dayi,Tsoho
Volta,Ho West,Tsito
Volta,Ho West,Tsiranumu
Oti,Biakoye,Tsirahi
Volta,South Tongu District,Tsinyuito
Volta,Akatsi District,Tsinuti
Volta,North Dayi,Tsikoe
Volta,Ho West,Tsikoe
Ashanti,Adansi South,Tsifufunkwanta
Volta,Ho,Tsife
Volta,Afadzato South,Tsidjeme
Volta,Ho West,Tsibu
Volta,Keta,Tsiame
Western,Secondi Takoradi,Tsiaka Bansu Point
Volta,Ho,Tsetse
Volta,Afadzato South,Tsekumakofe
Volta,Ho,Tsawunu
Volta,South Dayi,Tsate
Volta,Ketu North District,Tsafeve
Bono,Wenchi,Tromeso
Bono,Unknown,Trome
Western North,Juaboso,Trumbepo
Bono,Dormaa,Ntronan
Bono,Unknown,Tromia
Eastern,Yilo Krobo,Trom
Bono East,Atebubu-Amantin District,Trofwi
Upper East,Garu District,Terudiga
Ashanti,Ejisu Juaben,Trobokro
Northern,Karaga,Trindi
Volta,Keta,Tregui
Ashanti,Atwima Kwanwoma,Trede
Ashanti,Atwima Kwanwoma,Taabuom
Western,Mpohor,Trebuom
Volta,Ho West,Tre
Greater Accra,Shai Osudoku District,Trayunya
Eastern,Upper Manya Krobo,Trawa
Eastern,Yilo Krobo,Trawa
Eastern,Lower Manya Krobo,Trawa
Greater Accra,Shai Osudoku District,Trakunkope
Eastern,Birim Central,Trababi
Volta,South Tongu District,Tozikpota
Savannah,North Gonja,Toyiri
Volta,Ho West,Toyi
Upper West,Daffiama Bussie Issa District,Toyanperi
Western,Unknown,To Yo
Upper East,Bongo District,Towongo
Volta,Ketu North District,Tovi
Volta,South Dayi,Toveme
Volta,North Dayi,Tove
Volta,Ketu North District,Tove
Volta,Akatsi South,Tove
Western,Unknown,Totua Shelterbelt Forest Reserve
Western,Unknown,Tutua
Volta,South Tongu District,Totsyoanyi
Ashanti,Ahafo Ano South,Totroasi
Volta,Ho,Totoyi
Greater Accra,Ada East,Totope
Western,Prestea-Huni Valley,Totobe
Greater Accra,Ada East,Totimekope
Volta,Akatsi South,Totama
Volta,Afadzato South,Tota
Volta,North Dayi,Tota
Volta,Central Tongu,Tosukofe
Eastern,Asuogyaman,Tosan
North East,Chereponi,Tosale
Upper West,Wa East,Tosa
Savannah,East Gonja,Tori
Central,Awutu Senya,Topiasi
Volta,North Tongu,Topi
Upper West,Nandom,Tuopare
Upper West,Jirapa,Tuopari
Volta,Central Tongu,Tonyikofe
Volta,Kpando,Tonu
Volta,Ketu North District,Tonu
Western,Unknown,Tonton Forest Reserve
Western,Unknown,Tonton
Ashanti,Amansie West,Tontokurom
Northern,Mion,Tononoli
Volta,South Dayi,Tonkor-Kaira
North East,West Mamprusi,Tonguri
Volta,Ho West,Tongulo
Upper East,Talensi-Nabdam,Tongo
Northern,Karaga,Tong
Northern,Nanumba North,Tong
Upper East,Kassena Nankana,Tondongo
Savannah,Central Gonja,Tonayiri
Eastern,Kwahu Afram Plains South,Tompori
Greater Accra,Ada East,Tomivawkope
Western,Ahanta West,Tumentu
Western,Wassa Amenfi West,Tomento
Upper West,Nandom,Tome
Volta,Ho West,Tombave
Volta,North Dayi,Tomatso
Western,Wassa Amenfi West,Tolungbwang
Savannah,Central Gonja,Tolundipe
Northern,Tolon District,Tolon
Northern,Kumbumgu,Tollugu
Upper West,Lawra,Tolibri
Volta,South Tongu District,Tolesem
Volta,South Tongu District,Tokwe
Upper East,Garu District,Tokwari
Greater Accra,Ga South,Tokusemitsigani
Western,Tarkwa Nsuaem,Tokunanso
Central,Assin South,Tokukrom
Volta,Ketu North District,Tokpo
Volta,North Tongu,Tokpo
Volta,Afadzato South,Tokplolo
Volta,Kpando,Tokplale
Volta,North Dayi,Tokpeta
Western North,Aowin/Suaman,Tokosea
Volta,North Dayi,Tokome
Volta,Ho,Tokokoe
Volta,Ketu North District,Tokofe
Volta,Ketu South District,Tokor
Volta,South Tongu District,Toklokpo
Volta,Ho,Tokaw
Volta,Akatsi South,Tokanu
Central,Twifo Ati-Morkwa,Tojumda
North East,Bunkpurugu Nakpanduri District,Tojin
Volta,North Tongu,Toji
North East,Chereponi,Tojenda
Greater Accra,Ada East,Toje
Volta,South Tongu District,Tohuya
Eastern,Lower Manya Krobo,Tohunya
Eastern,Lower Manya Krobo,Togome
Volta,Central Tongu,Togodo
Greater Accra,Ada East,Togbloku
North East,Bunkpurugu Nakpanduri District,Togbini
Volta,Ketu North District,Togbeve
Greater Accra,Ada West,Togakope
Greater Accra,Ada West,Toflokpo
Volta,North Tongu,Tofledukofe
Northern,Nanumba North,Toenajile
Volta,Hohoe,Todzi
Volta,Ho West,Todze
Volta,North Dayi,Todome
Volta,Ho West,Todome
Volta,North Dayi,Todji
Volta,Adaklu,Toda
Upper East,Garu District,Tobongu
Central,Asikuma/Odoben/Brakwa,Toboasi
Central,Gomoa East,Toboasi
Western,Jomoro,Edobo
Northern,Tatale-Sangule District,Tobale
Ashanti,Atwima Nwabiagya,Toasi
Central,Effutu,Toansa
Ashanti,Adansi South,Toankonse
Volta,Ho West,Toabem
Volta,South Dayi,To
Northern,Nanumba South,Tjole
Upper West,Jirapa,Tizza
Ashanti,Adansi North,Tebaabi Plantation
Bono,Berekum,Tiwobabi
North East,West Mamprusi,Tiugbini
Ashanti,Bosomtwe,Tetrefu
Volta,North Tongu,Titikofe
Volta,South Tongu District,Titekpo
Ashanti,Unknown,Tita
Ashanti,Amansie Central,Tita
North East,West Mamprusi,Tisungo
Northern,Kumbumgu,Tirrung
Northern,Gushiegu,Tirno
Upper East,Binduri District,Tirago
Greater Accra,Ga West,Tipai
Northern,Gushiegu,Tinyowil
Northern,Mion,Tintungu
Western,Mpohor/Wassa East,Tintinso
Western,Mpohor/Wassa East,Tintimshe
Western,Prestea-Huni Valley,Tintim
North East,Bunkpurugu Nakpanduri District,Tintilugu
Ashanti,Unknown,Tinte Bepo West Extension Forest Reserve
Ashanti,Ahafo Ano South,Tinte Bepo
Bono East,Atebubu-Amantin District,Tintari
North East,East Mamprusi,Tintaraga
Western,Prestea-Huni Valley,Tinkwakrom
Eastern,Suhum/Kraboa/Coaltar,Tinkum
Ashanti,Amansie Central,Tinkorang
Eastern,Akuapim North,Tinkong
North East,West Mamprusi,Tingkaya
Savannah,Bole,Tinga
Upper East,Bolgatanga Municipal District,Tindonsablugu
Upper East,Nabdam,Tindongo
Northern,Gushiegu,Tindongo
Northern,Karaga,Tindayili
Northern,Kumbumgu,Tindayili
Northern,Mion,Tindayili
Northern,Tolon District,Tindanyili
Northern,Yendi,Tindan
Upper East,Binduri District,Tinawgo
Western North,Aowin/Suaman,Tinakum
Upper West,Wa East,Tinniabele
North East,East Mamprusi,Timpeia
Upper East,Bawku West,Timoni
Ashanti,Ejisu Juaben,Timiabu
Bono East,Nkoranza North District,Timeibu
Northern,Kumbumgu,Timbungu
Upper West,Sissala West,Timbie
Ashanti,Sekyere Afram Plains,Timanti
North East,Chereponi,Timanga
Upper East,Bawku West,Tili Natinga
Northern,Tolon District,Tila
Ashanti,Ejisu Juaben,Tikurom
Western North,Aowin/Suaman,Tikorikrom
Western,Jomoro,Tikobo Two
Western,Jomoro,Tikobo Number One
Bono East,Kintampo North Municipal District,Tiklakuma
Northern,Mion,Tijo
Western,Wassa Amenfi East,Tihinti
Central,Assin South,Tihinti
Western,Wassa Amenfi West,Tihiniti
Northern,Gushiegu,Tigbongo
Northern,Tolon District,Tienayili
Upper East,Bawku West,Tiego
Northern,Karaga,Tidon
North East,East Mamprusi,Tichirigitaba
Northern,Tamale,Ticheli
Northern,Saboba,Tichecha
Upper West,Jirapa,Tigboro
Northern,Tolon District,Tibornayiri
North East,East Mamprusi,Tiboriguom
Northern,Tolon District,Tibogona
Northern,Tolon District,Tiboggo
North East,East Mamprusi,Tibagale
Ashanti,Offinso North,Tiason Beppo
Ashanti,Obuasi,Tiasi
North East,East Mamprusi,Tianoba
North East,Chereponi,Chiakasi
North East,West Mamprusi,Tia
Western,Ahanta West,Cape Three Points
Central,Twifo Ati-Morkwa,Thomaskurom
Ashanti,Afigya-Kwabre District,Tetrim
Ashanti,Amansie Central,Tetrifu
Ashanti,Amansie West,Tetrem
Ashanti,Asante Akim North,Tetoabo
Central,Abura/Asebu/Kwamankese,Tetikasum
Volta,Ho West,Teti
Greater Accra,Shai Osudoku District,Teti
Central,Abura/Asebu/Kwamankese,Teti
Greater Accra,Shai Osudoku District,Tetewayo
Eastern,Ayensuano,Tetenkrukrom
North East,Bunkpurugu Nakpanduri District,Teten
Oti,Jasikan,Teteman
Eastern,Ayensuano,Tetekrowa
Volta,Ketu South District,Tetekope
Volta,Keta,Tetekofe
Eastern,Suhum/Kraboa/Coaltar,Tetekasum
Ashanti,Amansie West,Tetekaso
Greater Accra,Ga South,Tetegbu
Greater Accra,Shai Osudoku District,Tetedwa
Eastern,East Akim,Tete
Upper East,Binduri District,Tetauko
Northern,Karaga,Tesungu
Upper East,Garu District,Tesunga
North East,East Mamprusi,Tesunga
Upper East,Bawku West,Teshi Natinga
Greater Accra,Ledzekuku-Krowor,Teshi Old Town
Savannah,Bole,Gyeselima
Greater Accra,Accra,Tesano
Greater Accra,Ledzekuku-Krowor,Tesa
Northern,Savelugu Municipal District,Tarikpa
Western,Nzema East,Terceira Point
Volta,Ho West,Terafomi
Volta,Adaklu,Terafome
Volta,Central Tongu,Terafome
Oti,Biakoye,Tepo
Ashanti,Ahafo Ano North,Tepa
Upper East,Talensi-Nabdam,Tenzugu
North East,Bunkpurugu Nakpanduri District,Tenzia
Northern,Karaga,Tenyeli
North East,West Mamprusi,Tenkpanga
Bono,Unknown,Tengbe
Volta,Central Tongu,Tenfaw
Eastern,Akuapim North,Tendurasi
Western,Mpohor/Wassa East,Tendruasi
Northern,Zabzugu District,Tendan
Greater Accra,Ga South,Tenbibian
North East,East Mamprusi,Tempela
North East,Chereponi,Tempango
Upper East,Garu District,Tempane Natinga
North East,Bunkpurugu Nakpanduri District,Tempane
Eastern,Birim North,Temoni
Bono East,Kintampo South District,Temebabi
North East,Chereponi,Tembuon
Greater Accra,Unknown,Tema Harbour
North East,Bunkpurugu Nakpanduri District,Tema
Greater Accra,Tema Metropolitan District,Tema
Upper East,Kassena Nankana,Telenia
Volta,Akatsi South,Telemale
Volta,North Tongu,Telafomi
Greater Accra,Shai Osudoku District,Tekpanya
Western,Ellembelle,Teleku Bokazo
Bono,Jaman South,Tekese
Northern,Gushiegu,Tejenga
Central,Upper Denkyira East,Tejamawso
Greater Accra,Ga East,Teiman
Eastern,Akuapim South,Teiko
Central,Assin South,Tehinite
Volta,North Tongu,Tehe
Northern,Karaga,Tegin
Volta,Keta,Tegbi
Volta,Ketu North District,Tegbetime
Volta,South Tongu District,Tefle
Upper East,North Builsa District,Tiedema
Greater Accra,Shai Osudoku District,Techuchi
Ahafo,Tano North,Teekyere
Western,Jomoro,Tekyinta
Ahafo,Tano South,Techimantia
Eastern,Ayensuano,Techimanti
Ashanti,Atwima Kwanwoma,Takyiman Mmerewagya
Bono East,Techiman North District,Techiman
Ashanti,Kumasi,Takyiman
Central,Gomoa West,Techiman
Central,Ajumako/Enyan/Essiam,Techiman
Central,Ekumfi,Techiman
Central,Twifo Ati-Morkwa,Techikrom
Western North,Aowin/Suaman,Techikrom
North East,Chereponi,Techegu
Greater Accra,Ga South,Tebu
Ashanti,Asante Akim South District,Tebruku
Western,Tarkwa Nsuaem,Tebrebe Kakraba
Western,Tarkwa Nsuaem,Tebrebe
Ashanti,Sekyere Afram Plains,Tebibepo
Central,Assin South,Tebi
Ashanti,Bosome Freho,Tebeso Number 1
Ashanti,Bosome Freho,Tebeso
Central,Assin North,Tetekurom
Upper East,Kassena Nankana,Taziga
Oti,Biakoye,Tayi
Western,Unknown,Tawya
Volta,South Tongu District,Tawvi
Eastern,Asuogyaman,Tawtibo
Upper West,Wa West,Tawinchela
Central,Twifo Ati-Morkwa,Tawiakrom
Central,Agona East,Tawiakrom
Volta,Central Tongu,Tawgankofe
Greater Accra,Shai Osudoku District,Tawdum
Volta,North Tongu,Taton
Western North,Aowin/Suaman,Tatia
Upper West,Sissala East,Tasaw
Upper East,Bongo District,Tarongo
Northern,Nanumba North,Tarnamo
Ashanti,Kumasi,Tarkwa
Western,Tarkwa Nsuaem,Tarkwa
Upper East,Garu District,Kamsori Tarivago
Bono East,Techiman North District,Tadeeso
Savannah,Sawla-Tuna-Kalba,Tare
Ashanti,Sekyere Afram Plains,Taratara
Savannah,East Gonja,Tarapa
Eastern,Akuapim South,Tarankoro
Upper East,Garu District,Taraganga
Upper West,Nadowli,Takpo
Central,Assin North,Tapiri
Eastern,Denkyembour,Tapiramang
Northern,Yendi,Tapia
Central,Assin North,Tapere
Upper West,Sissala East,Tapania
Oti,Biakoye,Tapa Amanya
Oti,Biakoye,Tapa Abotoase
Eastern,Upper West Akim,Taobosoro
Western,Wassa Amenfi West,Tanyima
Upper West,Sissala East,Tanvele
Upper West,Nandom,Tantuo
Central,Ekumfi,Tantum
Western,Ellembelle,Tandan
Western,Ellembelle,Tantan
Central,Ekumfi,Tantamkweri Point
North East,Mamprugo Moaduri District,Tantali
Upper East,Binduri District,Tansiya
Western North,Unknown,Tano Suraw Forest Reserve
Western North,Unknown,Tano Suhien Forest Reserve
Bono East,Techiman North District,Tanoso
Ahafo,Tano North,Tanoso
Ashanti,Kumasi,Tanoso
Western North,Bibiani/Ahwiaso/Bekwai,Tanoso
Western,Jomoro,Tanoso
Ashanti,Unknown,Tano-Ofin Forest Reserve
Western North,Unknown,Tano Nimiri Forest Reserve
Ashanti,Atwima Mponua,Tanokrom
Western North,Aowin/Suaman,Tanokrom
Ashanti,Atwima Mponua,Tanodumase
Western North,Unknown,Tano Anwia Forest Reserve
Upper West,Sissala East,Tanla
Savannah,Bole,Tankpe
Upper East,Nabdam,Sekoti Topene
Northern,Zabzugu District,Tankpa
Upper East,Bongo District,Tankongaw
Bono,Banda,Tankomia
Bono East,Nkoranza North District,Tankaw
North East,Chereponi,Tanja
Upper West,Wa East,Naha
Upper West,Wa West,Tanina
Savannah,East Gonja,Tangni
Northern,Kumbumgu,Tanginga
North East,East Mamprusi,Tangbini
Upper West,Nadowli,Tangasia
Upper West,Lambussie Karni,Tangasi
Upper East,Bawku West,Tanga Natinga
Upper East,Kassena Nankana,Tangabisi
Northern,Karaga,Tanga
Bono East,Nkoranza North District,Tanfiano
Bono East,Nkoranza North District,Tanfiano Number One
North East,Mamprugo Moaduri District,Tandu
Western,Nzema East,Tandokwere
North East,Bunkpurugu Nakpanduri District,Tandiugu
Upper East,Builsa South,Tandem
Upper West,Lawra,Tanchara
Ashanti,Atwima Nwabiagya,Tanansi
Bono,Sunyani West,Tanom
Western,Tarkwa Nsuaem,Tamso
North East,West Mamprusi,Tampulingu
Upper West,Jirapa,Tampoe
Upper East,Kassena Nankana,Tampola
Upper East,Bawku Municipal District,Tampizua
Upper East,Bawku West,Tampisaliga
Northern,Savelugu Municipal District,Tampiong
Upper East,Binduri District,Tampigogo
Upper West,Wa,Tampala
North East,Bunkpurugu Nakpanduri District,Tamoklugu
North East,Bunkpurugu Nakpanduri District,Tamoaye
Upper East,Unknown,Tamne
Volta,South Tongu District,Tamlago
Greater Accra,Ada East,Tamino
Ashanti,Asante Akim North,Tamiema
Volta,Ketu North District,Tamekofe
North East,Bunkpurugu Nakpanduri District,Tambona
North East,East Mamprusi,Tamboko
North East,Bunkpurugu Nakpanduri District,Tambinu
North East,Bunkpurugu Nakpanduri District,Tambinga
Bono,Unknown,Tamberi
Upper East,Garu District,Tambalugu
Upper East,Bawku Municipal District,Tambaligu
Upper East,Garu District,Natinga Tambalugu
Greater Accra,Ada East,Tamatuku
Northern,Karaga,Tamani
Northern,Karaga,Tamalugu
Northern,Tamale,Tamale
Western North,Aowin/Suaman,Tamale
Northern,Karaga,Tamalago
North East,Bunkpurugu Nakpanduri District,Tamakurugu
Volta,Ketu South District,Tamaklokofe
Volta,Ketu South District,Tama
Northern,Gushiegu,Talole
Northern,Savelugu Municipal District,Talole
Upper West,Sissala East,Taliasi
Northern,Tolon District,Tale
Northern,Nanumba North,Tale
Upper East,Pusiga,Terago
Eastern,Kwaebibirem,Takyiman
Northern,Tolon District,Takworoyili
Savannah,East Gonja,Takwili
Ashanti,Offinso North,Tano-Kwayem
Eastern,Kwahu South,Takwa
Eastern,Akyemansa,Takwa
Central,Gomoa West,Takwa
Volta,Agotime Ziope,Takuvi
Eastern,Yilo Krobo,Takunya
Volta,Akatsi District,Takukofe
North East,West Mamprusi,Takuka
Eastern,Denkyembour,Takrowasi
Central,Assin North,Takrowasi
Oti,Biakoye,Takrabe
Greater Accra,Shai Osudoku District,Takpe
Upper East,Garu District,Takpasi
Volta,North Tongu,Takpakofe
North East,West Mamprusi,Takorayiri
Eastern,Upper Manya Krobo,Takorasi
Ashanti,Amansie West,Takorasi
Western,Secondi Takoradi,Takoradi Point
Western,Secondi Takoradi,Takoradi
Bono East,Techiman North District,Takofiano
Volta,Ho,Takla
Northern,Karaga,Takalugu
Volta,Akatsi South,Taivime
Bono,Unknown,Tain Two Forest Reserve
Bono,Unknown,Tain Tributaries Forest Reserve
Bono,Tain,Tasino
Bono,Jaman North,Tainano Number Two
Bono,Jaman South,Taino Number One
Bono,Tain,Tainso
Central,Mfatseman,Taidu
Ashanti,Sekyere Afram Plains,Tahunto
Bono East,Atebubu-Amantin District,Tahima
Central,Abura/Asebu/Kwamankese,Tahido
Northern,Sagnerigu,Taha
Volta,Ketu South District,Tagbakofe
Volta,North Tongu,Tagaje
Volta,North Tongu,Taga
Central,Twifo Hemang Lower Denkyira,Tafrojoa
Ashanti,Kumasi,Tafo
Eastern,East Akim,Tafo
Volta,Afadzato South,Tafi Atome
North East,Chereponi,Tafaigaw
Volta,Ketu North District,Tadzewu
Eastern,Fanteakwa,Tadieso
Central,Upper Denkyira East,Tadanko
Ashanti,Adansi South,Tachikrom
Western North,Aowin/Suaman,Tachikrom
Central,Gomoa East,Tachemang
Central,Gomoa East,Tachem
North East,Chereponi,Tachegu
Ashanti,Sekyere South,Tabre
Ashanti,Amansie Central,Atabrakoso
Central,Abura/Asebu/Kwamankese,Tabosum
Eastern,Birim Central,Tabita
Ashanti,Atwima Nwabiagya,Tabiri
Upper West,Wa,Tabiase
Upper West,Daffiama Bussie Issa District,Tabeasi
Upper West,Nadowli,Tibanu
Ashanti,Afigya-Kwabre District,Swedru
Ashanti,Adansi South,Swedru
Central,Agona West,Swedru
Western,Prestea-Huni Valley,Swedru
Central,Ekumfi,Swedru
Western,Ahanta West,Swanzy Point
Upper West,Jirapa,Sawali
Eastern,Ayensuano,Suwurum
Eastern,Kwahu East,Suwuro
Western,Unknown,Suwini
Western,Wassa Amenfi East,Sutriaboi
Ashanti,Sekyere Afram Plains,Sutri
Western North,Aowin/Suaman,Sutrasi
Western,Wassa Amenfi Central,Suterasi
Ashanti,Unknown,Sute
Eastern,Upper Manya Krobo,Sutapong
Eastern,Yilo Krobo,Sutapong
Ashanti,Unknown,Sutai
Western,Tarkwa Nsuaem,Susumienu
Western,Prestea-Huni Valley,Susuma
Upper East,Garu District,Susudi
Ahafo,Tano North,Susuanso
Western,Unknown,Susan
Ahafo,Tano North,Susanho
Ahafo,Unknown,Susan
Northern,Kpandai,Suruku
Ashanti,Sekyere Afram Plains,Surukrom
Northern,Gushiegu,Surugu
Bono,Unknown,Suromuro
Western,Unknown,Suraw
Eastern,Birim South,Surasi
Western North,Sefwi-Wiawso,Sorono
Western North,Bibiani/Ahwiaso/Bekwai,Surano
Savannah,West Gonja,Supuni
Ashanti,Unknown,Supuma Shelterbelt Forest Reserve
Central,Ekumfi,Suprudu
Eastern,Birim Central,Suponso
Central,Asikuma/Odoben/Brakwa,Suponso
Ashanti,Unknown,Supon
Central,Unknown,Supong
Ashanti,Adansi South,Supong
Ashanti,Asante Akim South District,Supong
Bono,Unknown,Supira
Western,Wassa Amenfi Central,Supangso
Ashanti,Unknown,Supan
Ashanti,Unknown,Supang
North East,Bunkpurugu Nakpanduri District,Suoko
Western,Wassa Amenfi West,Sunyinasi
Bono,Sunyani,Sunyani
Western,Unknown,Sunwini
Western,Prestea-Huni Valley,Sunwinaboi
Ashanti,Amansie West,Suntreso
Western,Wassa Amenfi West,Suntiri
Northern,Yendi,Sunson
Greater Accra,Ada East,Sunkwenya
Eastern,Birim South,Sunkwa
Central,Ajumako/Enyan/Essiam,Sunkwa
Upper East,Pusiga,Sunkuom
Eastern,Akuapim North,Sunkramanya
North East,Chereponi,Sunkpungu
Western,Unknown,Sweni
Western,Wassa Amenfi Central,Sundarasi
Western,Prestea-Huni Valley,Sumaso
Eastern,Kwahu Afram Plains South,Sumsei
North East,East Mamprusi,Sumnaboma
Ashanti,Sekyere Afram Plains,Sumiso
Eastern,Kwahu East,Sumenakese
Western,Prestea-Huni Valley,Sumangho
Western,Tarkwa Nsuaem,Sumahu
Upper East,Garu District,Sumadure
Western,Unknown,Sule
Ashanti,Atwima Nwabiagya,Sokwae
Western,Nzema East,Sukusuku
Eastern,Upper West Akim,Sukunu
Ashanti,Unknown,Soko
Ashanti,Afigya-Kwabre District,Soko
Western,Unknown,Sui River Forest Reserve
Volta,Akatsi South,Suipe
Volta,Keta,Suife
Western,Unknown,Sui
Western,Unknown,Suhuma Forest Reserve
Western,Wassa Amenfi West,Suhuma
Ashanti,Asante Akim South District,Suhum
Eastern,Suhum/Kraboa/Coaltar,Suhum
Ashanti,Amansie Central,Suhyenso
Central,Twifo Ati-Morkwa,Suhienso
Western,Mpohor/Wassa East,Suhienso
Western North,Unknown,Suhien
Western,Unknown,Suhien
Bono,Dormaa,Nsuhia
Eastern,New Juaben,Suhien
Northern,Karaga,Suguri
Upper West,Lambussie Karni,Suggo
Greater Accra,Shai Osudoku District,Sugbaniate
Upper West,Sissala East,Sudelijan
Ashanti,Amansie Central,Sudantewa
Eastern,Upper Manya Krobo,Suchum
Eastern,Ayensuano,Sucherema
Eastern,Upper West Akim,Sucherema
Central,Assin North,Subunukrom
Western,Unknown,Subiri
Western,Wassa Amenfi West,Subritifikrom
Western,Wassa Amenfi Central,Subritifibopo
Ahafo,Tano South,Subenso
Ashanti,Adansi South,Subriso
Central,Assin North,Subriso
Central,Twifo Ati-Morkwa,Subriso
Western,Mpohor/Wassa East,Subriso
Western,Wassa Amenfi Central,Subriso
Western,Nzema East,Subriso
Western,Tarkwa Nsuaem,Subriso
Western,Wassa Amenfi West,Subriso
Western North,Aowin/Suaman,Subiriso
Western,Wassa Amenfi East,Subriso
Western,Unknown,Subri River Forest Reserve
Ahafo,Unknown,Subri
Western,Unknown,Subri
Central,Unknown,Subri
Western,Unknown,Sabri
Western,Unknown,Suburi
Western,Mpohor/Wassa East,Subri
Western,Nzema East,Subri
Ashanti,Ahafo Ano South,Sabronomu
Eastern,Birim South,Subiriso
Eastern,Birim South,Subirim
Western North,Bibiani/Ahwiaso/Bekwai,Subri
Bono,Wenchi,Subinso
Ashanti,Amansie Central,Subinso
Eastern,Denkyembour,Subinso
Ashanti,Adansi South,Subinso
Ashanti,Unknown,Subinkuma
Ashanti,Unknown,Subin Kawkaw
Bono East,Techiman Municipal District,Subenagya
Western,Wassa Amenfi Central,Subiniso
Central,Upper Denkyira West,Subin
Bono,Unknown,Subin
Ahafo,Unknown,Subin
Ashanti,Unknown,Subin
Central,Unknown,Subin
Central,Assin North,Subin
Bono East,Techiman Municipal District,Subin
Ashanti,Amansie Central,Subinma
Ashanti,Unknown,Subia
Ashanti,Adansi North,Subi
Eastern,Kwaebibirem,Subi
Bono,Sunyani West,Suatre Amanfoso
Bono,Unknown,Suatre
North East,East Mamprusi,Suasogbe
Savannah,East Gonja,Suasie
Upper East,North Builsa District,Suarensa
Central,Ekumfi,Suani
Ashanti,Kumasi,Suame
Ahafo,Asutifi,Suafe
Bono,Dormaa,Sromani
Volta,Keta,Srogboe
Volta,Afadzato South,Sroe
Western,Jomoro,Sringabo
Ashanti,Atwima Mponua,Sribuoso
Western,Unknown,Sra
Ashanti,Offinso North,Sraniso
Ahafo,Tano South,Sraneano
Ahafo,Unknown,Srani
Ashanti,Adansi South,Sraha
Western,Prestea-Huni Valley,Sraha
Eastern,Yilo Krobo,Sra
North East,Bunkpurugu Nakpanduri District,Soyegu
Central,Assin North,Sowudadiem
Volta,Ketu North District,Sovi
Greater Accra,Ga West,Chantan
Volta,South Tongu District,Sota
Western,Wassa Amenfi West,Soroso
Bono East,Kintampo North Municipal District,Soronuasi
Central,Cape Coast,Sorofu
Western,Unknown,Soro
Ashanti,Adansi South,Soro
Northern,Kumbumgu,Sorlugu
Upper East,Bongo District,Sore
Upper East,Bolgatanga Municipal District,Sore
Upper West,Sissala West,Sorbele
Bono East,Kintampo South District,Sora
Volta,North Tongu,Sopoliyi
Savannah,East Gonja,Sopirtso
Savannah,Sawla-Tuna-Kalba,Soma
Savannah,Sawla-Tuna-Kalba,Sanjeri
Volta,Ketu South District,Sonume
Volta,Adaklu,Sonukpo
Volta,South Tongu District,Sonukpo
Volta,North Tongu,Sonukofe
Eastern,Akuapim North,Sonkonya
Greater Accra,Ada West,Songonya
Upper East,Unknown,Songo Mountains
Volta,Keta,Songbe
Northern,Tolon District,Song
Volta,South Tongu District,Sondo
Greater Accra,Shai Osudoku District,Somewayo
Volta,Central Tongu,Somekbe
Greater Accra,Shai Osudoku District,Some
Upper West,Sissala East,Somboro
Upper West,Wa East,Sombisi
Eastern,Yilo Krobo,Somanya
Volta,North Tongu,Somanukofe
Upper East,Garu District,Zomandego
Upper West,Unknown,Solonyho
Northern,Gushiegu,Solochojachale
Volta,Ketu North District,Sokukofe
Volta,South Tongu District,Sokpoe
Northern,Yendi,Sokoli
Volta,Ho,Sokode Etoe
Ashanti,Kumasi,Sakoban
Ashanti,Amansie Central,Soko
Volta,Ho West,Soklem
Volta,Keta,Sokladzi
Western,Wassa Amenfi Central,Sekana
Upper East,Bolgatanga Municipal District,Sokabisi
Volta,Ketu South District,Srohume
Greater Accra,Shai Osudoku District,Sohapa
Upper West,Wa East,Sogola
Upper East,Pusiga,Sugudi
Upper East,Binduri District,Sogodi
Northern,Savelugu Municipal District,Sogo
Volta,South Tongu District,Sogakofe
Volta,North Tongu,Soga
Volta,Adaklu,Sofa
Volta,Keta,Sodzi
Ashanti,Adansi North,Sodua
Ashanti,Adansi North,Sodadiem
Ashanti,Adansi South,Sodadie
Northern,Nanumba South,Soburi
Upper East,Bongo District,Soboko
Upper West,Jirapa,Sobaryiri
North East,West Mamprusi,Soba
Upper West,Lambussie Karni,Soaw
Upper East,Garu District,Soandi
Eastern,Denkyembour,Soabe
North East,Mamprugo Moaduri District,So
Volta,Afadzato South,Sitoe
Western,Mpohor/Wassa East,Siti
Eastern,West Akim,Site
Upper East,Bawku West,Setani
Bono East,Kintampo South District,Siso
Savannah,East Gonja,Sisipe
Central,Assin North,Sisikro
Ashanti,Atwima Mponua,Sisiko
Ashanti,Amansie Central,Sisiasi
Ashanti,Amansie Central,Sisi
Bono,Unknown,Sise
Greater Accra,Ada West,Sisakope
Ashanti,Unknown,Sisa
Bono,Banda,Sirubo
Savannah,East Gonja,Siriminchu
Ashanti,Sekyere Central,Siribudang
Ashanti,Atwima Mponua,Sereso
Ashanti,Atwima Mponua,Kwame Dwuma Sreso
Western North,Aowin/Suaman,Sireso
Western,Wassa Amenfi West,Sireja
Ashanti,Unknown,Sire
Upper West,Wa West,Sira
Western,Mpohor/Wassa East,Sipakrom
Upper East,North Builsa District,Sinyensi
Upper East,North Builsa District,Sinyansa
Western,Nzema East,Sinteri
Upper East,Kassena Nankana West,Sinisaw
Upper East,Garu District,Sinebaga
North East,West Mamprusi,Singbini
Northern,Kumbumgu,Singa
Upper West,Wa,Sing
Central,Ajumako/Enyan/Essiam,Sinchem
Western,Ahanta West,Seremowu
Western,Wassa Amenfi West,Simtimi
Western,Wassa Amenfi West,Simpri
Eastern,Birim North,Simpa
Western,Tarkwa Nsuaem,Simpa
Northern,Karaga,Simoli
Central,Komenda/Edina/Eguafo/Abirem,Simeu
Central,Gomoa West,Simbrofo
Northern,Unknown,Sillum
Upper East,Garu District,Silugtego
Greater Accra,Tema Metropolitan District,Silehu
Upper West,Unknown,Sila
Central,Asikuma/Odoben/Brakwa,Sikayena
Western,Wassa Amenfi Central,Sikanyasam
Eastern,Asuogyaman,Sikawkaw
Western North,Aowin/Suaman,Sikaso
Volta,Adaklu,Sikame
Ashanti,Adansi South,Sikaman
Western,Nzema East,Sikamang
Eastern,Upper Manya Krobo,Sikaman
Central,Twifo Hemang Lower Denkyira,Sikaman
Greater Accra,Shai Osudoku District,Sikakume
Ashanti,Ahafo Ano North,Sikafrebogya
Western,Jomoro,Sikabile
Eastern,Yilo Krobo,Sikaben
Bono East,Nkoranza North District,Sikaa
Upper West,Nadowli,Sihoti
Savannah,Bole,Sihiri
Upper West,Nadowli,Sihiduori
North East,East Mamprusi,Sihene
Upper East,Garu District,Siiguri
Upper East,Garu District,Sigure
Northern,Sagnerigu,Sigameri
Ashanti,Adansi South,Sienchiem
Central,Assin North,Sienchiem
Ahafo,Asutifi South,Sienkyem
Western,Mpohor/Wassa East,Essienkyem
Ashanti,Atwima Mponua,Siana
Ashanti,Adansi South,Siena
Central,Assin South,Sibinsu
Ashanti,Adansi North,Sibinso
Upper West,Sissala West,Silibele
Western,Tarkwa Nsuaem,Sibebi
Northern,Tolon District,Sibbogurugu
Ashanti,Adansi South,Siana
Central,Assin South,Siaka
Eastern,Asuogyaman,Siabuda
Western,Unknown,Shwere
Northern,Karaga,Shogo
Northern,Karaga,Shiung
Upper East,Garu District,Shishe
Ashanti,Amansie Central,Shirebi
Northern,Kumbumgu,Shintirro
Northern,Nanumba North,Shindili
Upper East,Talensi-Nabdam,Shiga
Northern,Tatale-Sangule District,Shieni
North East,East Mamprusi,Shienga
Upper East,Bawku West,Shiega
Upper East,Talensi-Nabdam,Shiega
Greater Accra,Ga South,Shiayena
Oti,Nkwanta South,Shiare
Volta,Ho,Shia
Western North,Sefwi-Wiawso,Sui
Upper East,Kassena Nankana,Sherigu
Upper East,Bolgatanga Municipal District,Sherigu
North East,Chereponi,Sherabu
Western,Tarkwa Nsuaem,Shedua
Western,Shama,Shama Junction
Western,Shama,Shama
Volta,Akatsi District,Shagbovi
Volta,Akatsi District,Seyi
Western North,Aowin/Suaman,Siwum Mines
Western North,Aowin/Suaman,Sewum
Ashanti,Atwima Nwabiagya,Sewua
Ashanti,Ejura Sekyedumase,Seweudru
Volta,Agotime Ziope,Sevo
Volta,Akatsi District,Seva
Volta,Keta,Seva
Ashanti,Ejisu Juaben,Setu
Northern,Gushiegu,Setanga
Eastern,Upper Manya Krobo,Sesiamang
Greater Accra,Ga East,Sesemi
Central,Assin South,Sesekraw
Western,Ahanta West,Sese
Savannah,Bole,Seripe
Northern,Gushiegu,Seribonde
Upper West,Nadowli,Sariperi
Volta,Central Tongu,Serakpe
Ashanti,Atwima Nwabiagya,Sepaase
Western,Ahanta West,Seo
Savannah,Bole,Senyon
Central,Gomoa East,Senya Beraku
Bono East,Nkoranza North District,Senya
Western,Nzema East,Sentum
Western,Ellembelle,Sentuaka
Upper West,Sissala East,Sentie
Western,Ellembelle,Sanzule
Ashanti,Ejisu Juaben,Sensuanso
Ashanti,Unknown,Sensu
Northern,Savelugu Municipal District,Senna
North East,Chereponi,Senjituogo
Northern,Gushiegu,Senjele
Bono,Dormaa West,Senikrom
Ashanti,Adansi South,Mosonso Number One
Central,Upper Denkyira West,Seniajakrom
Ashanti,Sekyere East,Seniaja
Ashanti,Bekwai,Senfi
Ashanti,Sekyere Afram Plains,Seneso
Ashanti,Sekyere East,Senchi
Eastern,Asuogyaman,Senchi
Ashanti,Ahafo Ano South,Senkyem
Western,Prestea-Huni Valley,Senche
Bono,Berekum,Senasi
Greater Accra,Ga East,Sempene
Ashanti,Asante Akim South District,Sempe
Savannah,North Gonja,Semisi
Central,Ekumfi,Seme
North East,West Mamprusi,Selugu
North East,West Mamprusi,Selenvoya
Bono,Tain,Seikwa
Northern,Yendi,Sakpeigu
Northern,Mion,Sekpe
Upper East,Nabdam,Sekoti
Eastern,Birim Central,Sekone
Western,Unknown,Sekondi Waterworks Catchment Area Block Two Forest Reserve
Western,Unknown,Sekondi Point
Western,Secondi Takoradi,Sekondi-Takoradi
Ashanti,Ejura Sekyedumase,Sekodumase
Bono,Jaman North,Seketia
Eastern,Upper Manya Krobo,Sekasua
Western,Ahanta West,Sekan Point
Western,Wassa Amenfi West,Sekaniasa
Upper West,Sissala East,Saki
Ashanti,Bekwai,Seiwakrom
Ashanti,Atwima Mponua,Saakurom
Ashanti,Bekwai,Sefwi
Upper West,Jirapa,Sigiri
Greater Accra,Ada West,Sege
Greater Accra,Shai Osudoku District,Sege
Ashanti,Adansi South,Sefwikura
Western North,Bibiani/Ahwiaso/Bekwai,Sefwi Bekwai
Western North,Bibiani/Ahwiaso/Bekwai,Anhwiaso
Central,Twifo Hemang Lower Denkyira,Sefwi
Central,Komenda/Edina/Eguafo/Abirem,Sefwi
Western,Ahanta West,Sefwi
Upper West,Jirapa,Jefiyiri
Eastern,Kwahu West,Sefi
Western North,Sefwi Akontobra,Sedukrom
Northern,Karaga,Sedugo
Eastern,Asuogyaman,Sedom
Ashanti,Atwima Nwabiagya,Sedi
Western,Wassa Amenfi Central,Sechim
Central,Abura/Asebu/Kwamankese,Secheri
Ashanti,Sekyere Afram Plains,Sechere
Western,Wassa Amenfi Central,Sechere
Bono,Jaman South,Sabreni
Western North,Bia East,Sebebia
Greater Accra,Shai Osudoku District,Sayu
Western,Tarkwa Nsuaem,Sayo
Western North,Juaboso,Sayereso
Western North,Juaboso,Sanyerano
Central,Assin South,Sawudadiem
Central,Abura/Asebu/Kwamankese,Sawsawn
Bono,Unknown,Sawsaw Forest Reserve
Upper West,Wa East,Sawubele
Savannah,Sawla-Tuna-Kalba,Sawla
Upper East,Bawku West,Sawko
Upper East,Garu District,Sawiegu
Ashanti,Bosomtwe,Sawia
Central,Upper Denkyira East,Sobrosso
Central,Unknown,Sobro
Bono East,Kintampo North Municipal District,Sawboi
Eastern,Upper Manya Krobo,Sawa
Northern,Savelugu Municipal District,Savelugu
Volta,Agotime Ziope,Save
Volta,North Dayi,Savalu
Eastern,Asuogyaman,Saua
Upper East,Talensi-Nabdam,Satoga
Northern,Nanumba South,Sato
Central,Assin North,Sato
Western,Prestea-Huni Valley,Satini
Northern,Kumbumgu,Satani
Volta,Akatsi South,Sasinyeme
Volta,Keta,Sasieme
Ashanti,Atwima Nwabiagya,Esaase
Eastern,West Akim,Sasi
Volta,Central Tongu,Sasekpe
Ashanti,Sekyere Central,Sasebonso
Greater Accra,Tema Metropolitan District,Sasabi
Northern,Kumbumgu,Sarrijerror
Northern,Kumbumgu,Sarndu
Western,Wassa Amenfi Central,Saraha
Central,Gomoa East,Saraha
Central,Ekumfi,Sarafa Kukudu
Central,Ekumfi,Sarafa
Western North,Aowin/Suaman,Saraboem
Savannah,Sawla-Tuna-Kalba,Saru
Upper East,Bongo District,Beo Sapero
Western,Jomoro,Saporazo
Ashanti,Adansi North,Sapongso
Western,Mpohor/Wassa East,Sapongso
Upper East,Bolgatanga Municipal District,Sapiengo
Greater Accra,Ga West,Sapeman
Upper East,Bawku West,Sapelliga
Upper East,Binduri District,Sapeliga
Upper East,Binduri District,Sapelliga
Ashanti,Ejisu Juaben,Sape
Upper East,Bawku West,Sapalugo Tili
Eastern,Lower Manya Krobo,Sapaw
Upper East,Binduri District,Sakpari
Ahafo,Unknown,Asanwin
Upper East,Garu District,Soanvusi
Eastern,Ayensuano,Santrama Awasi
Eastern,Suhum/Kraboa/Coaltar,Santrama
Western,Wassa Amenfi West,Santoni
Western,Wassa Amenfi East,Santome
Western,Unknown,Santomang Forest Reserve
Western North,Sefwi Akontobra,Santoman
Upper East,Talensi-Nabdam,Santoga
Northern,Gushiegu,Santile
Upper West,Sissala East,Santijan
Upper East,Talensi-Nabdam,Santienga
Greater Accra,Tema Metropolitan District,Santeo
Western,Unknown,Santema
Ashanti,Kumasi,Santase
Upper West,Sissala East,Santa-Mangajan
Eastern,Kwahu Afram Plains South,Santaboma
Ashanti,Obuasi,Sanso
Ashanti,Asante Akim North,Sansenua
Eastern,Nsawam Adoagyiri,Sansame
Greater Accra,Ga West,Sansame
Ashanti,Sekyere East,Sansamango
Western,Wassa Amenfi West,Sansakrom
Northern,Karaga,Sanlubisi
Eastern,Atiwa,Sankubanase
Savannah,East Gonja,Sanku
Western,Ahanta West,Sanko
Western,Tarkwa Nsuaem,Sankran
North East,Bunkpurugu Nakpanduri District,Sankpen
Ahafo,Asunafo South,Sankore
Upper West,Nadowli,Sankana
Savannah,Unknown,Sakandelima
Central,Komenda/Edina/Eguafo/Abirem,Sanka
Northern,Mion,Sanji
Central,Agona East,Sanikwa
Upper West,Jirapa,Sangwia
Northern,Saboba,Sanguri
Savannah,Central Gonja,Sangpala
Greater Accra,Unknown,Sango Lagoon
Northern,Yendi,Sangmamba
Upper East,Bawku West,Sangine
Savannah,East Gonja,Sangba
Northern,Tatale-Sangule District,Sangba
North East,Chereponi,Sanganere
Upper East,Pusiga,Sangabuli
Northern,Sagnerigu,Sanga
Volta,South Dayi,Sanga
Northern,Mion,Sang
Western,Wassa Amenfi East,Sang
Western,Wassa Amenfi West,Sang
North East,Bunkpurugu Nakpanduri District,Sanfusi
Ashanti,Bekwai,Sanfo
Northern,Mion,Sanduli
Northern,Savelugu Municipal District,Sandu
Savannah,East Gonja,Sandu
Upper East,North Builsa District,Sandema
North East,West Mamprusi,Sandafongo
Bono,Jaman North,Sanbusi
Northern,Gushiegu,Sanbanga
Ashanti,Adansi South,Asasebomebosia
Central,Awutu Senya,Samsamso
Western,Wassa Amenfi West,Samreboe
Western,Unknown,Samre
Ashanti,Atwima Nwabiagya,Sampruso
Ashanti,Offinso Municipal District,Sampraso
Western North,Aowin/Suaman,Samprang
Ashanti,Asante Akim North,Sampongso
Upper West,Nadowli,Sampina
Northern,Gushiegu,Sampiamon
Central,Gomoa West,Sampambyu
Ashanti,Unknown,Sampa
Northern,Karaga,Sampa
Bono,Jaman North,Sampa
Upper West,Lambussie Karni,Samoa
Western,Jomoro,Samengyi
North East,East Mamprusi,Samene
Northern,Saboba,Sambuli
Northern,Mion,Sambu
Upper East,Bolgatanga Municipal District,Sambrungo-Kulugu
Upper East,Bolgatanga Municipal District,Sambruno
Upper East,Bongo District,Sambolugu
North East,Bunkpurugu Nakpanduri District,Sambok
Northern,Gushiegu,Sambobugu
Upper West,Nadowli,Sambo
North East,Bunkpurugu Nakpanduri District,Sambirigu
Bono,Banda,Samba
Ashanti,Atwima Nwabiagya,Samaso
Central,Komenda/Edina/Eguafo/Abirem,Samani
Ashanti,Amansie West,Samanhia
Northern,Gushiegu,Samanga
Ashanti,Kwabre District,Saaman
Western,Wassa Amenfi East,Saman
Central,Komenda/Edina/Eguafo/Abirem,Samang
Eastern,Fanteakwa,Saman
Upper West,Daffiama Bussie Issa District,Samambaw
Western North,Bia,Esuepiri
Ashanti,Unknown,Samai
North East,West Mamprusi,Salyogo
Northern,Mion,Salwelsi
Savannah,North Gonja,Salugu
Bono East,Pru,Salt Town
Central,Mfatseman,Saltpond
Northern,Karaga,Salogo
Volta,Keta,Salo
Western,Ellembelle,Salman
Bono East,Kintampo North Municipal District,Soloboe
Upper West,Wa West,Salimana
Northern,Karaga,Salikpa
Northern,Nanumba South,Salena
Western,Ellembelle,Salem
Northern,Mion,Salamkpong
Eastern,Upper West Akim,Salam
Savannah,East Gonja,Salaga
Northern,Gushiegu,Sala
Savannah,North Gonja,Sala
Upper East,Talensi-Nabdam,Sakwati
North East,Mamprugo Moaduri District,Sakwaba
Central,Agona East,Sakwa
North East,West Mamprusi,Sakuri
Ashanti,Asante Akim North,Sakune
Greater Accra,Tema Metropolitan District,Sakumona
Greater Accra,Unknown,Sakumo Lagoon
Greater Accra,Unknown,Sakumo
Greater Accra,Accra,Tsabaa
Volta,Keta,Sakume
Upper West,Sissala East,Sakalo
Northern,Karaga,Sakulo
Northern,Kumbumgu,Sakuba
Ashanti,Kwabre District,Sakorawono
Northern,Saboba,Sakpeolangbene
Northern,Savelugu Municipal District,Sakpele
Northern,Karaga,Sakparo
Northern,Gushiegu,Sakpale
Savannah,North Gonja,Sakpala
Volta,Ho,Sakpala
Savannah,Bole,Sakpa
Upper East,Bawku West,Sakom
North East,East Mamprusi,Sakogu
Savannah,Unknown,Sako
Upper West,Wa,Sako
Northern,Zabzugu District,Sakku
Central,Twifo Ati-Morkwa,Sakawdie
Greater Accra,Accra,South Ordokor
Central,Gomoa East,Sakakoku
Northern,Mion,Sakabu
Upper East,Bawku West,Saka
North East,Chereponi,Saka
Eastern,East Akim,Sajumasi
Upper West,Sissala East,Saiye
Western,Wassa Amenfi West,Saio
Volta,Unknown,Cape Saint Paul
Greater Accra,Shai Osudoku District,Sagreme
Savannah,East Gonja,Sagpalua
North East,East Mamprusi,Sagorkpongo
Savannah,North Gonja,Sagia
Volta,Ketu South District,Sagbado
Northern,Karaga,Saganayiri
North East,West Mamprusi,Sagaduguwira
North East,West Mamprusi,Sagadugu
Volta,Ketu North District,Safukofe
Volta,Akatsi South,Safuchi
Volta,Agotime Ziope,Safochi
Ashanti,Kwabre District,Safo
Northern,Savelugu Municipal District,Safam
Greater Accra,Tema Metropolitan District,Saduasi
Western,Mpohor,Sado
Eastern,Kwahu East,Sadang
Central,Ekumfi,Sachiri
Eastern,Nsawam Adoagyiri,Sachikrom
Ashanti,Sekyere Afram Plains,Sabuso
Upper West,Jirapa,Sabuli
Bono East,Kintampo South District,Sabule
Upper East,Kassena Nankana,Sabaro
Savannah,East Gonja,Sabon Gida
Northern,Saboba,Saboba
Bono,Banda,Sabiyi
Central,Assin North,Sabina
Northern,Tolon District,Sabia
Eastern,Birim South,Sabere
Upper East,Kassena Nankana West,Sabawnia
Upper West,Nandom,Sabari
Northern,Zabzugu District,Sabari
Upper West,Nadowli,Saa
Western,Prestea-Huni Valley,Sa
Western,Nzema East,Robeisi
Greater Accra,Accra,Osu Castle
Volta,North Tongu,Pwoji
Savannah,Unknown,Puiyi
Northern,Sagnerigu,Pwenni
Savannah,East Gonja,Pwandu
Northern,Mion,Pwana
Upper East,Pusiga,Kpalugu Zongo
Upper East,Talensi-Nabdam,Pwalugu
North East,East Mamprusi,Pwalagu
Ashanti,Sekyere East,Putuom
Central,Abura/Asebu/Kwamankese,Putubui
Upper East,Bawku West,Putigore
Upper East,Garu District,Pusgongo
Greater Accra,Ada East,Pute
Upper East,Talensi-Nabdam,Pusu-Namogo
North East,Bunkpurugu Nakpanduri District,Pusugbini
Northern,Nanumba North,Pusuga
Upper East,Pusiga,Pusiga
Northern,Gushiegu,Pushiegu
Bono,Unknown,Puru
Western,Unknown,Paru
Central,Asikuma/Odoben/Brakwa,Puppruasi
Western North,Sefwi-Wiawso,Punikrom
Northern,Savelugu Municipal District,Punja
Northern,Karaga,Punglayiri
Western,Jomoro,Pundini
Central,Twifo Hemang Lower Denkyira,Punda
North East,West Mamprusi,Pumpuwaraga
Western,Ahanta West,Pumponi
Bono East,Kintampo South District,Pumpumtifi
Bono,Jaman North,Pumpumia
Bono East,Kintampo North Municipal District,Pumpuanu
Ashanti,Unknown,Puma
Northern,Karaga,Pulua
Northern,Gushiegu,Pulo
Upper East,Pusiga,Pulimakom
Upper West,Sissala West,Pulima
Upper West,Daffiama Bussie Issa District,Puleba
Upper East,Bawku West,Pukinzego
Savannah,West Gonja,Puil
Volta,Central Tongu,Pugeri
Upper West,Sissala East,Pudonyoro
Upper West,Sissala East,Pudo
Northern,Karaga,Pubuo
Upper East,Pusiga,Puanaba
Eastern,Akuapim South,Pruso
Bono,Unknown,Pruhuru
Western North,Juaboso,Proso
Ashanti,Adansi South,Prokumasuaso
Western,Tarkwa Nsuaem,Prisi
Western,Wassa Amenfi East,Prinsiso
Western,Ahanta West,Prusi
Bono East,Sene East,Primasi
Eastern,Akuapim North,Pretu
Western,Ahanta West,Pertsea
Western,Prestea-Huni Valley,Prestea
Ashanti,Asante Akim South District,Prem
Eastern,Upper Manya Krobo,Prekumasi
Western,Unknown,Pra Suhien Block One Forest Reserve
Eastern,Birim North,Prasu Amuana
Eastern,Birim South,Prasu
Ashanti,Adansi South,Prasu
Eastern,Birim North,Prasokuma
Ashanti,Asante Akim North,Praso
Western North,Bibiani/Ahwiaso/Bekwai,Prasu
Ashanti,Asante Akim South District,Pra River
Bono East,Pru,Prang
Greater Accra,Shai Osudoku District,Prampram
Eastern,Kwaebibirem,Pramkese
Ashanti,Bosomtwe,Pramso
Ashanti,Asante Akim South District,Praja
Central,Agona East,Prabunso
Central,Asikuma/Odoben/Brakwa,Prabonso
Ashanti,Unknown,Pra
Eastern,Lower Manya Krobo,Poyonu
Upper East,Garu District,Potwia
Central,Gomoa East,Potsin
Ashanti,Ahafo Ano South,Potikurom
Northern,Gushiegu,Potele
Volta,Central Tongu,Pota
Volta,Ketu North District,Pota
Volta,North Tongu,Pore
Volta,Central Tongu,Porave
Western,Ellembelle,Boblama
Eastern,Asuogyaman,Popotia
Western,Mpohor/Wassa East,Popochiri
Volta,Akatsi South,Poplate
Eastern,Akuapim South,Popawso
Volta,Akatsi South,Poo
Greater Accra,Ada East,Ponya
Ashanti,Adansi South,Amehavi
Northern,Savelugu Municipal District,Pong Tamale
Volta,North Tongu,Pongo
Savannah,Sawla-Tuna-Kalba,Pongeri
Ashanti,Obuasi,Pomposo
Ashanti,Obuasi,Pompora
Western,Nzema East,Pomponadie
Greater Accra,Unknown,Pompom
Central,Mfatseman,Pompoasi
Ashanti,Unknown,Pompo
Volta,North Tongu,Pompo
Ahafo,Asunafo North,Pomakrom
Central,Gomoa East,Pomadi Brofoyedru
Eastern,Asuogyaman,Pom
Volta,Ho West,Polukofe
Upper West,Unknown,Polubujale Swamp
Bono,Banda,Polu
Upper West,Lambussie Karni,Polli
Ashanti,Ahafo Ano South,Pokukurom Number One
Greater Accra,Ga West,Pokuase
Volta,Akatsi South,Pojivi
Volta,Ho West,Pojive
Volta,Ho West,Pojikofe
Volta,Central Tongu,Pogadi
Bono,Jaman South,Kofiko
Upper West,Nandom,Pofien
Western,Jomoro,Poenso
Western,Unknown,Poen
Greater Accra,Shai Osudoku District,Pochuenu
Eastern,Lower Manya Krobo,Pochenu
Western,Unknown,Pobri
Bono,Tain,Pobire
Greater Accra,Ga West,Pobi-Asaawa
Western,Secondi Takoradi,Poasi
Oti,Kadjebi,Poasi
Ashanti,Bekwai,Poano
Volta,North Tongu,Plifakofe
Upper East,Nabdam,Piugwi
Ashanti,Adansi South,Pita
Northern,Karaga,Pisigu
Upper West,Wa,Piisi
Upper West,Wa West,Pisie
Upper West,Wa,Perisi
Upper West,Jirapa,Ping
Ashanti,Bosomtwe,Perabon
Ashanti,Adansi North,Pipiso
Western,Prestea-Huni Valley,Pipepe
Ashanti,Bekwai,Pepedan
Northern,Karaga,Pion
Northern,Yendi,Pion
Upper East,Garu District,Piug Zua
Ashanti,Amansie Central,Npintaosine
Bono East,Nkoranza North District,Pinehi
Upper East,Kassena Nankana West,Pindaa
Eastern,Birim South,Pincheminkami
Central,Gomoa West,Pinanko
Upper West,Sissala East,Pina
Western,Unknown,Pimkese
Ashanti,Unknown,Pima
Northern,Mion,Pilteng
Northern,Kumbumgu,Pilo
North East,West Mamprusi,Piliga
Upper East,Bawku West,Pilibiziago
Eastern,East Akim,Piki
Northern,Savelugu Municipal District,Pigu
Western,Prestea-Huni Valley,Pieterson
Bono East,Nkoranza North District,Pienyina
Upper West,Sissala East,Pien
Upper West,Jirapa,Pien
Western,Prestea-Huni Valley,Piaso
Ashanti,Bosomtwe,Piasi
Western North,Aowin/Suaman,Piande
Greater Accra,Shai Osudoku District,Piandawyu
Upper East,Pusiga,Pialoko
Upper East,Garu District,Pralegu
Northern,Tolon District,Peyoggo
Western,Wassa Amenfi East,Pewurakaw
Central,Twifo Ati-Morkwa,Pewodee
Ashanti,Ahafo Ano North,Pewodee
Central,Agona East,Pewo
Volta,Adaklu,Pevi
Volta,Adaklu,Petwi
Central,Gomoa East,Petuduasi
Volta,Akatsi South,Petraza
Volta,Ho West,Petonu
Eastern,Akyemansa,Petimpa
Ashanti,Adansi South,Petichi
Western,Prestea-Huni Valley,Petepong
Ashanti,Ahafo Ano South,Peteduase
Eastern,Asuogyaman,Pesika
Northern,Unknown,Persua
Eastern,Asuogyaman,Pese
Western,Ellembelle,Periputon
North East,Mamprugo Moaduri District,Perima
Upper West,Nandom,Piiri
Upper East,Bawku West,Peri
North East,East Mamprusi,Peregon
Western,Nzema East,Pepre Point
Eastern,Nsawam Adoagyiri,Peprao
Upper West,Sissala West,Pepilime
Ashanti,Sekyere Afram Plains,Pepiasi
Eastern,Kwahu East,Pepiasi
Ashanti,Bosomtwe,Pepiakuma
Ashanti,Adansi South,Pepe
Western,Tarkwa Nsuaem,Pepe
Northern,Saboba,Peo
Western,Wassa Amenfi East,Penumisa
Ashanti,Mampong,Penton
Ashanti,Asante Akim South District,Pentimpa
Ashanti,Asante Akim North,Pentempa
Ashanti,Bosome Freho,Pentebuom
Western,Wassa Amenfi Central,Pensanom
Central,Twifo Ati-Morkwa,Peninkrom
Central,Awutu Senya,Penim
Central,Twifo Ati-Morkwa,Peniemisa
Western,Nzema East,Peniasa
Bono East,Kintampo South District,Peniamisa
Eastern,Yilo Krobo,Penchiri
Greater Accra,Shai Osudoku District,Pena
Ashanti,Ejisu Juaben,Pemenasi
Upper East,Nabdam,Pelungu
Volta,Ketu North District,Pelikofe
Upper West,Wa West,Pela
Northern,Karaga,Pekura
Northern,Saboba,Pekuo
Upper East,Garu District,Kpikpira
Volta,South Dayi,Peki Blengo
Eastern,Asuogyaman,Peji
Western North,Aowin/Suaman,Panyinkrom
Greater Accra,Shai Osudoku District,Pehuasi
Central,Komenda/Edina/Eguafo/Abirem,Pehi
Eastern,Akuapim South,Peduase
Central,Cape Coast,Pedu
North East,Chereponi,Pechinaboi
Ashanti,Amansie West,Pekyi Number Two
Eastern,Upper Manya Krobo,Pechi
Ashanti,Asante Akim North,Pechereche
Bono East,Atebubu-Amantin District,Pebiastre
Western,Prestea-Huni Valley,Pebebitra
Western,Wassa Amenfi West,Pebease
Western,Wassa Amenfi East,Pebabitina
Eastern,Akyemansa,Pawudu
Eastern,East Akim,Pawtroasi
Eastern,Asuogyaman,Pawmpawmnya
Eastern,Lower Manya Krobo,Pawmpawmnya
Bono East,Kintampo North Municipal District,Pawia
Ashanti,Adansi North,Paweaso
Oti,Nkwanta South,Pawa
Western,Tarkwa Nsuaem,Pavnifia
Bono East,Atebubu-Amantin District,Patura
Central,Abura/Asebu/Kwamankese,Patuakwa
Ashanti,Asante Akim North,Patriensa
Ashanti,Atwima Mponua,Patratom
Savannah,Central Gonja,Patinya
Eastern,Kwahu East,Patawotuo
Ashanti,Bekwai,Patasi
Ashanti,Bekwai,Asanso-Patase
Ashanti,Amansie Central,Patase
North East,Mamprugo Moaduri District,Pataragu
Ashanti,Ejisu Juaben,Patapong
Western North,Bodi,Patakoro
Ashanti,Adansi North,Patakro
Western,Tarkwa Nsuaem,Patahun
Western North,Bibiani/Ahwiaso/Bekwai,Pataboso
Ashanti,Asante Akim North,Pataban
North East,West Mamprusi,Pasinkpe-Ipala
North East,West Mamprusi,Pasinkpe
Ashanti,Atwima Nwabiagya,Pasoro
Central,Twifo Hemang Lower Denkyira,Paaso
North East,West Mamprusi,Parogo
Upper East,Garu District,Kparinboaka
Upper West,Jirapa,Pari
North East,Bunkpurugu Nakpanduri District,Paranatic
Upper East,Kassena Nankana West,Papwesong
Western North,Aowin/Suaman,Papue
Upper West,Nadowli,Papu
Central,Asikuma/Odoben/Brakwa,Paprawchi
Ashanti,Mampong,Papiasi
Central,Assin South,Papiasi
Eastern,Birim South,Papeasi
Ashanti,Ahafo Ano South,Mpasaso Number Two
Western North,Bia,Papase
Greater Accra,Ga West,Papasi
Central,Awutu Senya,Papase Number Two
Eastern,Akuapim South,Papaonim
Greater Accra,Ga East,Papao
Central,Abura/Asebu/Kwamankese,Papaja
Upper West,Lawra,Panyani
Greater Accra,Ada West,Panya
Eastern,West Akim,Pantimpa
Greater Accra,Ga East,Pantan
Central,Awutu Senya East Municipal,Pantampo
Savannah,East Gonja,Panshiaw
Northern,Savelugu Municipal District,Panno
Ashanti,Kumasi,Pankrono
Eastern,Birim North,Pankese
Northern,Tolon District,Paninaiyili
Western,Unknown,Panabo
Western,Unknown,Kpani
Ashanti,Unknown,Pamunu
Ashanti,Asante Akim South District,Pampremam
Eastern,Atiwa,Pampetia
Eastern,Denkyembour,Pampetia
Ashanti,Sekyere South,Pampetia
Western,Wassa Amenfi East,Pampe
Oti,Kadjebi,Pampawie
Ashanti,Amansie Central,Pampaso
Eastern,Nsawam Adoagyiri,Pampanso Kese
Eastern,Nsawam Adoagyiri,Pampanso
Western,Ahanta West,Pampanasi
Western,Ahanta West,Pampamso
Western,Unknown,Pampam
Eastern,Atiwa,Pameng
Ashanti,Sekyere Afram Plains,Pame
Bono East,Kintampo South District,Pamdu
Savannah,East Gonja,Pambu
Northern,Savelugu Municipal District,Kpelung
Upper East,Bawku Municipal District,Kpalugu
Savannah,East Gonja,Palu
Upper East,Garu District,Palsoko
Volta,Keta,Palm Point
Northern,Saboba,Paliba
Northern,Mion,Palguni
Savannah,East Gonja,Palguni
Upper East,Talensi-Nabdam,Palega
Upper West,Unknown,Pale
Savannah,East Gonja,Palbusi
Savannah,East Gonja,Palbe
Upper East,Bawku Municipal District,Palaweaga
Bono,Unknown,Palate
Northern,Mion,Palari
Savannah,Central Gonja,Palangasi
Savannah,East Gonja,Palang
Northern,Unknown,Palama
Upper East,Binduri District,Palagu
Upper West,Wa West,Pala
Ashanti,Asokore Mampong Municipal,Pakuso
Eastern,Akuapim South,Pakro
Northern,Kumbumgu,Pakki
Northern,Tolon District,Pakiyiri
Eastern,Kwahu South,Pai
Upper West,Daffiama Bussie Issa District,Pagadana
Upper East,Kassena Nankana West,Paga Buru
Upper East,Kassena Nankana West,Paga
Ahafo,Asunafo South,Pafo
Savannah,East Gonja,Padjae
Eastern,Kwahu Afram Plains South,Pabrebo
Western North,Sefwi-Wiawso,Paboasi
Northern,Mion,Pabila
Ashanti,Atwima Kwanwoma,Paa
Ashanti,Sekyere Afram Plains,Oyoko
Ashanti,Bosomtwe,Oyoko
Eastern,New Juaben,Oyoko
Ashanti,Sekyere South,Oyira
Eastern,Nsawam Adoagyiri,Oyinso
Greater Accra,Tema Metropolitan District,Oyibi
Eastern,Akyemansa,Oyeso
Greater Accra,Ga East,Oyamfa
Ashanti,Bekwai,Owusu Ansakura
Central,Agona West,Owusu
Western,Wassa Amenfi West,Owusu
Greater Accra,Ga South,Owuraman
Western,Prestea-Huni Valley,Owurakese
Ashanti,Atwima Mponua,Owuokurom
Western,Mpohor/Wassa East,Owuochi
Central,Asikuma/Odoben/Brakwa,Owumaso
Volta,South Tongu District,Owulakofe
Greater Accra,Ga South,Atorman
Eastern,West Akim,Oworom
Central,Awutu Senya,Oworatia
Ashanti,Asante Akim North,Owiriso
Greater Accra,Unknown,Owiawosro
Central,Ekumfi,Owia
Ashanti,Kumasi,Ohwim
Central,Ajumako/Enyan/Essiam,Owawmasi
Oti,Krachi East,Owankwae
Central,Ajumako/Enyan/Essiam,Owang
Ashanti,Unknown,Owabi
Ashanti,Atwima Nwabiagya,Owabi
Volta,Agotime Ziope,Ovuvi
Western North,Aowin/Suaman,Oubunu
Ashanti,Asante Akim South District,Otuokwai
Ashanti,Atwima Nwabiagya,Atuntuma
Eastern,Kwaebibirem,Otumi
Greater Accra,Ga West,Otuaple
Central,Abura/Asebu/Kwamankese,Otsiabo
Eastern,Yilo Krobo,Otrokpe
Eastern,Nsawam Adoagyiri,Otopokwamikrom
Ashanti,Atwima Mponua,Otaakurom
Central,Assin South,Otokrom
Western,Mpohor/Wassa East,Otodum
Central,Ekumfi,Otobiadzi
Eastern,Ayensuano,Otoasi
Greater Accra,Adenta,Otinshi
Central,Agona West,Otinkoran
Greater Accra,Ga East,Otinibi
Eastern,Yilo Krobo,Oterkpolu
Greater Accra,Shai Osudoku District,Otepolu
Greater Accra,Unknown,Peles Pool
Central,Abura/Asebu/Kwamankese,Otekukrom
Central,Gomoa West,Otaw
Eastern,Ayensuano,Otareso
Eastern,Upper West Akim,Otakorasi
Greater Accra,Shai Osudoku District,Osuyu
Eastern,Asuogyaman,Osukwau
Greater Accra,Shai Osudoku District,Osudoku
Central,Ajumako/Enyan/Essiam,Osubo
Central,Agona East,Osubinso
Central,Agona East,Osubin
Eastern,Kwahu East,Osuben
Central,Agona East,Osuankwa
Oti,Krachi West,Osramani
Eastern,Upper Manya Krobo,Osonson
Central,Gomoa East,Osonkoti
Greater Accra,Shai Osudoku District,Osiokpo
Eastern,Fanteakwa,Osino
Central,Awutu Senya,Osimpo
Eastern,Asuogyaman,Osibi
Greater Accra,Ga East,Oshiyie
Greater Accra,Ga West,Oshiuman
Central,Agona East,Oshija
Greater Accra,Ga South,Oshien
Eastern,Akyemansa,Oshiansheda
Eastern,Birim Central,Osenho
Western,Mpohor/Wassa East,Oseneso
Eastern,West Akim,Osenasi
Ashanti,Afigya-Kwabre District,Oseikrom
Ashanti,Asante Akim South District,Oseikrom
Eastern,East Akim,Oseem
Central,Ajumako/Enyan/Essiam,Osedi
Central,Gomoa West,Osadi
Central,Agona East,Osabo
Central,Asikuma/Odoben/Brakwa,Orubaw
Greater Accra,Shai Osudoku District,Opweyu
Ashanti,Adansi South,Opunikrom
Ashanti,Unknown,Opro River Forest Reserve
Western,Wassa Amenfi East,Opon Valley
Central,Upper Denkyira East,Oponsokese
Western,Wassa Amenfi East,Oponso Kakraba
Western,Unknown,Opon Mansi Forest Reserve
Ashanti,Adansi South,Opuniyawkurom
Western,Unknown,Opon
Greater Accra,Ga East,Opoku
Eastern,Yilo Krobo,Opleyo
Eastern,Yilo Krobo,Opesika
Central,Awutu Senya East Municipal,Opeikuma
Central,Twifo Hemang Lower Denkyira,Opayinfosukrom
Ashanti,Amansie West,Opawmasi
Eastern,Upper West Akim,Oparekrom
Central,Gomoa East,Opafukrom
Greater Accra,Ga West,Opa
Ashanti,Ahafo Ano South,Nyinanufu
Ashanti,Asante Akim South District,Onyinampompo
Eastern,Kwahu East,Onyimso
Ashanti,Asante Akim North,Onyimso
Greater Accra,Unknown,Taifa
Greater Accra,Ga West,Onyasena
Eastern,Upper West Akim,Onyamichire
Central,Gomoa West,Onyadzi
Central,Ajumako/Enyan/Essiam,Onyadzi
Central,Awutu Senya,Onyachia
Ashanti,Ejisu Juaben,Onwi
Ashanti,Bosomtwe,Onwi
Eastern,Yilo Krobo,Onumaku
Central,Agona East,Onumabo
Eastern,Fanteakwa,Onuku
Greater Accra,Unknown,Onukpa Wahe
Central,Assin South,Onsunyamiye
Eastern,Asuogyaman,Oninwi
Greater Accra,Ga West,Onibi
Ashanti,Asante Akim North,Ongwama
Central,Assin South,Ongwa
Northern,Tatale-Sangule District,Ongoni
Central,Agona West,Omen Bobikuma
Upper West,Nadowli,Ombo
Western North,Aowin/Suaman,Omanpe
Central,Twifo Ati-Morkwa,Omandemro
Greater Accra,Shai Osudoku District,Omainkope
Upper West,Lambussie Karni,Ulo
Upper West,Wa West,Oli
Eastern,East Akim,Old Tafo
Bono,Wenchi,Old Subinso
Ashanti,Amansie West,Pekyi Number One
Northern,Zabzugu District,Old Nyankpala
Greater Accra,Shai Osudoku District,Old Nigo
Eastern,Akuapim North,Old Mangoasi
Ashanti,Amansie West,Old Atwedee
Upper West,Lawra,Oribili
Central,Awutu Senya,Okwompa
Western North,Aowin/Suaman,Okwikrom
Eastern,Lower Manya Krobo,Okwidom
Eastern,Lower Manya Krobo,Okwenya
Eastern,Yilo Krobo,Okwenya
Central,Gomoa West,Okwawu
Central,Ekumfi,Okwakwa
Greater Accra,Ga South,Okwabinabetinso
Western North,Aowin/Suaman,Okwabina
Greater Accra,Shai Osudoku District,Okutoleje
Oti,Jasikan,Okute
Greater Accra,Tema Metropolitan District,Okusubiri
Greater Accra,Ga West,Okushibiade
Central,Asikuma/Odoben/Brakwa,Okurukrom
Eastern,Upper West Akim,Okumso
Central,Twifo Ati-Morkwa,Okumayemfuohu
Central,Unknown,Okumayemfuo
Ashanti,Ejisu Juaben,Okroasi
Ashanti,Ahafo Ano South,Kroase
Eastern,Akuapim North,Okrakwajo
Central,Twifo Ati-Morkwa,Okrakrom
Eastern,Kwahu South,Okrajei
Greater Accra,Accra,Okponglo
Eastern,Lower Manya Krobo,Okpesi
Oti,Krachi Nchumuru,Okorede
Eastern,Akuapim North,Okorasi
Eastern,Suhum/Kraboa/Coaltar,Okorasi
Eastern,Upper West Akim,Okorasi
Volta,Ketu South District,Okokima
Greater Accra,Ga East,Okoman
Greater Accra,Ga West,Oklu
Central,Agona East,Okitsiu
Bono,Dormaa West,Krakrom
Central,Gomoa West,Okeseo
Eastern,Upper West Akim,Okawso
Central,Ekumfi,Okantade
Greater Accra,Ada East,Okansekope
Volta,Ho,Okakope
Oti,Jasikan,Okadjakrom
Central,Gomoa East,Ojubi
Central,Effutu,Ojinjinadzi
Central,Agona East,Ojashewano
Central,Abura/Asebu/Kwamankese,Ojanokrom
Central,Ajumako/Enyan/Essiam,Ojamadzi
Ashanti,Ahafo Ano North,Ojabedibi
Central,Gomoa West,Ohua
Central,Asikuma/Odoben/Brakwa,Ohiumasi
Greater Accra,Shai Osudoku District,Ohieduku
Ashanti,Atwima Nwabiagya,Ohiasumawu
Western,Wassa Amenfi East,Ohiankwanta
Central,Upper Denkyira East,Ohiankwanta
Ashanti,Amansie West,Ohianiniyonko
Ashanti,Ejisu Juaben,Ohianimegywasi
Central,Upper Denkyira East,Kuntokurom
Ashanti,Bosome Freho,Ohiamiasi
Oti,Krachi West,Ohiamankyere
Ashanti,Ejisu Juaben,Ohenediem
Eastern,Kwahu North,Ohenebepo
Ashanti,Atwima Kwanwoma,Ahenema Kokoben
Volta,Ketu North District,Ohawu
Central,Asikuma/Odoben/Brakwa,Ohameda
Central,Gomoa West,Ogwang
Central,Gomoa East,Ogwakrom
Ashanti,Sekyere East,Ogua
Central,Gomoa West,Ogua
Eastern,Yilo Krobo,Ogome
Eastern,Asuogyaman,Ogoli
Central,Mfatseman,Ogokrom
Eastern,Asuogyaman,Ogeni
Greater Accra,Adenta,Ogbojo
Volta,Agotime Ziope,Ofuvevia
Volta,Agotime Ziope,Ofuve
Bono East,Techiman Municipal District,Ofuman
Eastern,Akyemansa,Ofuasikuma
Ashanti,Ejisu Juaben,Ofuasi
Ashanti,Atwima Kwanwoma,Ofoase
Ashanti,Bekwai,Ofuasi
Ashanti,Asante Akim South District,Ofuasi
Ashanti,Adansi South,Ofuasi
Central,Agona West,Ofuasi
Ashanti,Bosome Freho,Ofremasi
Central,Abura/Asebu/Kwamankese,Oframoasi
Eastern,Birim Central,Oframasi
Central,Awutu Senya,Ofrajato
Eastern,Asuogyaman,Ofotokuasi
Western,Wassa Amenfi East,Oforikrom
Ashanti,Asante Akim North,Oforiboachi
Central,Agona West,Oforamasi
Eastern,Lower Manya Krobo,Ofonsi
Eastern,Lower Manya Krobo,Ofonsa
Eastern,Akyemansa,Ofoase
Ashanti,Offinso Municipal District,Offinso
Ashanti,Adansi South,Ofinso
Ashanti,Unknown,Ofin Shelterbelt Forest Reserve
Central,Agona East,Ofebri
Central,Ajumako/Enyan/Essiam,Ofebi
Ashanti,Sekyere Afram Plains,Ofe
Central,Unknown,Ofasu
Central,Gomoa East,Ofasu
Central,Awutu Senya,Ofaso
Central,Agona East,Ofaso
Greater Accra,Ga West,Ofankor
Central,Awutu Senya,Ofada
Central,Assin North,Odwia
Ashanti,Sekyere East,Odurokrom
Central,Awutu Senya East Municipal,Kasoa
Central,Awutu Senya East Municipal,Ofankor
Greater Accra,Ga West,Oduntia
Greater Accra,Ga South,Odunkom
Eastern,Akuapim South,Odumtokro
Central,Twifo Ati-Morkwa,Odumtokro
Greater Accra,Shai Osudoku District,Odumsi
Central,Asikuma/Odoben/Brakwa,Odumkwaku
Ashanti,Atwima Kwanwoma,Odumkesie
Ashanti,Bekwai,Odumito
Central,Agona West,Odumfuado
Eastern,Kwahu Afram Plains South,Odumesua
Ashanti,Asante Akim North,Odumedum
Eastern,Upper West Akim,Odumchire
Ashanti,Asante Akim North,Odumasua
Eastern,Asuogyaman,Odumasin
Eastern,Ayensuano,Odumasi Amanfro
Oti,Nkwanta South,Odumasi
Bono East,Nkoranza North District,Odumasi
Bono East,Nkoranza South,Odumasi
Oti,Biakoye,Odumasi
Ashanti,Offinso Municipal District,Odumasi
Volta,Afadzato South,Odumasi
Ashanti,Atwima Nwabiagya,Odumasi
Ashanti,Asante Akim North,Odumasi
Eastern,Kwahu West,Odumasi
Ashanti,Amansie West,Odumasi
Ashanti,Bekwai,Odumase
Ashanti,Adansi North,Odumase
Ashanti,Amansie Central,Odumasi
Eastern,Lower Manya Krobo,Odumasi
Eastern,East Akim,Odumasi
Eastern,Akyemansa,Odumasi
Eastern,Birim Central,Odumasi
Ashanti,Adansi South,Odumasi
Eastern,West Akim,Odumasi
Greater Accra,Shai Osudoku District,Odumasi
Eastern,Ayensuano,Odumasi
Central,Upper Denkyira East,Odumasi
Western,Wassa Amenfi West,Odumase
Eastern,Upper West Akim,Odumasi
Eastern,Birim South,Odumasi
Western North,Aowin/Suaman,Odumasi
Central,Asikuma/Odoben/Brakwa,Odumasi
Greater Accra,Ga West,Odumase
Western,Prestea-Huni Valley,Dominase
Central,Assin South,Odumasi
Western,Prestea-Huni Valley,Odumasi
Western,Mpohor/Wassa East,Odumase
Central,Gomoa West,Odumasi
Central,Ajumako/Enyan/Essiam,Odumasi
Central,Twifo Hemang Lower Denkyira,Odumasi
Central,Abura/Asebu/Kwamankese,Odumasi
Central,Komenda/Edina/Eguafo/Abirem,Odumasi
Western,Secondi Takoradi,Odumasi
Ashanti,Bosomtwe,Odumasi
Bono,Sunyani West,Odumase
Ashanti,Sekyere South,Old Tano Odumasi
Eastern,West Akim,Odumahama
Central,Gomoa East,Odumadzi
Central,Ekumfi,Odukwa
Ashanti,Offinso Municipal District,Adukuro
Eastern,Lower Manya Krobo,Odugbarisi
Ashanti,Asante Akim South District,Odubi
Central,Assin South,Oduafo
Central,Awutu Senya,Odotum
Eastern,Kwahu North,Odonkawkrom
Eastern,Lower Manya Krobo,Odonaw
Central,Abura/Asebu/Kwamankese,Odonasi
Eastern,Upper West Akim,Odomponiasi
Central,Gomoa East,Odominadzi
Volta,Ho,Odomiabra
Oti,Nkwanta South,Odomi
Volta,Hohoe,Odomi
Eastern,Upper Manya Krobo,Odometa
Central,Asikuma/Odoben/Brakwa,Odoben
Central,Gomoa West,Odina
Western,Mpohor/Wassa East,Odikuro Akura
Eastern,Akuapim North,Odiha
Ashanti,Sekyere Afram Plains,Odiewobuo
Ashanti,Sekyere Afram Plains,Odietuo
Ashanti,Atwima Nwabiagya,Odetowam
Greater Accra,Ga South,Odenke
Central,Upper Denkyira East,Odem
Eastern,Upper Manya Krobo,Odechinasi
Central,Gomoa East,Odawmo
Eastern,Fanteakwa,Odawminasi
Eastern,Asuogyaman,Odawkom
Central,Mfatseman,Odampaw
Ashanti,Ejisu Juaben,Odahu
Ashanti,Amansie West,Odahu
Ashanti,Unknown,Oda
Western,Wassa Amenfi East,Oda
Eastern,Birim Central,Akim Oda
Western,Wassa Amenfi West,Asankran Anhwiem
Central,Assin South,Oda
Eastern,Kwaebibirem,Ochwineso
Central,Asikuma/Odoben/Brakwa,Ochwidua
Central,Gomoa East,Ochreku
Central,Agona East,Ochokrom
Central,Asikuma/Odoben/Brakwa,Ochisua
Central,Ajumako/Enyan/Essiam,Ochiso
Central,Assin South,Ochiso
Ashanti,Ejisu Juaben,Kerekurom
Eastern,Asuogyaman,Ochirika
Eastern,Akuapim South,Ochirekumfo
Central,Abura/Asebu/Kwamankese,Ochireku
Ashanti,Bekwai,Ochereso
Eastern,Akyemansa,Ochereso
Ashanti,Adansi South,Ochereso
Greater Accra,Shai Osudoku District,Ochebleku
Central,Asikuma/Odoben/Brakwa,Obuyensum
Eastern,Upper West Akim,Obuyau
Central,Awutu Senya,Obutu
Central,Gomoa West,Obusuyame
Eastern,Yilo Krobo,Obusumasua
Central,Gomoa West,Obusumadi
Central,Assin South,Obuoso
Eastern,Ayensuano,Obuonsu
Eastern,Birim South,Obuonifo
Ashanti,Sekyere Afram Plains,Obuokumanoma
Ashanti,Sekyere South,Obuohu
Eastern,West Akim,Obuohu
Eastern,Kwahu North,Obunyami
Ashanti,Ejura Sekyedumase,Obum
Ashanti,Bekwai,Obum
Central,Ajumako/Enyan/Essiam,Obum
Central,Mfatseman,Obukrom
Bono,Banda,Obuase
Ashanti,Offinso Municipal District,Oboase
Ashanti,Obuasi,Obuase
Greater Accra,Ga West,Obuasi
Western,Mpohor/Wassa East,Obuasi
Greater Accra,Ga West,Obuam
Central,Assin North,Obuahun
Central,Asikuma/Odoben/Brakwa,Obronikrom
Eastern,Kwahu East,Obranshiei
Central,Awutu Senya,Obrakrawa
Central,Awutu Senya,Obrachere
Eastern,Kwahu East,Oboyani
Central,Agona East,Oboyambo
Central,Agona East,Oboyabo
Central,Agona East,Obotumfo
Eastern,Kwahu Afram Plains South,Obotin
Eastern,Kwahu South,Obotantia
Central,Gomoa East,Obosumnyinye
Central,Asikuma/Odoben/Brakwa,Obosumasi
Eastern,Birim Central,Obosumasaw
Eastern,Kwahu North,Obosumanu
Ashanti,Asante Akim North,Obosumani
Eastern,Akuapim South,Obosono
Central,Awutu Senya,Obosonkuafu
Eastern,Akuapim North,Obosomasi
Western North,Sefwi Akontobra,Obosomabo
Western,Nzema East,Obopo
Eastern,Kwahu East,Obopachen
Eastern,Ayensuano,Obonyami
Eastern,Ayensuano,Obonwu
Ashanti,Sekyere Central,Obonta
Ashanti,Sekyere Afram Plains,Oboming
Eastern,Kwahu South,Obomen
Eastern,Akuapim South,Obome
Greater Accra,Ga West,Obokwasi
Eastern,Upper West Akim,Obokwabena
Central,Abura/Asebu/Kwamankese,Obokofikrom
Central,Abura/Asebu/Kwamankese,Obokaw
Eastern,Kwahu South,Oboja
Ashanti,Asante Akim South District,Obogu
Central,Agona East,Oboefi
Central,Awutu Senya,Oboefi
Ashanti,Sekyere Afram Plains,Oboechi
Eastern,Akuapim South,Obodan
Eastern,New Juaben,Obodan
Central,Abura/Asebu/Kwamankese,Obobin
Ashanti,Asante Akim North,Oboawchi
Ashanti,Adansi North,Oboasiwa
Central,Upper Denkyira West,New Oboase
Eastern,Upper West Akim,Oboasi
Western,Wassa Amenfi West,Oboasi
Eastern,Kwahu North,Oboakroma
Central,Abura/Asebu/Kwamankese,Oboadzi
Ashanti,Sekyere Afram Plains,Oboachudie
Ashanti,Sekyere Afram Plains,Oboachi
Eastern,Kwahu South,Obo
Ashanti,Bosomtwe,Obo
Greater Accra,Ga South,Oblogo
Central,Gomoa West,Obiri
Central,Twifo Hemang Lower Denkyira,Obinkrom
Eastern,Upper West Akim,Obinimda
Ashanti,Afigya-Kwabre District,Obinibin
Ashanti,Amansie Central,Obineben
Western,Wassa Amenfi Central,Obin
Ashanti,Ahafo Ano South,Obimpeobyie
Ashanti,Asante Akim North,Obima
Ashanti,Asante Akim South District,Obima
Central,Awutu Senya,Obiliakua
Eastern,Upper West Akim,Obidanbi
Greater Accra,Ga West,Obeyie
Greater Accra,Tema Metropolitan District,Obeye
Greater Accra,Shai Osudoku District,Obetenya
Northern,Gushiegu,Oberade
Eastern,Yilo Krobo,Obenyemi
Eastern,Upper West Akim,Obenyao
Ashanti,Asante Akim North,Obenimase
Central,Asikuma/Odoben/Brakwa,Obasi
Greater Accra,Ada East,Obane
Greater Accra,Ga South,Obakrowe
Western,Jomoro,Nzurikeino
Western,Jomoro,Nzurazo
Western,Jomoro,Nzenzi Farms
Western,Wassa Amenfi West,Nzadiapra
Upper West,Unknown,Nyuprusi
Western,Nzema East,Nyubasa
Bono,Banda,Nyua
Western,Unknown,Ntoasysi
Upper East,Binduri District,Nyorigu
Savannah,Sawla-Tuna-Kalba,Nyoli
Upper East,Bawku Municipal District,Nyokoko
Upper East,Nabdam,Sekoti Nyoga
Upper East,Nabdam,Nyoga
Upper West,Sissala West,Nyimeti
Volta,Ho,Nyive
Volta,South Tongu District,Nyive
Volta,Central Tongu,Nyirofi
Volta,South Tongu District,Nyinuito
Ashanti,Adansi South,Nyinesin
Central,Twifo Ati-Morkwa,Nyinesi
Ashanti,Asante Akim South District,Nyinawusu
Central,Upper Denkyira West,Nyinawonsu
Ashanti,Asante Akim North,Nyinasinasi
Central,Agona East,Nyinasin
Western,Prestea-Huni Valley,Nyinasia
Ashanti,Asante Akim North,Nyinamponasi
Ashanti,Atwima Mponua,Nyinahin
Ashanti,Obuasi,Nyamfrase
Western,Wassa Amenfi West,Nyinabunuso
Northern,Savelugu Municipal District,Nyimbunga
North East,Chereponi,Nyimbongo
Upper East,Bawku Municipal District,Yumboku
Volta,Keta,Nyikutonu
Greater Accra,Shai Osudoku District,Nyigbenya
Volta,Afadzato South,Nyigbe
Central,Twifo Hemang Lower Denkyira,Nyetina
Northern,Sagnerigu,Nyesie
Western North,Aowin/Suaman,Nyerokotoku
North East,Bunkpurugu Nakpanduri District,Nyeregbini
Bono,Banda,Nyenti
Western,Wassa Amenfi West,Nyensukrom
Western,Wassa Amenfi Central,Nyensukrom
Western,Ellembelle,Nyensukrom
Western,Ellembelle,Nyanzini
Ashanti,Asante Akim North,Nyenawasi
Ashanti,Bosome Freho,Nyenasi
Central,Twifo Ati-Morkwa,Nyenasi
Western,Jomoro,Nyemanu
Western,Unknown,Nyem
Greater Accra,Shai Osudoku District,Nyem
Western,Mpohor/Wassa East,Nyejimi
Ashanti,Adansi South,Nyedum
Western,Jomoro,Nyechima
Western,Prestea-Huni Valley,Nyebiribi
Western,Nzema East,Nyaye
Savannah,Central Gonja,Nyawrupe
Ashanti,Asante Akim North,Nyawa
Volta,North Tongu,Nyatikpo
Central,Assin North,Nyatechikrom
Western,Wassa Amenfi Central,Nyateasi
Ashanti,Ejisu Juaben,Nyatasi
Ashanti,Bosome Freho,Nyaso
Ashanti,Ahafo Ano South,Nyasiso
Ashanti,Unknown,Nyasi
Upper East,North Builsa District,Nyasa
North East,Bunkpurugu Nakpanduri District,Nyarigbini
Upper East,Bolgatanga Municipal District,Nyarega
Bono,Banda,Nuapo
Greater Accra,Shai Osudoku District,Nyapienya
Upper East,Builsa South,Nyapiensi
Central,Ajumako/Enyan/Essiam,Nyapa
Central,Gomoa East,Nyanyanu
Greater Accra,Unknown,Nyanya Lagoon
Greater Accra,Unknown,Nyanya
Eastern,Upper West Akim,Nyanua
Oti,Biakoye,Nyanto
Eastern,West Akim,Nyantechi
Northern,Gushiegu,Nyansung
Western,Nzema East,Nyanso
Ashanti,Unknown,Nyansi
Central,Agona East,Nyansachere
Savannah,Sawla-Tuna-Kalba,Nyange
Ashanti,Adansi North,Nyankomaso
Ashanti,Obuasi,Nyankumaso
Ashanti,Amansie West,Nyankumasi Kese
Ashanti,Ahafo Ano South,Nyankumasi
Ashanti,Adansi North,Nyankumasi
Eastern,Birim South,Nyankumasi
Central,Assin North,Nyankumasi
Western,Wassa Amenfi West,Nyankumasi
Central,Ajumako/Enyan/Essiam,Nyankumasi
Western,Tarkwa Nsuaem,Nyankumasi
Central,Twifo Hemang Lower Denkyira,Nyankumasi
Western,Shama,Nyankrom
Northern,Tolon District,Nyankpala
Bono East,Sene East,Nyankontre
Western,Unknown,Nyankonsu
Western,Nzema East,Nyanihube
Central,Abura/Asebu/Kwamankese,Nyanidome
Upper East,Kassena Nankana West,Nyania
Upper West,Jirapa,Nyeni
Ashanti,Amansie Central,Nyani
Northern,Karaga,Nyangari-Sokode
Upper East,Builsa South,Nyandem
Bono,Banda,Nyanchulo
Ashanti,Kumasi,Nyankye Remasi
Ashanti,Amansie Central,Anyankyerem
Ashanti,Amansie Central,Nyanchire
Western,Wassa Amenfi West,Nyanchere
Upper East,Builsa South,Nyanbisi
Eastern,Nsawam Adoagyiri,Nyanawasi
Eastern,Nsawam Adoagyiri,Nyanao
Western,Unknown,Nyila
Ashanti,Unknown,Nyamsu
Eastern,Birim South,Nyamrakrom
Western,Prestea-Huni Valley,Nyampegu
Central,Assin North,Nyamoakrom
Central,Assin North,Nyamiyedru
Western,Prestea-Huni Valley,Nyamiyedaw
Ashanti,Ejisu Juaben,Nyamiyeadi
Ashanti,Asante Akim South District,Nyamiyadom
Central,Upper Denkyira West,Nyamiyadom
Ashanti,Asante Akim South District,Nyamiyade
Ashanti,Sekyere South,Nyamisenade
Central,Assin South,Nyamineye
Western,Mpohor,Nyaminenim
Central,Assin North,Nyaminechire
North East,Chereponi,Nyamijawga
Eastern,Ayensuano,Nyamihene
Ashanti,Ejisu Juaben,Nyamieni
Ashanti,Bosomtwe,Nyamieni
Central,Twifo Hemang Lower Denkyira,Nyamieni
Ashanti,Ahafo Ano South,Nyamieni
Central,Agona East,Nyamidam
Western,Mpohor/Wassa East,Nyamichire
Eastern,Birim Central,Nyamichekrom
Ashanti,Bosome Freho,Nyamibechire
Ashanti,Adansi North,Nyamebekyere Number One
Ashanti,Adansi North,Nyamibechire
Ashanti,Amansie Central,Nyamekeyere
Central,Upper Denkyira West,Nyamebekyere
Ashanti,Adansi South,Nyamibechire
Western,Wassa Amenfi East,Nyamibechire
Central,Upper Denkyira West,Nyamibechire
Central,Agona East,Nyamibechire
Central,Assin South,Nyamibechire
Western,Prestea-Huni Valley,Nyamibechire
Central,Agona West,Nyamibechire
Central,Asikuma/Odoben/Brakwa,Nyamibechire
Western,Tarkwa Nsuaem,Nyamibechire
Western,Ellembelle,Nyamibechire
Western,Nzema East,Nyamibechire
Ashanti,Afigya-Kwabre District,Nyamibechere
Ashanti,Ahafo Ano South,Nyamibechere
Ashanti,Ejisu Juaben,Nyamibechere
Ashanti,Asante Akim North,Nyamibechere
Central,Twifo Ati-Morkwa,Nyamibechere
Central,Assin South,Nyamibechere
Central,Abura/Asebu/Kwamankese,Nyamibechere
Central,Twifo Hemang Lower Denkyira,Nyamibechere
Western,Mpohor/Wassa East,Nyamibechere
Western,Mpohor,Nyamibechere
Western,Shama,Nyamibechere
Central,Assin South,Nyamibebu
Ashanti,Adansi North,Nyamibe
Western,Nzema East,Nyamiasi
Western,Wassa Amenfi East,Nyamiasi
Western North,Aowin/Suaman,Nyamiakrom
Western,Mpohor,Nyamiahira
Ashanti,Mampong,Nyamiadum
Central,Upper Denkyira East,Nyamiadum
Ashanti,Ahafo Ano South,Nyameadom Bredi
Ashanti,Atwima Mponua,Nyamiadom
Western,Nzema East,Nyamiachedsi
Bono,Jaman South,Nyami
Ashanti,Sekyere East,Nyamfa
Western North,Aowin/Suaman,Nyamelisa
Central,Twifo Ati-Morkwa,Nyamedema
Bono East,Atebubu-Amantin District,Nyameasi
Upper East,Builsa South,Nyambisa
North East,Bunkpurugu Nakpanduri District,Nyambande
Northern,Gushiegu,Nyambande
North East,Chereponi,Nyambande
Savannah,East Gonja,Nyamalaga
Western,Wassa Amenfi Central,Nyamidiama
North East,Bunkpurugu Nakpanduri District,Nyalinkpe
Central,Gomoa East,Nyakwadzi
Volta,North Tongu,Nyakude
Central,Agona West,Nyakrom
Volta,Keta,Nyakpatsi
Upper East,Kassena Nankana,Nyagolongo
Volta,North Tongu,Nyagblopo
Eastern,Birim North,Nyafomang
Volta,North Tongu,Nyafawkope
Central,Assin North,Nyaduom
Ashanti,Amansie West,Nyadieya
Eastern,West Akim,Nyadieya
Northern,Mion,Nyaboku
Ashanti,Asante Akim North,Nyabo
Volta,North Tongu,Nyabo
Western,Nzema East,Nyaben
Northern,Gushiegu,Nworon
Bono,Wenchi,Nwoase
Eastern,Birim North,Nwiso
Ashanti,Amansie West,Nwiniso
Ashanti,Unknown,Nwini
Bono,Jaman North,Nwereme
Western,Tarkwa Nsuaem,Nuenua
Volta,North Tongu,Nwanlikpoe
Upper West,Sissala East,Nwandawno
Eastern,West Akim,Nwadanhu
North East,Chereponi,Nwabongo
Ashanti,Unknown,Nwabi
Western,Ellembelle,Nyenesoro
Western,Jomoro,Nvelenu
Volta,Ho,Nuwenu
Volta,Ho,Nuwe
Volta,Akatsi District,Nuvenu
Volta,North Tongu,Nutekpo
Volta,South Tongu District,Nutekpo
Northern,Nanumba North,Nurgu
Greater Accra,Ledzekuku-Krowor,Nungua
Upper East,Talensi-Nabdam,Nungu
Greater Accra,Shai Osudoku District,Numwepu
Greater Accra,Shai Osudoku District,Numuchu
Volta,North Tongu,Numbwakope
Upper East,Garu District,Nombokko
Ashanti,Amansie Central,Mile Nine
Upper West,Jirapa,Numbeg
Northern,Savelugu Municipal District,Numbala
Western,Mpohor/Wassa East,Numasi
Central,Ajumako/Enyan/Essiam,Numa
Western,Unknown,Nukwen
Western North,Aowin/Suaman,Nukwen
Ashanti,Ejura Sekyedumase,Nukwasa
Eastern,Nsawam Adoagyiri,Nuka
Western,Jomoro,Ghana Nugua
Central,Assin North,Nuenua
Central,Assin South,Nuenua
Western North,Aowin/Suaman,Nuente
Eastern,Asuogyaman,Nudu
Greater Accra,Ada East,Nubwakope
Ashanti,Ejisu Juaben,Nubuom
Eastern,Birim Central,Nubiam
Western,Jomoro,Nuba
Western North,Aowin/Suaman,Nuasu
Western,Tarkwa Nsuaem,Nuakonkrom
Central,Asikuma/Odoben/Brakwa,Nuadan
Western,Unknown,Anua
Eastern,Birim South,Ntutumerim
Ashanti,Sekyere East,Ntunkumso
Ashanti,Adansi South,Ntumija
Ashanti,Asante Akim South District,Ntumie
Oti,Biakoye,Ntumeda
Ashanti,Unknown,Ntuesu
Eastern,Nsawam Adoagyiri,Ntuaso
Central,Komenda/Edina/Eguafo/Abirem,Ntsirimang
Eastern,Birim North,Ntronang
Eastern,Birim South,Ntronang
Ashanti,Afigya-Kwabre District,Ntiribuoho
Central,Komenda/Edina/Eguafo/Abirem,Ntraunua
Ashanti,Bekwai,Ntraku
Ahafo,Asutifi,Ntotoroso
Ashanti,Obuasi,Wiase
Ashanti,Kwabre District,Asonomaso
Central,Upper Denkyira West,Ntom
Ashanti,Atwima Mponua,Ntoboroso
Bono East,Sene,Ntobriso
Bono,Dormaa,Ntoasua
Central,Upper Denkyira West,Ntoam
Bono East,Sene East,Ntoaboma
Bono,Sunyani West,Ntinsri
Ashanti,Atwima Nwabiagya,New Ntensere
Central,Twifo Ati-Morkwa,Ntinkra
Ashanti,Bekwai,Ntinanko
Ahafo,Tano South,Nmiadom
Ashanti,Offinso North,Ntiadom
Oti,Krachi West,Ntewusa
Ashanti,Bosome Freho,Ntetsiam
Western,Wassa Amenfi Central,Ntetiaso
Western,Prestea-Huni Valley,Ntetiam
Eastern,Kwahu Afram Plains South,Ntetiabuo
Central,Asikuma/Odoben/Brakwa,Ntetia
Western,Wassa Amenfi Central,Nteteawa
Eastern,Kwahu South,Nteso
Savannah,Central Gonja,Ntereso
Savannah,Bole,Ntereso
Bono,Dormaa,Nsesereso
Volta,North Tongu,Ntepaw
Central,Ajumako/Enyan/Essiam,Ntenanta
Western North,Unknown,Nteje
Western North,Aowin/Suaman,Ntejakrom
Ashanti,Sekyere Central,Nteduajuan
Ashanti,Amansie Central,Ntebene
Ashanti,Sekyere Afram Plains,Ntasa
Bono East,Kintampo North Municipal District,Ntariban
Bono East,Kintampo North Municipal District,Ntankro
Western,Secondi Takoradi,Ntankofu
Northern,Karaga,Ntanga
Western,Secondi Takoradi,Ntamakrom
Western North,Aowin/Suaman,Ntakredubahon
Central,Twifo Ati-Morkwa,Ntafrewaso
Ashanti,Atwima Nwabiagya,Ntabanu
Central,Komenda/Edina/Eguafo/Abirem,Nsuyena
Ashanti,Ejisu Juaben,Nsutemu
Ashanti,Ahafo Ano South,Nsutem
Ashanti,Afigya-Kwabre District,Nsutam
Ashanti,Sekyere East,Nsutem
Ashanti,Adansi South,Nsutem
Central,Asikuma/Odoben/Brakwa,Nsutem
Ashanti,Bosome Freho,Nsutam
Eastern,Fanteakwa,Nsutam
Ashanti,Asante Akim North,Nsuta Bepo
Oti,Jasikan,Nsuta
Bono East,Techiman North District,Nsuta
Ashanti,Ahafo Ano South,Nsuta
Ashanti,Sekyere Central,Nsuta
Eastern,Kwahu West,Nsuta
Ashanti,Bekwai,Denyasefokurom
Ashanti,Bosome Freho,Nsuta
Central,Assin South,Nsuta
Western,Tarkwa Nsuaem,Nsuta
Western,Mpohor/Wassa East,Sekyere Nsuta
Eastern,Fanteakwa,Nsuta
Western North,Aowin/Suaman,Nsuta
Western,Wassa Amenfi Central,Nsuta
Western,Wassa Amenfi West,Nsuta
Ashanti,Adansi South,Nsusa
Western,Wassa Amenfi East,Nsuopong
Ashanti,Offinso North,Kontompa
Western North,Sefwi-Wiawso,Nsuonsua
Greater Accra,Ga South,Nsuobri
Ashanti,Asante Akim South District,Nsunyamiyo
Eastern,Asuogyaman,Nsunya
Eastern,Nsawam Adoagyiri,Nsumia
Central,Gomoa West,Nsumanu
Western,Wassa Amenfi West,Asuohyiame
Ashanti,Adansi South,Nsuem Kofofro
Central,Effutu,Nsuechiri
Central,Agona West,Nsubirim
Eastern,Akuapim South,Nsuasi
Western,Wassa Amenfi East,Nsuasi
Ahafo,Tano South,Tweapease
Central,Agona West,Nsuansa
Western,Prestea-Huni Valley,Nsuaem
Ashanti,Bosome Freho,Nsuaem Penin
Ashanti,Bosome Freho,Nsuaem
Western,Wassa Amenfi East,Nsuaem
Central,Twifo Hemang Lower Denkyira,Nsuaem
Central,Gomoa East,Nsuaem
Western,Nzema East,Nsuaem
Western,Tarkwa Nsuaem,Nsuaem
Ashanti,Ahafo Ano South,Asuadei
Ashanti,Ahafo Ano South,Nsuabena
Western,Wassa Amenfi Central,Nsotaw
Western,Wassa Amenfi Central,Nsota
Ashanti,Afigya-Kwabre District,Adukro
Bono,Sunyani West,Nsoatre
Western North,Aowin/Suaman,Nsisrem
Western North,Aowin/Suaman,Nsisim
Western North,Juaboso,Nsisiamu
Ashanti,Kumasi,Nsema
Ashanti,Amansie West,Esiana
Western,Tarkwa Nsuaem,Nsiamfa
Western North,Juaboso,Nsesreso
Bono,Dormaa,Nsenie
Bono,Unknown,Nsemire Forest Reserve
Bono,Wenchi,Nsemire
Ashanti,Asante Akim North,Nsekua
Bono,Jaman North,Nsosomea
Bono,Tain,Nsoko
Eastern,Nsawam Adoagyiri,Nsawam
Central,Gomoa West,Nsawam
Central,Ajumako/Enyan/Essiam,Nsawadzi
Bono,Berekum,Nsapaw
Central,Mfatseman,Nsanfu
Western,Ahanta West,Nsama
Western,Unknown,Nsam
Greater Accra,Ga West,Nsakyina
Greater Accra,Unknown,Nsaki
Eastern,Akuapim South,Nsaki
Western,Mpohor/Wassa East,Asuakor
Ashanti,Unknown,Nsakaisu
Western,Mpohor/Wassa East,Nsadweso
Western,Nzema East,Nsein
Central,Komenda/Edina/Eguafo/Abirem,Nsagwir
Eastern,Akuapim South,Nsaba
Central,Agona East,Nsaba
Bono,Jaman South,Mpuasu
Central,Assin North,Npanchiraso
Central,Assin North,Npancheraso
Eastern,Asuogyaman,Npakadai
Western,Nzema East,Ndotiem
Upper East,Bawku West,Noskoliga
Upper East,Bawku West,Nosgowa
Northern,Unknown,Northern Region
Volta,Central Tongu,Nopote
Volta,Keta,Nopoli
Greater Accra,Shai Osudoku District,Nopendaw
Northern,Tolon District,Noori
Western North,Unknown,Noluria
Volta,Keta,Noliwotagbo
Western,Jomoro,Nokaben
Upper East,Bawku West,Naboraa
Volta,Ketu South District,Nogokpo
Volta,North Tongu,Nogopi
Volta,Ho,Nogetoje
Eastern,Lower Manya Krobo,Nobochu
Eastern,Ayensuano,Nobeso
Ahafo,Asunafo South,Nobeko
Ashanti,Amansie West,Nobekaw
Upper East,Nabdam,Nangodi Nyoboka
Eastern,Lower Manya Krobo,Noaso
Upper East,Talensi-Nabdam,Nmakoam
Volta,South Tongu District,Nlablakpo
Ashanti,Afigya-Kwabre District,Nkukua Buoho
Eastern,Kwahu East,Nkwatia
Ashanti,Bosome Freho,Nkwaten
Eastern,Birim North,Nkwateng
Ashanti,Atwima Nwabiagya,Nkwantaya
Ashanti,Afigya-Kwabre District,Nkwanta Penten
Ashanti,Bosome Freho,Nkwantapawbuoso
Ashanti,Adansi North,Oboase Nkwanta
Western,Prestea-Huni Valley,Nkwantanum
Central,Ajumako/Enyan/Essiam,Nkwantanum
Eastern,Kwahu East,Nkwantanang
Eastern,Kwaebibirem,Nkwantanang
Central,Upper Denkyira East,Nyamebekyere Nkwanta
Central,Assin North,Nkwantanang
Greater Accra,Ga East,Nkwantanang
Central,Gomoa East,Nkwantanang
Western,Mpohor/Wassa East,Nkwantanang
Central,Abura/Asebu/Kwamankese,Nkwantanang
Western,Ahanta West,Nkwantanan
Eastern,Birim North,Nkwantanang
Ashanti,Afigya-Kwabre District,Nkwantakese
Ashanti,Afigya-Kwabre District,Denasi
Ashanti,Afigya-Kwabre District,Akom
Oti,Nkwanta South,Nkwanta
Ashanti,Mampong,Nkwanta
Ashanti,Bosomtwe,Nkwanta
Ashanti,Asante Akim South District,Nkwanta
Central,Upper Denkyira West,Nkwanta
Ashanti,Adansi South,Nkwanta
Eastern,Birim Central,Nkwanta
Western,Wassa Amenfi West,Nkwanta
Central,Agona West,Nkwanta
Western North,Aowin/Suaman,Nkwanta Number One
Western,Wassa Amenfi Central,Nkwanta
Western,Tarkwa Nsuaem,Nkwanta
Western,Shama,Nkwanta
Western,Nzema East,Nkwanta
Western North,Aowin/Suaman,Nkwanta
Ashanti,Adansi North,Nkwansirem
Eastern,Asuogyaman,Nkwakubio
Western,Tarkwa Nsuaem,Nkwakrom
Bono East,Techiman North District,Nkwaeso
Ashanti,Sekyere Central,Nkwabirim
Bono East,Nkoranza South,Nkwaben
Ashanti,Atwima Nwabiagya,Nkurang
Central,Komenda/Edina/Eguafo/Abirem,Nkuntraudu
Ashanti,Atwima Mponua,Nkuntin
Ashanti,Adansi South,Nkuntaso
Bono,Wenchi,Nkonsia
Western,Wassa Amenfi East,Ankonsia
Central,Agona East,Nkunkumso
Central,Agona West,Nkum
Western,Wassa Amenfi Central,Nkukuoso
Ashanti,Sekyere Central,Nkudua
Western,Wassa Amenfi East,Nkubetin
Central,Assin South,Nkuben
Western North,Aowin/Suaman,Mkubakrom
Western North,Bibiani/Ahwiaso/Bekwai,Nkronua Atifi
Central,Upper Denkyira West,Nkrundia
Ashanti,Asante Akim North,Nkrumaso
Eastern,East Akim,Nkronso
Ashanti,Atwima Mponua,Nkroma
Western,Ellembelle,Nkrofopasem
Western,Ellembelle,Nkroful
Western,Secondi Takoradi,Nkrofo
Eastern,Kwahu East,Nkroakan
Ashanti,Amansie West,Nkrang
Central,Upper Denkyira East,Nkrang
Western,Wassa Amenfi Central,Nkrang
Central,Assin South,Nkrang
Western,Prestea-Huni Valley,Nkrang
Western,Shama,Nkrang
Western,Tarkwa Nsuaem,Nkran
Ashanti,Asante Akim South District,Nkrang
Western,Wassa Amenfi West,Nkrang
Ahafo,Asutifi South,Tweapease
Central,Agona West,Nkranfo
Ashanti,Ejura Sekyedumase,Nkrampo
Western,Wassa Amenfi West,Nkruem
Ashanti,Unknown,Nkrabia Forest Reserve
Ashanti,Adansi South,Nkrabia
North East,Bunkpurugu Nakpanduri District,Nkpebaok
Greater Accra,Ga West,Nkuntunse
Western,Tarkwa Nsuaem,Nkotrobochwe
Western,Wassa Amenfi East,Nkoti
Bono East,Nkoranza South,Nkoranza
Central,Gomoa West,Nkoranza
Bono,Tain,Nkoran-Kwagya
Western,Wassa Amenfi West,Nkara
Western,Wassa Amenfi East,Nkonya
Western,Prestea-Huni Valley,Nkontoase
Western,Prestea-Huni Valley,Nkonto
Ashanti,Adansi North,Nkonsa
Western,Ellembelle,Nkokraba
Central,Cape Coast,Nkokosa
Eastern,Birim South,Nkokoako
Central,Ajumako/Enyan/Essiam,Nkojo
Ashanti,Amansie Central,Nkoduasi
Eastern,West Akim,Nkodanso
Ahafo,Tano North,Subriso
Ashanti,Offinso North,Nkinkaso
Ashanti,Afigya-Kwabre District,Nkewu
Western,Ahanta West,Nketiakrom
Western,Unknown,Katago
Western,Unknown,Nkesu
Western,Mpohor/Wassa East,Nkesu
Ashanti,Sekyere East,Nkawkaw
Eastern,Birim Central,Nkawkaw
Ashanti,Atwima Nwabiagya,Nkawie Panyin
Ashanti,Atwima Nwabiagya,Nkawiekuma
Ashanti,Offinso Municipal District,Nkawdan
Western,Wassa Amenfi Central,Nkauwaso
Ashanti,Ejisu Juaben,Nkatiaso
Western,Wassa Amenfi East,Nkatiaso
Western,Ahanta West,Nkatakado
Ashanti,Amansie West,Nkasu
Western,Wassa Amenfi East,Nkaso
Western,Mpohor/Wassa East,Nkasi
Western,Prestea-Huni Valley,Nkasem
Ahafo,Asutifi South,Nkasein
Western,Jomoro,Nkasakaswaso
Ashanti,Adansi South,Nkankasi
Central,Cape Coast,Nkanfoa
Bono East,Kintampo South District,Nkaneku
Ashanti,Sekyere Afram Plains,Nkaneku
Central,Abura/Asebu/Kwamankese,Nkana
Savannah,East Gonja,Nkamandei
Ashanti,Adansi South,Nkajasie
Bono,Tain,Ngawu
Northern,Tatale-Sangule District,Niyibo
Ashanti,Adansi South,Nitinifoso
Upper East,Garu District,Nintabugsugu
Upper East,Garu District,Ninsumu
Upper East,Garu District,Niisbuliga
Upper East,Binduri District,Ninsaku
Upper West,Sissala West,Lipilime
Central,Twifo Hemang Lower Denkyira,Nipanka
Ashanti,Ejisu Juaben,Nipanchermia
Bono,Wenchi,Nipadikru
Northern,Karaga,Nion
Northern,Savelugu Municipal District,Niollogu
Western,Ellembelle,Ninzimrim
Northern,Tolon District,Ninyawyiri
Ashanti,Mampong,Ninting
Eastern,Birim South,Ninta
Central,Agona West,Ninta
Western,Unknown,Nini
Greater Accra,Shai Osudoku District,Ningo
Savannah,East Gonja,Ningboyili
Central,Upper Denkyira East,Ninety
Central,Assin North,Ninchiso
Ashanti,Mampong,Ninamampong
Upper West,Sissala West,Nyevili
Ashanti,Atwima Nwabiagya,Nimsua
Ashanti,Amansie Central,Nimbreso
Bono,Unknown,Nimpeni
Western,Wassa Amenfi Central,Nimfrokrom
Ashanti,Adansi North,Nimebo
Upper East,Kassena Nankana,Nimbasinia
Central,Assin North,Nimanda
Greater Accra,Accra,Nima
Western,Wassa Amenfi Central,Nkaka
Volta,North Tongu,Niflapo
Volta,North Tongu,Niflakofe
Eastern,Akuapim South,Niensi
Savannah,East Gonja,Nienseh
Northern,Karaga,Niengah
Greater Accra,Shai Osudoku District,Niechokunia
Savannah,Central Gonja,Nianta
Northern,Karaga,Niangwello
Ashanti,Atwima Kwanwoma,Nyamibechere
Savannah,Central Gonja,Nialala
Northern,Savelugu Municipal District,Niakwa
Western,Ellembelle,Nhwinisuraw
Western,Unknown,Nhwini
Ashanti,Obuasi,Nhiaso
Upper West,Unknown,Ngwenereme
Eastern,Nsawam Adoagyiri,Ngwakwesi
Volta,North Tongu,Ngunukope
Bono,Jaman North,Ngungoasisi
Western,Ellembelle,Ngugro
Bono,Banda,Ngre
Bono East,Atebubu-Amantin District,Ngowam
North East,East Mamprusi,Ngnani
Central,Gomoa West,Ngilisi
Northern,Gushiegu,Ngbalenchere
Western,Ellembelle,Ngalekpole
Western,Ellembelle,Ngalechie
Western North,Aowin/Suaman,Nkakai
Western,Unknown,Ngajari
Central,Upper Denkyira East,Nfuom
Central,Twifo Hemang Lower Denkyira,Nfuom
Western,Ellembelle,Mfuma
Western,Wassa Amenfi West,Nframanyo
Western,Nzema East,Nframanji
Ashanti,Sekyere Afram Plains,Nframaboa
Bono East,Sene,Nframa
Central,Asikuma/Odoben/Brakwa,Nfotoa
Eastern,Asuogyaman,Nflama
Central,Agona East,Nfata
Western,Mpohor/Wassa East,Nfanka
Ashanti,Atwima Nwabiagya,Nfakanfahu
Central,Agona East,Nfahia
Western,Wassa Amenfi East,Newtonkrom
Western,Secondi Takoradi,New Takoradi
Ashanti,Kumasi,New Tafo
Oti,Krachi East,New Otiso
Northern,Zabzugu District,New Nyankpala
Greater Accra,Shai Osudoku District,New Nigo
Upper West,Sissala East,New Navere
Bono East,Kintampo South District,New Longoro
Ashanti,Adansi South,New Edubiase
Volta,North Tongu,New Dufo
Bono,Jaman South,Faago
Oti,Jasikan,New Ayoma
Ashanti,Amansie West,Manso Atwedee
Ashanti,Sekyere Central,New Asuafu
Eastern,Asuogyaman,New Ajena
Volta,Keta,Nevehode
Western,Wassa Amenfi East,Netieso
Western,Wassa Amenfi Central,Neretiasi
Western,Jomoro,Ngelekazo
Ashanti,Atwima Nwabiagya,Nerebehi
Upper East,Pusiga,Nenkogo
Western,Prestea-Huni Valley,Nehia
Western,Prestea-Huni Valley,Enyejemi
Western,Mpohor,Neneda
Upper West,Sissala East,Nebiewale
Western,Jomoro,Ndumswaso
Western,Nzema East,Ndumfri
Ashanti,Bosomtwe,Nnuaso
Western,Prestea-Huni Valley,Nduam
Western North,Aowin/Suaman,Ndom
Western,Wassa Amenfi Central,Ndeum
Central,Gomoa East,Ndebehi
Western,Jomoro,Ndaswaso
Central,Mfatseman,Ndasimen
Western,Unknown,Antwiwura
Western,Wassa Amenfi West,Nchisa
Eastern,Akuapim North,Nchirede
Bono,Wenchi,Nkyeraa
Eastern,Kwahu South,Nchinichini
Western,Wassa Amenfi East,Nkyiase
Western,Unknown,Nkyiadi
Western,Nzema East,Nchiadi
Western,Wassa Amenfi East,Ncherifi
Eastern,Nsawam Adoagyiri,Nchenechene
Eastern,Upper West Akim,Nchechireche
Ashanti,Adansi South,Nchata
Western North,Aowin/Suaman,Nchang
Western,Secondi Takoradi,Nchabewu
Ashanti,Adansi South,Nhinhimeni
North East,Bunkpurugu Nakpanduri District,Naziago
North East,Chereponi,Nazawni
Upper East,Bongo District,Nayorogo
Northern,Karaga,Nayobere
North East,West Mamprusi,Nayirifongo
North East,West Mamprusi,Nayeri
North East,West Mamprusi,Nayawko
North East,Chereponi,Nawiogu
Northern,Gushiegu,Nayugu
Upper West,Lambussie Karni,Nawia
Greater Accra,Ada West,Nawhalenya
Upper East,Kassena Nankana,Nogsenia
Northern,Gushiegu,Nausugu
North East,Chereponi,Nawari
North East,East Mamprusi,Nawango
Upper East,Kassena Nankana,Navrongo
Upper East,Kassena Nankana West,Navio
Northern,Mion,Navili
Upper West,Unknown,Navere
Upper East,North Builsa District,Nanjopim
Western,Jomoro,Nawule
North East,Chereponi,Naturi
Upper East,Kassena Nankana,Natumgo
Upper West,Nadowli,Nator
Northern,Karaga,Natigu-Zinyenayinga
Northern,Karaga,Natigu
Western,Nzema East,Ndatiem
Upper East,Garu District,Nat
Upper West,Sissala East,Natalo
Northern,Saboba,Natago
Northern,Gushiegu,Nasuo
Northern,Gushiegu,Nasumbongo
North East,Bunkpurugu Nakpanduri District,Nasuan
North East,Bunkpurugu Nakpanduri District,Nasua
Northern,Yendi,Nasiuk
North East,West Mamprusi,Nasia
Northern,Nanumba North,Nasia
North East,West Mamprusi,Nashishi
Bono,Tain,Nasana
Northern,Gushiegu,Nasamwiaga
Upper West,Wa East,Nasa
Upper East,Binduri District,Narango
Upper East,Bawku West,Narogo
Upper West,Nadowli,Naro
Northern,Karaga,Napoligu
Upper East,Garu District,Napari
Upper West,Nandom,Naapali
North East,Chereponi,Nanyuni
Northern,Gushiegu,Nanyiri
North East,Bunkpurugu Nakpanduri District,Nanyer
Bono,Unknown,Nyanya
Greater Accra,Shai Osudoku District,Nanwima
Western,Ellembelle,Nanwa
Northern,Savelugu Municipal District,Nantongkurugu
Northern,Savelugu Municipal District,Nanton
Ashanti,Adansi North,Nanting
Central,Agona East,Nantifa
Upper West,Sissala West,Nyentie
Bono East,Kintampo South District,Nante
Ashanti,Afigya-Kwabre District,Nantan
North East,Chereponi,Nansoni
North East,East Mamprusi,Nansia
North East,East Mamprusi,Nanori
North East,Chereponi,Nanori
Greater Accra,Shai Osudoku District,Nanne
Ashanti,Sekyere Afram Plains,Nankruma
Eastern,Suhum/Kraboa/Coaltar,Nankasi
Central,Asikuma/Odoben/Brakwa,Nankasi
Eastern,Upper West Akim,Nankanso
Greater Accra,Ga West,Nankanso
Northern,Gushiegu,Nankani
Upper East,Kassena Nankana,Nangwao
Northern,Gushiegu,Nangwala
North East,Mamprugo Moaduri District,Nanguri
Northern,Karaga,Nangunpong
North East,East Mamprusi,Nanguna
North East,East Mamprusi,Nangua
Upper East,Builsa South,Nangruma
North East,Mamprugo Moaduri District,Nangruma
Upper East,Nabdam,Nangodi Kalini
North East,Bunkpurugu Nakpanduri District,Nangmong
Northern,Karaga,Nangmong
Northern,Kpandai,Nangjuri
North East,Chereponi,Nangbande
North East,Bunkpurugu Nakpanduri District,Nangbam
North East,Bunkpurugu Nakpanduri District,Nanganinyaga
Northern,Gushiegu,Nangan
Upper East,Bawku West,Nangamoga
North East,Bunkpurugu Nakpanduri District,Nangamgban
Upper West,Nadowli,Nanga
Ashanti,Sekyere Afram Plains,Nanfi
Northern,Karaga,Nanduli
Northern,Karaga,Nandukpolugu
North East,West Mamprusi,Nandua
Upper West,Nandom,Nandom
Upper West,Jirapa,Nandaw-Wala
Upper West,Sissala East,Nanchula
North East,Bunkpurugu Nakpanduri District,Nanbali
North East,Chereponi,Nananouri
Western,Wassa Amenfi East,Nanankaw
Eastern,Suhum/Kraboa/Coaltar,Nananka
Central,Agona East,Nanabrang
Central,Ekumfi,Nanabin
Upper West,Nadowli,Namvili
Northern,Gushiegu,Namutua
Volta,Agotime Ziope,Namunyokofe
North East,Chereponi,Namuibui
Northern,Gushiegu,Namongbani
Northern,Saboba,Namongbani
Ashanti,Offinso Municipal District,Namon
Upper West,Sissala East,Namolojan
Upper East,Kassena Nankana,Namolo
Upper East,Bongo District,Namoo
Northern,Kumbumgu,Nammu
Central,Asikuma/Odoben/Brakwa,Namkoru
North East,East Mamprusi,Naminbawku
North East,East Mamprusi,Namgbesu
Northern,Gushiegu,Namgbamba
Northern,Tolon District,Namdu
North East,East Mamprusi,Nambusu
North East,East Mamprusi,Namburugu
Northern,Karaga,Namburugu
North East,Bunkpurugu Nakpanduri District,Nambosu
Northern,Tolon District,Nambogo
Northern,Saboba,Nambiri
Upper East,Garu District,Nambina
North East,East Mamprusi,Nambi
North East,Chereponi,Nambesu
North East,West Mamprusi,Nabari
Central,Agona East,Namawura
Upper East,Talensi-Nabdam,Namawgo
Bono,Berekum,Namasua
Northern,Gushiegu,Namanga
Northern,Gushiegu,Namamba
Upper East,Garu District,Damamtega
North East,Chereponi,Namalku
Volta,Adaklu,Namakofe
Ashanti,Mampong,Nama
Ashanti,Sekyere East,Nama
Central,Agona East,Nama
Northern,Karaga,Naluo
Northern,Yendi,Nalugu
Savannah,North Gonja,Nalori
Northern,Tamale,Nalong
Northern,Tatale-Sangule District,Nalolli
Northern,Saboba,Naloli
Northern,Karaga,Nalole
Northern,Gushiegu,Nalogo
North East,East Mamprusi,Nalerigu
Northern,Gushiegu,Nalambuom
Northern,Nanumba South,Nakwayele
Savannah,Sawla-Tuna-Kalba,Nakwabi
Central,Ekumfi,Nakwa
North East,East Mamprusi,Nakurugu
Northern,Karaga,Nakundugu
Savannah,Sawla-Tuna-Kalba,Nakpala
North East,Bunkpurugu Nakpanduri District,Nakpiok
North East,West Mamprusi,Nakpeya
North East,East Mamprusi,Nakpenyeraga
Volta,North Tongu,Nakpe
Northern,Mion,Nakpasala
Northern,Karaga,Nakpansong
North East,Bunkpurugu Nakpanduri District,Nakpanduri
Northern,Karaga,Nakpaliga
North East,Chereponi,Nakpali
Northern,Tatale-Sangule District,Nakpali
Northern,Zabzugu District,Nakpali
Upper West,Wa West,Kakalapari
Northern,Saboba,Nakpabone
Upper West,Sissala East,Nankpawie
Northern,Nanumba North,Nakpa
Upper West,Wa,Nakori
Upper East,Kassena Nankana West,Nakong-Atinia
Upper East,Pusiga,Nakom
Upper East,Pusiga,Nakombo
Northern,Gushiegu,Nakoli
Ashanti,Amansie Central,Nakawura
Northern,Gushiegu,Nakamboro
North East,Chereponi,Nakago
North East,Bunkpurugu Nakpanduri District,Najon Go
North East,Chereponi,Najiri
North East,East Mamprusi,Najiri
Northern,Gushiegu,Najiri
Upper East,Garu District,Najigo
North East,Chereponi,Naja
Upper East,Binduri District,Nayoko
Eastern,Asuogyaman,Naiyo
Northern,Saboba,Nairi
Upper East,Kassena Nankana,Nayagenia
Ashanti,Amansie West,Nahing
Savannah,Sawla-Tuna-Kalba,Nahari
Northern,Tolon District,Nagpeo
Greater Accra,Shai Osudoku District,Naglayu
Savannah,East Gonja,Nagbruguni
North East,East Mamprusi,Nagbo
Northern,Nanumba North,Nagbiegu
Northern,Gushiegu,Nagale
Upper East,Kassena Nankana,Nagalakinia
Northern,Saboba,Nagai
Upper East,Kassena Nankana,Naga
Upper East,Binduri District,Nafkoliga
North East,Chereponi,Nadune
North East,Chereponi,Nadumbali
North East,Bunkpurugu Nakpanduri District,Nadukawn
Northern,Gushiegu,Nadogo
North East,East Mamprusi,Nadjon
Central,Gomoa East,Nadetaw
North East,Chereponi,Nadere
Upper East,Unknown,Nadigiri
Upper West,Nadowli,Nadawli
Northern,Karaga,Nadabare
Volta,Ho,Nachive
Northern,Gushiegu,Nachiu
Northern,Tamale,Nachimbiya
North East,Chereponi,Nachikongo
North East,Chereponi,Nachiko
North East,Chereponi,Nachiem
Northern,Gushiegu,Nachiem
North East,East Mamprusi,Nachiam
North East,Chereponi,Nachago
North East,Bunkpurugu Nakpanduri District,Nabure
North East,Chereponi,Nabuom
Northern,Karaga,Nabulugu
North East,West Mamprusi,Nabuluga
Northern,Gushiegu,Nabule
Northern,Saboba,Nabukpeni
Upper West,Sissala East,Nabugobeli
Upper West,Lawra,Nabugangn
North East,Bunkpurugu Nakpanduri District,Nabruk
Savannah,West Gonja,Nabori
Northern,Tatale-Sangule District,Nabon
Upper West,Sissala East,Nabulo
Northern,Unknown,Nabogo
Northern,Savelugu Municipal District,Nabogo
Upper West,Nandom,Nabugangn
Northern,Tatale-Sangule District,Naboale
North East,East Mamprusi,Naboai
Upper East,Bongo District,Nabisi
Northern,Gushiegu,Nabila
North East,Chereponi,Nabijako
Northern,Gushiegu,Nabiago
Northern,Gushiegu,Nabeyin
Savannah,North Gonja,Nabiengu
Northern,Tolon District,Nabba
North East,Bunkpurugu Nakpanduri District,Nabansong
Upper East,Kassena Nankana,Nabango
North East,Bunkpurugu Nakpanduri District,Nabale
North East,Bunkpurugu Nakpanduri District,Nabal
Northern,Gushiegu,Nababiri
North East,Chereponi,Nababawri
Upper East,Kassena Nankana West,Nabio
Western,Jomoro,Myejina
Upper East,Garu District,Mwarigo
North East,Bunkpurugu Nakpanduri District,Muziago
Western,Ellembelle,Muwua
Ahafo,Unknown,Mutupri
Western,Ahanta West,Mudrakeni
Western,Ahanta West,Modrokenli
Central,Abura/Asebu/Kwamankese,Musunkwa
Western,Wassa Amenfi Central,Musiatim
Savannah,West Gonja,Murugu
Ashanti,Asante Akim South District,Muronem
Western,Unknown,Muro Forest Reserve
Western,Unknown,Muro
Upper West,Wa West,Muraazuu
Bono,Unknown,Murumura
Eastern,Atiwa,Muoso
Ashanti,Amansie West,Muohu
Upper East,Pusiga,Morgo
North East,Bunkpurugu Nakpanduri District,Munweneohedi
Eastern,Kwahu West,Munsia
Ashanti,Sekyere Afram Plains,Munkumi
Northern,Tolon District,Munia
Western,Unknown,Mungraw
Western,Jomoro,Mungraw
Bono,Unknown,Mundaleble
Bono,Unknown,Mundale
Central,Ekumfi,Muna
Volta,Ho West,Mumikofe
Central,Gomoa West,Mumford
Upper East,Garu District,Bamamburi
Central,Gomoa West,Mukuba
Western,Prestea-Huni Valley,Mahamamo
Western,Tarkwa Nsuaem,Mufriso
Greater Accra,Shai Osudoku District,Muete
Ashanti,Sekyere South,Mmoso
Central,Assin South,Muawanu
Western North,Bibiani/Ahwiaso/Bekwai,Mawnaw
Central,Agona West,Muakro
Bono,Unknown,Mo
Central,Asikuma/Odoben/Brakwa,Mresachi
Eastern,Kwahu East,Mrenfi
Western,Wassa Amenfi Central,Mrekro
Central,Upper Denkyira East,Mradan
Greater Accra,Accra,Mpoase
Central,Gomoa West,Mprumem
Ashanti,Mampong,Mprim
Central,Mfatseman,Mprenchi
Ashanti,Amansie West,Mpraniasi
Central,Abura/Asebu/Kwamankese,Mprajo
Eastern,Kwahu South,Mpraeso
Western,Mpohor/Wassa East,Mpraem
Eastern,Birim Central,Mpradan
Ashanti,Ahafo Ano South,Awaduwankwanta
Western,Wassa Amenfi West,Mpokuasi
Western,Mpohor,Mpohor
Ashanti,Afigya-Kwabre District,Mpobi
Western,Secondi Takoradi,Mpinti
Western,Jomoro,Mpiasem
Western,Jomoro,Mpeasem
Western,Wassa Amenfi Central,Mpiasem
Western,Prestea-Huni Valley,Mpeyo
Ashanti,Atwima Mponua,Mpesetia
Central,Abura/Asebu/Kwamankese,Mpesedadi
Ashanti,Ahafo Ano South,Mpasaso Number One
Ashanti,Afigya-Kwabre District,Mpentembua
Central,Upper Denkyira East,Mpenkuro
Central,Assin South,Mpenkrom
Western North,Bibiani/Ahwiaso/Bekwai,Mpenkro
Central,Twifo Hemang Lower Denkyira,Ampenkrom
Western,Prestea-Huni Valley,Mpenkro
Western,Ahanta West,Mpanyinasa
Western,Jomoro,Mpem
Eastern,Akuapim South,Mpekadam
Western,Ellembelle,Ampaim
Bono East,Nkoranza South,Mpeim
Greater Accra,Ga West,Mpehuasem
Greater Accra,Accra,Mepeasm
Greater Accra,Accra,Mpehuasem
Central,Komenda/Edina/Eguafo/Abirem,Mpehin
Ashanti,Offinso Municipal District,Mpehen
Volta,Hohoe,Mpeasem
Eastern,Asuogyaman,Mpeasem
Ashanti,Adansi South,Mpeasem
Western,Wassa Amenfi East,Mpeasem
Central,Twifo Ati-Morkwa,Mpeasem
Western,Prestea-Huni Valley,Kwame Ne Ampa
Western,Prestea-Huni Valley,Mpeasem
Western,Mpohor,Mpeasem
Ashanti,Afigya-Kwabre District,Mpeasem
Ashanti,Amansie West,Mpatuam
Western,Wassa Amenfi Central,Mpatau
Ashanti,Atwima Kwanwoma,Mpatasee
Ashanti,Amansie West,Mpatasie
Western,Ahanta West,Mpatasi
Western,Ahanta West,Mpatono
Ashanti,Asante Akim North,Mpatampa
Central,Unknown,Mpatadi
Western,Jomoro,Mpataba
Central,Gomoa East,Mpata
Western North,Bibiani/Ahwiaso/Bekwai,Mpasem
Western,Mpohor/Wassa East,Mpasem
Western,Mpohor/Wassa East,Yehwe
Western,Tarkwa Nsuaem,Mimpeasem
Western North,Aowin/Suaman,Mpasem
Ashanti,Adansi North,Mparekrom
Ashanti,Sekyere Central,Mpantuasi
Eastern,Upper West Akim,Mpancherene
Savannah,Central Gonja,Mpaha
Western,Wassa Amenfi West,Mpaha
Ashanti,Bekwai,Mpaguom
North East,East Mamprusi,Moziogo
Upper East,Bawku Municipal District,Megoga
Volta,Akatsi South,Moyi
Northern,Tamale,Moyer
Ashanti,Afigya-Kwabre District,Mmowere
Upper East,Unknown,Morgo
Central,Abura/Asebu/Kwamankese,Mouri
Upper West,Wa East,Motigu
Ashanti,Amansie West,Mosikrom
Eastern,Atiwa,Mosiaso
Ashanti,Sekyere Afram Plains,Mosiaso
Western North,Aowin/Suaman,Moshikrom
North East,Bunkpurugu Nakpanduri District,Moshiegu
Upper East,Bolgatanga Municipal District,Moshi
Ashanti,Amansie West,Moseaaso
Western,Wassa Amenfi West,Moseaso
Western,Wassa Amenfi East,Monseeso
Central,Twifo Ati-Morkwa,Moseaso
Ashanti,Asante Akim South District,Moromora
Savannah,Central Gonja,Morno
Northern,Savelugu Municipal District,Moglaa
Bono,Jaman North,Morle
Ashanti,Bosome Freho,Morawtuo
Upper West,Sissala East,Mopulima
Eastern,Kwahu Afram Plains South,Mopti
Ashanti,Amansie Central,Mopawta
Ashanti,Sekyere South,Montasua
Upper West,Sissala East,Monojan
Oti,Krachi West,Monkra
Savannah,North Gonja,Monja
Eastern,Birim North,Moninta
North East,Mamprugo Moaduri District,Mompotunbego
Northern,Karaga,Momo
Volta,Akatsi South,Molume
Savannah,Unknown,Mole Game Reserve
Greater Accra,Unknown,Mokwe Lagoon
Central,Twifo Ati-Morkwa,Mokwa
Northern,Zabzugu District,Mojina
Upper West,Daffiama Bussie Issa District,Moyiri
Central,Assin South,Mogwiye
Upper East,Bawku Municipal District,Mogonori
Ashanti,Asante Akim North,Mofranfajwini
Eastern,Birim Central,Moframfajwini
Eastern,Ayensuano,Moframfadjini
Eastern,Akuapim South,Moframfadjini
Ashanti,Asante Akim South District,Mofrafajwen
Savannah,Unknown,Mofagyen
Ashanti,Asante Akim North,Mobuaso
Greater Accra,Shai Osudoku District,Moboli
Ashanti,Asante Akim North,Moano
Eastern,Kwahu Afram Plains South,Moam
Northern,Gushiegu,Moago
Greater Accra,Tema Metropolitan District,Mlichakpo
Volta,Central Tongu,Mlefi
Greater Accra,Shai Osudoku District,Mlayu
Bono,Jaman North,Miyigibawgaw
Western North,Aowin/Suaman,Miyabo
Central,Gomoa East,Misrenyame
Eastern,Upper Manya Krobo,Misikrom
Upper East,Bawku Municipal District,Missiga
North East,West Mamprusi,Mishuo
Upper East,Kassena Nankana,Mirigu
Upper East,Garu District,Mirigabong
Western,Wassa Amenfi West,Miribini
Ashanti,Asante Akim South District,Mirasa
Ashanti,Amansie West,Miradani
Greater Accra,Shai Osudoku District,Miocho
Central,Assin South,Minyinasi
Greater Accra,Shai Osudoku District,Minya
Bono East,Nkoranza South,Mintimi
Ahafo,Asunafo South,Mintimi
Ashanti,Bosome Freho,Minti
Central,Unknown,Minta Forest Reserve
Central,Unknown,Minta
Central,Twifo Ati-Morkwa,Mintaso
Western,Mpohor/Wassa East,Minta
Eastern,Upper West Akim,Minkumidie
Ashanti,Unknown,Minimuru
Ahafo,Asunafo North,Mim-Mohu
North East,West Mamprusi,Mimima
Central,Assin North,Mimibriba
Ahafo,Asunafo North,Mim
Ashanti,Amansie West,Mim
Western,Nzema East,Mim
Greater Accra,Shai Osudoku District,Milichakpo
Volta,Ketu South District,Milegbakope
Western,Jomoro,Miensukrom
North East,East Mamprusi,Mienbla
Western,Jomoro,Mien
Western,Ahanta West,Miamea
Upper East,Garu District,Meliga
Greater Accra,Ga West,Midie
Central,Assin South,Mibuamihu
Volta,South Dayi,Miawone
Eastern,Birim North,Miaoni
Northern,Gushiegu,Miantele
Western,Unknown,Mia
Western North,Aowin/Suaman,Mia
Eastern,Ayensuano,Mfranta
Eastern,West Akim,Mfranta
Ashanti,Amansie West,Mframanyo
Ashanti,Asante Akim North,Mfraansa
Eastern,Upper West Akim,Mfojoboating
Ashanti,Atwima Nwabiagya,Mfensi
Ashanti,Adansi North,Mfakamfahu
Western,Ellembelle,Meyeyemengi
Ashanti,Adansi South,Meyenwaikosimeyie
Ashanti,Adansi South,Meya
Western,Tarkwa Nsuaem,Mewua
Ashanti,Sekyere Afram Plains,Metima
Western,Jomoro,Metika
Ashanti,Adansi North,Metemanu
Central,Assin North,Metemanu
Central,Ajumako/Enyan/Essiam,Metemanu
Eastern,Ayensuano,Metemano
Eastern,Asuogyaman,Metekpo
Volta,Adaklu,Metefekofe
Upper West,Lawra,Metaw
Western North,Juaboso,Metsemano
Central,Twifo Hemang Lower Denkyira,Mesuromehu
Western,Wassa Amenfi Central,Mesokrom
Ashanti,Asante Akim South District,Merja
Savannah,East Gonja,Meriche
Western North,Bibiani/Ahwiaso/Bekwai,Merewa
Bono,Jaman South,Meremano
Ahafo,Tano North,Mereku
Ashanti,Adansi North,Merehwe
Central,Unknown,Meredith Point
Central,Upper Denkyira East,Merechusa
Western,Unknown,Merechu
Central,Assin South,Mereadan
Eastern,Upper West Akim,Mepom
Oti,Kadjebi,Menusu
Ashanti,Amansie Central,Menumsu
Ashanti,Amansie West,Menukrom
Ashanti,Sekyere South,Mentukua
Ashanti,Bekwai,Mmensinase
Ahafo,Tano South,Mensin
Western North,Bibiani/Ahwiaso/Bekwai,Lineso
Western,Ellembelle,Menzezo
Ashanti,Adansi South,Monsonso Number Two
Ashanti,Unknown,Mensawn
Western,Jomoro,Mensaswaso
Central,Gomoa East,Mensakwa
Ashanti,Bosome Freho,Mensakrom
Ashanti,Adansi South,Mensakrom
Eastern,Ayensuano,Mensakrom
Western,Prestea-Huni Valley,Mensakrom
Central,Ajumako/Enyan/Essiam,Mensakrom
Western,Nzema East,Mensakrom
Ashanti,Unknown,Mensa
Ashanti,Adansi South,Mensa
Bono,Tain,Mengyi
Ashanti,Bosomtwe,Menibriba
Ashanti,Atwima Nwabiagya,Manhyia
Upper East,Garu District,Mengyam
Ashanti,Adansi South,Menang
Ashanti,Asante Akim North,Menam
Ashanti,Obuasi,Mammiraiwa Number One
Ashanti,Adansi South,Mempaw
Greater Accra,Shai Osudoku District,Memonya
Ashanti,Ejura Sekyedumase,Memimaso
Ashanti,Adansi North,Mem
Ashanti,Adansi South,Mem
Western,Prestea-Huni Valley,Mem
Northern,Sagnerigu,Melshegaw
Upper East,Garu District,Melibog
Volta,North Tongu,Meikpo
Ahafo,Asutifi South,Mehame
Western,Nzema East,Mehami
Volta,Central Tongu,Mefiwuguji
Volta,North Tongu,Mefe
Ashanti,Adansi North,Meduma
Greater Accra,Ada West,Medovunu
Greater Accra,Ada West,Medaluvaw
Upper West,Wa West,Metiau
Ashanti,Sekyere Afram Plains,Mebududuoso
Ashanti,Ahafo Ano South,Measi
Western,Unknown,Me
Greater Accra,Ga South,McCarthy Hill
Northern,Unknown,Mbuom
Central,Ekumfi,Mbroboto
Northern,Gushiegu,Mbosumbo
Northern,Yendi,Mbon
Western North,Suaman,Mbenu
Central,Upper Denkyira East,Mbem
Western,Prestea-Huni Valley,Nsuta
Central,Twifo Hemang Lower Denkyira,Mbeam
North East,Bunkpurugu Nakpanduri District,Mayimbongo
Ashanti,Asante Akim North,Mayera
Northern,Gushiegu,Mayefugo
Bono,Jaman North,Mayera
Greater Accra,Ada East,Mawujingwa
Ashanti,Asante Akim South District,Mawso
Western,Wassa Amenfi East,Mawni
Ashanti,Bosome Freho,Mawnaw
Ashanti,Sekyere Afram Plains,Mawkunso
Ashanti,Adansi South,Mawjiso
North East,Bunkpurugu Nakpanduri District,Mawgo
Western North,Aowin/Suaman,Morkyerkrom
Central,Upper Denkyira West,Mawbonyo
Upper West,Nadowli,Manwari
Western,Ahanta West,Metinga
Volta,Ketu South District,Amuatekokope
Volta,Hohoe,Mate
North East,Chereponi,Masowawchi
Bono East,Nkoranza North District,Maaso
Bono,Dormaa,Maasu
Northern,Gushiegu,Masidjun
Ashanti,Afigya-Kwabre District,Maase
Ashanti,Offinso Municipal District,Maase
Western,Prestea-Huni Valley,Mbeasi
Upper West,Wa West,Mase
Savannah,East Gonja,Masaka
Northern,Kumbumgu,Marone
Northern,Mion,Marijaire
Northern,Gushiegu,Maon
Eastern,Lower Manya Krobo,Manyukpowuno
Upper East,Kassena Nankana,Manyoro
Volta,South Tongu District,Manyenu
Greater Accra,Shai Osudoku District,Manyayu
Western,Jomoro,Manyantoi
Upper West,Wa East,Mengwe
Bono East,Kintampo North Municipal District,Mantukwa
Bono,Wenchi,Mantukwa
Bono,Sunyani West,Mantukwa
Ashanti,Sekyere Central,Mantukwa
Western,Tarkwa Nsuaem,Mantraim
Bono,Dormaa,Manteware
Eastern,Birim Central,Mante
Western,Unknown,Mansamako
Ashanti,Amansie West,Manso Nkwanta
Western,Wassa Amenfi Central,Manso-Amenfi
Eastern,Birim Central,Manso
Central,Asikuma/Odoben/Brakwa,Manso
Central,Assin South,Manso
Central,Gomoa East,Manso
Central,Gomoa West,Manso
Western,Mpohor,Manso
Central,Upper Denkyira East,Mansiso
Western,Wassa Amenfi East,Mansiso
Western,Prestea-Huni Valley,Mansiso
Ashanti,Unknown,Mansura
Bono East,Kintampo South District,Mansia
Ashanti,Adansi North,Mansia
Western,Unknown,Mansi
Western North,Bibiani/Ahwiaso/Bekwai,Mansi
Central,Agona East,Manokwa
Western North,Aowin/Suaman,Manoakrom
Central,Unknown,Mankwadzi Range
Central,Gomoa West,Mankwadzi
Savannah,Bole,Mankuma
Western,Unknown,Mankuma
Central,Agona East,Mankrong Nkwanta
Eastern,Ayensuano,Mankron
Central,Agona East,Mankron
Ashanti,Atwima Nwabiagya,Mankranso
Ashanti,Unknown,Mankrankuma
Ashanti,Unknown,Mankrana
Western,Wassa Amenfi East,Mankesim
Central,Gomoa West,Mankesim
Central,Mfatseman,Mankesim
Greater Accra,Shai Osudoku District,Mankese
Ashanti,Afigya-Kwabre District,Mankawnahugono
Savannah,North Gonja,Mankarigu
Western,Unknown,Mankani
Northern,Karaga,Manie
Northern,Gushiegu,Manie
Eastern,Asuogyaman,Maniayoiyim
Volta,North Tongu,Mania
Ashanti,Amansie West,Manhusa
Ashanti,Sekyere East,Manhia
Greater Accra,Ga West,Manhean
Greater Accra,Shai Osudoku District,Manhaim
Northern,Gushiegu,Mangwala
Upper West,Wa,Mango
Ashanti,Kwabre District,Mamponten
Savannah,Central Gonja,Mangpa
Volta,Central Tongu,Mangosi
Greater Accra,Shai Osudoku District,Mangochunia
Greater Accra,Shai Osudoku District,Mangochonya
Central,Abura/Asebu/Kwamankese,Mangoasi Ekuto
Ashanti,Adansi South,Mangoasi
Eastern,Akuapim North,Mangoasi
Eastern,Ayensuano,Mangoasi
North East,Bunkpurugu Nakpanduri District,Mangbiri
North East,East Mamprusi,Mangba
Upper East,Binduri District,Manga
North East,West Mamprusi,Manga
Savannah,Bole,Manfuli
Ashanti,Sekyere Afram Plains,Manfrani Bepo
Ashanti,Ahafo Ano North,Mamfo
Ashanti,Amansie Central,Manfo
Volta,Central Tongu,Manfide
Ashanti,Adansi South,Kofigyamekurom
Ashanti,Unknown,Amanisu
Upper West,Nandom,Munyupeli
Upper East,Pusiga,Mandago
Central,Komenda/Edina/Eguafo/Abirem,Mandu
Central,Ajumako/Enyan/Essiam,Mando
Savannah,Bole,Mandari
Northern,Gushiegu,Manda
Greater Accra,Tema Metropolitan District,Manchiman
Greater Accra,Ada West,Manchekope
Savannah,Unknown,Mankyege
Upper West,Sissala East,Mancha
Volta,North Tongu,Manasi
Western,Wassa Amenfi Central,Mamuahun
Western,Mpohor/Wassa East,Mammposo
Western,Ellembelle,Mamponso
Western,Wassa Amenfi Central,Mamponso
Ashanti,Sekyere Afram Plains,Mampong Akrofoso
Ashanti,Mampong,Mampong
Eastern,Atiwa,Mampong
Western,Wassa Amenfi East,Mampong
Eastern,Akuapim North,Mampong
Central,Agona West,Mampong
Central,Twifo Ati-Morkwa,Mampong
Central,Gomoa West,Mampong
Central,Gomoa East,Mampong
Western,Mpohor,Mampong
Western,Secondi Takoradi,Mampon
Greater Accra,Shai Osudoku District,Mampong
Western,Wassa Amenfi West,Mampong
Central,Twifo Ati-Morkwa,Mampoma
Greater Accra,Ga South,Maampehia
Ashanti,Asante Akim North,Mampamo
Ashanti,Obuasi,Mampanhwe
Bono,Unknown,Mampa
Greater Accra,Ga West,Mamomom
Greater Accra,Accra,Mamobi
Western,Unknown,Mamire
Western,Unknown,Mamiri Forest Reserve
Western,Wassa Amenfi Central,Mamiri
Volta,Keta,Mamime
Western,Wassa Amenfi Central,Mamilakrom
Eastern,Upper West Akim,Mamidede
Eastern,Kwahu East,Mamfi
Eastern,Akuapim North,Mamfe
Central,Gomoa East,Mamfam
Western,Ellembelle,Mambuen
North East,Chereponi,Mambanbole
Savannah,Central Gonja,Mamayili
Western,Wassa Amenfi East,Mamanhu
Eastern,Birim North,Mamangso
Western North,Sefwi Akontobra,Mamamra
Greater Accra,Unknown,Mamahuma
Savannah,Bole,Maluwe
Greater Accra,Adenta,Malijaw
Northern,Nanumba South,Malgone
North East,East Mamprusi,Malenoli
North East,Bunkpurugu Nakpanduri District,Malenoli
Greater Accra,Shai Osudoku District,Makuche
Savannah,East Gonja,Makongo
Ashanti,Ahafo Ano South,Makodroasi
Western North,Aowin/Suaman,Makam
North East,Bunkpurugu Nakpanduri District,Maje
Greater Accra,Ga West,Mayera
Greater Accra,Adenta,Maijaw
Eastern,West Akim,Mahuyefi
Upper West,Wa West,Mahotanga
Central,Assin South,Mahamiti
Ashanti,Atwima Kwanwoma,Mahami
Ashanti,Adansi North,Mahame
Western,Wassa Amenfi East,Mahame
Western North,Aowin/Suaman,Mahame
Greater Accra,Ada West,Magbomada
Northern,Gushiegu,Maga
Eastern,Ayensuano,Mafukrom
Western North,Juaboso,Mafia
North East,West Mamprusi,Mafanga
Volta,Afadzato South,Mado
Northern,Gushiegu,Madjefo
Greater Accra,Ga East,Medina Estates
Eastern,Lower Manya Krobo,Madam
Savannah,Central Gonja,Macheliyili
Ashanti,Adansi North,Babaduam
Ashanti,Ahafo Ano North,Maaban
Ashanti,Atwima Nwabiagya,Mabai
Eastern,East Akim,Maase
Greater Accra,Shai Osudoku District,Lupunya
Greater Accra,Shai Osudoku District,Luponya
Northern,Gushiegu,Luomba
Greater Accra,Shai Osudoku District,Luom
Upper East,North Builsa District,Lungsa
Northern,Kpandai,Lungni
Northern,Tolon District,Lungbunga
Volta,Ho,Lume
Volta,Akatsi South,Lume
Northern,Karaga,Luluga
Upper West,Sissala West,Liero
Greater Accra,Ada West,Luho
Greater Accra,Ada East,Lufenya
Greater Accra,Shai Osudoku District,Luepunya
Greater Accra,Shai Osudoku District,Luchubwe
North East,West Mamprusi,Luari
Central,Awutu Senya,Loye
Greater Accra,Shai Osudoku District,Lower Town
Western,Nzema East,Lower Town
Volta,Central Tongu,Lotaw
Volta,Ketu South District,Lotame
Volta,North Tongu,Lota
North East,East Mamprusi,Lonwiri
Northern,Savelugu Municipal District,Loni
Upper East,North Builsa District,Longsa
Bono East,Kintampo North Municipal District,Old Longoro
Upper East,Kassena Nankana,Longo
Volta,Adaklu,Lomwi
Greater Accra,Shai Osudoku District,Lomen
Central,Gomoa East,Lome
Greater Accra,Ada West,Lolonya
Volta,Hohoe,Lolobi Kumasi
Volta,Hohoe,Lolobi Ashiambi
Volta,Akatsi South,Lokokofe
Volta,Central Tongu,Lokofe
Volta,Ho,Lokoe
North East,Mamprugo Moaduri District,Logri
Volta,Agotime Ziope,Logove
Volta,Akatsi South,Logote
Upper East,Garu District,Logodi
Upper West,Wa East,Loggo
Volta,Akatsi South,Lofutsume
Volta,Akatsi South,Lofortoe
Volta,Keta,Lofito
Upper East,Garu District,Lodkukparigu
Bono,Unknown,Lobia
Savannah,Bole,Lobia
Bono East,Sene,Lobi
Volta,Akatsi South,Live
Upper West,Lawra,Lissa
Northern,Kumbumgu,Limme
Upper West,Sissala East,Lilikse
Volta,Agotime Ziope,Lifiti
Volta,Akatsi District,Levi
Bono East,Sene,Lesi
Northern,Nanumba North,Lepusi
Volta,Ho West,Lemeto
Greater Accra,Shai Osudoku District,Lekponguno
North East,Chereponi,Lekpogele
Central,Gomoa West,Legu
Eastern,Upper Manya Krobo,Legos
Greater Accra,Accra,Legon Hill
Greater Accra,Accra,Legon
Northern,Gushiegu,Legale
Volta,Ketu North District,Ledze
Savannah,Central Gonja,Lebuni
Upper West,Lawra,Lawra
Volta,Keta,Lawoashime
Greater Accra,Shai Osudoku District,Lawlawvaw
Upper East,Nabdam,Logri
North East,West Mamprusi,Lawgawre
Volta,South Tongu District,Lave
Volta,Ketu North District,Lava
Bono,Banda,Lura
Eastern,Lower Manya Krobo,Latriku
Savannah,East Gonja,Latinkpa
Greater Accra,Ga East,Lateman
North East,Bunkpurugu Nakpanduri District,Latele
North East,Bunkpurugu Nakpanduri District,Latel
Volta,Central Tongu,Latekofe
Eastern,Akuapim South,Latebibio
North East,East Mamprusi,Latare Sempayiri
North East,East Mamprusi,Latare Nayiri
Volta,North Tongu,Lasivenu
Upper East,Bawku Municipal District,Lalsaa
Eastern,Akuapim North,Larteh Kubeasi
Eastern,Akuapim North,Larteh Aheneasi
North East,Bunkpurugu Nakpanduri District,Larekago
Savannah,West Gonja,Larabanga
North East,East Mamprusi,Lapliki
Northern,Karaga,Lapliga
North East,Bunkpurugu Nakpanduri District,Lapelik
Volta,Akatsi South,Lanvi
Savannah,East Gonja,Lanto
Northern,Karaga,Lantarni
Northern,Karaga,Lanobe
Savannah,West Gonja,Langantre
North East,East Mamprusi,Langbwina
North East,East Mamprusi,Langbinsi
Northern,Gushiegu,Langbalanga
Bono East,Pru,Langasi
Northern,Savelugu Municipal District,Langa
Northern,Karaga,Landua
Bono,Unknown,Landa
Greater Accra,Shai Osudoku District,Lanaw
Greater Accra,Shai Osudoku District,Lamuete
Bono East,Sene,Lamu
Savannah,Bole,Lampurga
Savannah,Central Gonja,Lampol
Savannah,East Gonja,Lampol
North East,Chereponi,Lamirem
Upper West,Lambussie Karni,Lambusie
Upper East,Bawku West,Lamboya
Northern,Unknown,Lambo
Savannah,Bole,Lambo
Upper East,Bawku West,Lambari
Savannah,East Gonja,Lamassa
Northern,Gushiegu,Lalak
North East,Chereponi,Lala
Eastern,Akuapim North,Lakpa
Savannah,Unknown,Lakabom
North East,Bunkpurugu Nakpanduri District,Laja
Northern,Tatale-Sangule District,Lahi
Northern,Tamale,Lahago
Ashanti,Adansi South,Lagos
Northern,Gushiegu,Lagogbani
Northern,Gushiegu,Lago
Volta,Akatsi South,Lagbo
North East,Chereponi,Lagatango
Northern,Nanumba North,Laganya
Bono East,Kintampo North Municipal District,Lafiaru
North East,Bunkpurugu Nakpanduri District,Ladam
North East,Mamprugo Moaduri District,Lachea
Bono East,Pru,Labun
Savannah,Unknown,Labani
North East,Chereponi,Labanga
Greater Accra,Accra,La
Ashanti,Afigya-Kwabre District,Kyekyewere
Northern,Sagnerigu,Kyanshiogo
Upper West,Sissala East,Kunchogu
Central,Abura/Asebu/Kwamankese,Kwrado
Northern,Tamale,Kwotingli
Upper West,Lawra,Kunyukuo
North East,Chereponi,Kwomnafaw
Savannah,East Gonja,Kwisini
Ashanti,Adansi North,Kusa
Northern,Tamale,Kwintalaga
Western,Unknown,Kwini
Western North,Aowin/Suaman,Kwesitandokrom
Western,Jomoro,Kwesinimpa
Western,Secondi Takoradi,Kwesimintsim
Western,Mpohor/Wassa East,Kwesimensakurasi
Ashanti,Asante Akim South District,Kwesimensakrom
Western,Prestea-Huni Valley,Kwesikrom
Western,Ellembelle,Kwesikrom
Western,Ahanta West,Kwesikrom
Western,Prestea-Huni Valley,Kwesikra
Central,Abura/Asebu/Kwamankese,Kwesiedu
Central,Agona East,Kwesichukwa
Eastern,Ayensuano,Kwesibodua
Ashanti,Asante Akim South District,Kwesibinkrom
Western,Prestea-Huni Valley,Kwesibedukrom
Western,Mpohor/Wassa East,Kwesibawnakrom
Central,Twifo Ati-Morkwa,Kwesiapiakrom
Central,Mfatseman,Kwesiansa
Ashanti,Obuasi,Kwesi Ankromakrom
Ashanti,Ejisu Juaben,Kwesiadeikrom
Western,Wassa Amenfi East,Kwesiadaikroa
Eastern,Kwahu Afram Plains South,Kwesiadai
Western North,Bia East,Kusarekurom
Upper East,North Builsa District,Kweri
Eastern,Asuogyaman,Kwenyako
Central,Gomoa East,Kwenue
Eastern,Lower Manya Krobo,Kwenu
Greater Accra,Ga East,Kweman
Upper West,Sissala East,Kwelejan
Ashanti,Asante Akim North,Kwekuntikrom
Ashanti,Sekyere Afram Plains,Kwekuni
Western,Prestea-Huni Valley,Kwekukrom
Ashanti,Adansi South,Kwekudompokrom
Bono,Dormaa West,Old Kwakuanya
Ashanti,Sekyere South,Kweku Adaikrom
Central,Gomoa East,Kwekrom
Eastern,Birim North,Kwekaru
Greater Accra,Tema Metropolitan District,Kwedonu
Bono East,Pru,Kwayasi
Volta,Afadzato South,Kwawu
Eastern,Upper Manya Krobo,Kwawam
Western North,Aowin/Suaman,Kwaupiakrom
Western North,Aowin/Suaman,Kwawu
Western,Wassa Amenfi East,Kwatisianwia
Bono,Sunyani West,Kwatirija
Bono,Sunyani West,Kwatiri
Ashanti,Adansi South,Kwatinkura
Eastern,Akuapim North,Kwatiakwa
Upper East,Garu District,Kwatia
Central,Twifo Ati-Morkwa,Kwatekyi
Central,Gomoa East,Kwatakrom
Central,Assin South,Kwata
Ahafo,Tano South,Kwasu
Ashanti,Ejisu Juaben,Kwaso
Volta,South Tongu District,Kwasizukope
Volta,North Tongu,Kwasivi
Ashanti,Ejura Sekyedumase,Kwasi Mohun Bepo
Western North,Aowin/Suaman,Kwasimisimkrom
Greater Accra,Accra,Kwasiman
Western North,Bodi,Kwesikrom
Western,Wassa Amenfi Central,Kwasieniagen
Bono,Jaman South,Kwasi Bookurom
Western North,Aowin/Suaman,Kwasi Brachikrom
Ashanti,Ahafo Ano South,Kwasiapiakrom
Western North,Sefwi Akontobra,Kwasiakakrom
Savannah,Central Gonja,Kwashinaiyiri
Savannah,Central Gonja,Kwasero Daboshi
Western,Nzema East,Kwasansekrom
Central,Upper Denkyira East,Kwasama
Central,Assin South,Kwasama
Northern,Mion,Kwari
Upper East,Kassena Nankana,Korania
Upper West,Sissala East,Kwapun
Eastern,Asuogyaman,Kwapum
Central,Cape Coast,Kwapro
Central,Ekumfi,Kwaprakwa
Ashanti,Kumasi,Kwapra
Ahafo,Asunafo South,Krapon
Ashanti,Offinso Municipal District,Kwapeni
Volta,South Tongu District,Kwaotakope
Western,Nzema East,Kwaonketiakrom
Western North,Aowin/Suaman,Kwaon
Ashanti,Adansi South,Kwao
Central,Agona East,Kwanyaku
Central,Ajumako/Enyan/Essiam,Kwanyaku
Central,Upper Denkyira West,Kwanyako
Central,Twifo Ati-Morkwa,Kwanyako
Ashanti,Atwima Kwanwoma,Kwanwoma
Ashanti,Atwima Nwabiagya,Kwanwari
Central,Komenda/Edina/Eguafo/Abirem,Kwantumabre
Central,Asikuma/Odoben/Brakwa,Kwantanan
Volta,Ho West,Kwanta
Eastern,Fanteakwa,Kwanta
Central,Cape Coast,Kwansimakrom
Central,Agona East,Kwansakrom
Central,Asikuma/Odoben/Brakwa,Kwanopado
Ashanti,Sekyere East,Kwankwanua
Western,Ellembelle,Kwandoswaso
Ashanti,Atwima Mponua,Kwanchiabo
Volta,Ho West,Kwanbia
Western,Wassa Amenfi West,Kwamuaku
Ashanti,Ejisu Juaben,Kwamo
Western North,Bia,Kwametawiakrom
Ashanti,Ahafo Ano South,Kwakuduakurom
Western,Nzema East,Kwamkrom
Bono,Tain,Kwame Tenten
Eastern,West Akim,Kwamitiakrom
Western North,Aowin/Suaman,Kwamisubrokrom
Ashanti,Unknown,Kwamisa Forest Reserve
Ashanti,Offinso North,Kwamisa
Western,Prestea-Huni Valley,Kwamintintin
Eastern,Asuogyaman,Kwamikuma
Oti,Biakoye,Kwamikrom
Central,Twifo Ati-Morkwa,Kwamikrom
Western,Prestea-Huni Valley,Kawnikrom
Western,Ahanta West,Kwamekrom
Ashanti,Bosomtwe,Kwamifosukrom
Bono,Dormaa,Kwameasua
Ashanti,Offinso Municipal District,Kwamidurokrom
Western,Nzema East,Kwamiduodukrom
Central,Ajumako/Enyan/Essiam,Kwami Chwika
Eastern,Upper West Akim,Kwamiatekrom
Central,Assin South,Kwamiata
Greater Accra,Ga South,Kwamianum
Western,Wassa Amenfi West,Kwamiakrom
Western,Ahanta West,Yaw Mafokrom
Central,Gomoa East,Kwamfokwa
Savannah,Bole,Kwamen Kwesi
Bono East,Sene,Kwame Danso
Ashanti,Ahafo Ano South,Kwame Kyemkurom
Ashanti,Asante Akim South District,Kwame Ano
Western North,Bia,Kwamebikrom
Northern,Gushiegu,Kwamapi
Eastern,Akuapim North,Kwamante
Ashanti,Sekyere Central,Kwamang
Ashanti,Afigya-Kwabre District,Kwaman
Western,Wassa Amenfi Central,Kwaaman
Central,Awutu Senya,Kwamang
Central,Abura/Asebu/Kwamankese,Kwamang
Central,Agona West,Kwaman
Upper West,Sissala West,Kwala
Western,Ahanta West,Kwakuyonwakrom
Western,Wassa Amenfi East,Kwakutikrom
Western,Prestea-Huni Valley,Kwakutiakrom
Ashanti,Asante Akim North,Kwakutainikrom
Bono,Jaman North,Kokosua Number One
Eastern,Nsawam Adoagyiri,Kwakuse
Eastern,Birim South,Kwakuprakrom
Western,Prestea-Huni Valley,Kwakuprakrom
Western North,Aowin/Suaman,Kwakuperabukrom
Central,Agona East,Kwakumkwa
Western,Ellembelle,Kwakumensakrom
Central,Twifo Hemang Lower Denkyira,Kwekukrom
Ashanti,Offinso Municipal District,Kwakudruyekrom
Western,Prestea-Huni Valley,Kwakubuokrom
Eastern,Akuapim North,Kwakuafum
Western,Prestea-Huni Valley,Kwakuadjeikrom
Central,Mfatseman,Kwakrom
Western,Wassa Amenfi West,Kwakese
Ashanti,Asante Akim North,Kwakawkaw
Eastern,Asuogyaman,Kwajude
Eastern,Asuogyaman,Kwajowusu
Ashanti,Adansi North,Kwajo Nkwanta
Bono,Jaman South,Kwadwokesekurom
Eastern,Lower Manya Krobo,Kwajoenya
Western,Wassa Amenfi East,Kwajansa
Ashanti,Offinso North,Kwaikesim
Bono East,Sene East,Kwaihunu
Eastern,Kwahu South,Kwahu Tafo
Eastern,Kwahu East,Kwahu Praso
Eastern,Kwahu West,Kwahu Oda
Eastern,Kwaebibirem,Kwae
Central,Agona West,Kwadum
Central,Abura/Asebu/Kwamankese,Kwadoja
Western,Ellembelle,Kwadobaka
Bono East,Sene East,Kwadjokrom
Oti,Krachi West,Kwadjobri
Ashanti,Afigya-Kwabre District,Kodeekuma
Ashanti,Afigya-Kwabre District,Kodee
Ashanti,Kumasi,Kwadaso
Western,Wassa Amenfi East,Kwadajin
Western,Tarkwa Nsuaem,Kwadajin
Ahafo,Tano South,Kwachere
Ashanti,Bosome Freho,Kwachemang
Central,Gomoa East,Kwachekrom
Western,Wassa Amenfi West,Kwachekrom
Eastern,Ayensuano,Kwaboanta Ada
Eastern,Ayensuano,Kwaboanta
Central,Gomoa East,Kwablano
Central,Unknown,Kwablafo
Eastern,West Akim,Kwabinato
Western North,Aowin/Suaman,Kwabinapokrom
Ashanti,Asante Akim North,Kwabinakesekrom
Ashanti,Asante Akim South District,Kwabin
Ashanti,Adansi North,Kwabin
Upper East,North Builsa District,Kwabidem
Eastern,Upper Manya Krobo,Kwabia
Greater Accra,Ga East,Kwabenyan
Eastern,Atiwa,Kwabeng
Western,Prestea-Huni Valley,Kwabenatawiakrom
Ashanti,Amansie West,Kobinaso
Ashanti,Sekyere Afram Plains,Kwabenaponsakrom
Central,Agona East,Kwabena-Ntumi
Eastern,Birim South,Kwabenanti
Central,Mfatseman,Kwabenansa
Western,Wassa Amenfi West,Kwaban
Western,Prestea-Huni Valley,Kwabadu
Eastern,Upper West Akim,Kwaban
Ashanti,Mampong,Kwa-Atenbuo
Western,Unknown,Kwa
Northern,Zabzugu District,Kuyine
Volta,Ketu North District,Kuve
Volta,North Tongu,Kuve
Volta,South Tongu District,Kutunu
Northern,Gushiegu,Kutung
Western,Nzema East,Kutukrom
Western,Ellembelle,Kutukrom
Ashanti,Bosome Freho,Kutuasi
Bono,Berekum,Kutremom
North East,East Mamprusi,Kutong
Savannah,North Gonja,Kuto
Bono,Berekum,Kutire
Volta,Adaklu,Kutime
Upper East,Garu District,Kutiskpem
Western,Ellembelle,Kute
Northern,Unknown,Kutchuelu
North East,Mamprugo Moaduri District,Kusobo
Upper East,Bawku West,Kusinaba
Northern,Kumbumgu,Kusibaw
Bono,Dormaa West,Kwabenadwomokurom
Central,Twifo Ati-Morkwa,Kusiakrom
Eastern,Denkyembour,Kusi
Northern,Yendi,Kusebi
Savannah,Central Gonja,Kusawgu
Upper West,Sissala West,Kusale
Northern,Tolon District,Kurufuyayiri
Upper West,Sissala East,Kurubeli
Savannah,North Gonja,Kurrumbo
Ashanti,Kumasi,Kronom
Western North,Aowin/Suaman,Kurokrom
Ashanti,Amansie Central,Kronko Number Two
Upper East,Garu District,Kuk Raago
Bono,Jaman North,Korase
Ashanti,Bekwai,Kurase
Volta,Akatsi District,Kurasi
Western,Prestea-Huni Valley,Kuranti
Ashanti,Asante Akim North,Kurakan
Eastern,Yilo Krobo,Kurakan
Greater Accra,Shai Osudoku District,Kura
Northern,Gushiegu,Kupelugu
Upper East,Binduri District,Kumpalgoga
Greater Accra,Ada East,Kunyenya
Upper West,Wa East,Kunyebin
Western,Jomoro,Kunvi
Volta,Keta,Kunu
Bono East,Techiman North District,Kuntunuso
Central,Ajumako/Enyan/Essiam,Kuntumin
Savannah,North Gonja,Kuntumakware
Upper West,Sissala West,Kuntulo
Central,Mfatseman,Kuntu
Ashanti,Adansi South,Kuntrasi
Western,Prestea-Huni Valley,Kuntuso
Ashanti,Bosomtwe,Kuntanasi
Ashanti,Amansie Central,Kuntanasi
Ashanti,Asante Akim South District,Kuntanasi
Upper West,Sissala East,Kunsolo
Bono East,Kintampo North Municipal District,Kunso
Ashanti,Ahafo Ano South,Kunsu
Ashanti,Adansi North,Kunsimua
Western,Wassa Amenfi East,Kunkweyeso
Upper East,Builsa South,Kunkwa
North East,Mamprugo Moaduri District,Kunkwa
Savannah,East Gonja,Kunkwa
Upper East,Nabdam,Nangodi Kunkezi
Eastern,Akuapim South,Kunkunu
Western North,Bibiani/Ahwiaso/Bekwai,Kumkumso
Ashanti,Unknown,Kunkum
Northern,Karaga,Kunkoni
Bono East,Pru,Kunkome
Upper East,Garu District,Kukomada
Upper East,Bolgatanga Municipal District,Kunkoa
Northern,Gushiegu,Kunguri
Savannah,Bole,Kungulu
Upper East,Kassena Nankana,Kungongo
North East,Bunkpurugu Nakpanduri District,Kungkungbonge
Greater Accra,Ada East,Kungbo
Upper East,Kassena Nankana,Kungabnia
Volta,South Dayi,Kunga
Savannah,Sawla-Tuna-Kalba,Kunfogsi
North East,East Mamprusi,Kunfore
North East,Bunkpurugu Nakpanduri District,Kunfoli
Upper West,Wa,Kunfabiala
Upper West,Wa East,Kundungu
Oti,Krachi East,Kunda
Upper West,Nadowli,Kunche
North East,Mamprugo Moaduri District,Kunchalum
North East,Chereponi,Kunari
North East,Chereponi,Kunajigu
Ashanti,Adansi South,Kemyemua
Western,Ellembelle,Kumwensia
Savannah,North Gonja,Kumun
Ashanti,Mampong,Kumpibuo
Ashanti,Amansie West,Kumpese
Upper West,Jirapa,Kumperi
Central,Twifo Hemang Lower Denkyira,Kumkumso
Central,Mfatseman,Kumkumadzi
Western North,Aowin/Suaman,Kumkrom
Greater Accra,Ada East,Kumikope
Bono East,Atebubu-Amantin District,Kumfia
Ashanti,Asante Akim South District,Kumeso
Western,Prestea-Huni Valley,Kumso
Northern,Tolon District,Kumenayili
Northern,Kumbumgu,Kumbungu
Upper East,Talensi-Nabdam,Kumbude
Upper East,Bongo District,Beo Kumbusgu
Upper East,Bolgatanga Municipal District,Kumbosugu
Upper East,Bolgatanga Municipal District,Kumbilungu
Upper East,Kassena Nankana West,Kumbilnia
Ashanti,Sekyere Afram Plains,Kumawu
Eastern,Nsawam Adoagyiri,Kumau
Ashanti,Kumasi,Kumasi
Volta,Central Tongu,Kumasi
Central,Ajumako/Enyan/Essiam,Kumasi
Central,Gomoa West,Kumasi
Western,Ahanta West,Kumasi
Ashanti,Sekyere Afram Plains,Kumasi
Western North,Aowin/Suaman,Kumasi
Western,Jomoro,Kumangeli
Eastern,Upper Manya Krobo,Kuma Kuma
Northern,Tolon District,Kumahayiri
Volta,Ketu South District,Kumadekope
Western,Mpohor,Kumachua
Ahafo,Unknown,Kuma
Upper East,Pusiga,Kuluwoko
Upper East,Pusiga,Kulupielugu
Savannah,East Gonja,Kulupi
Northern,Mion,Kulupene
North East,West Mamprusi,Kulunga
Upper West,Wa East,Kulun
Upper East,Bongo District,Akulmasa
Upper East,Bawku Municipal District,Kolpielgo
Upper East,Pusiga,Kulugungu
North East,East Mamprusi,Kuluguana
North East,West Mamprusi,Kulugu
Upper West,Sissala East,Kulufu
Upper East,Pusiga,Koltamisi
Upper East,Pusiga,Kolpeligo
Upper East,Pusiga,Kulonaba
Upper East,Garu District,Kuloko
Volta,Central Tongu,Kulobotukope
Savannah,Sawla-Tuna-Kalba,Kulmasa
Upper West,Jirapa,Kulkwe
Upper West,Lambussie Karni,Kulkarni
Upper East,Bongo District,Kuliyawgo
Northern,Kumbumgu,Kuli
Volta,Ketu North District,Kuli
Northern,Mion,Kulenpiyo
Upper West,Unknown,Kule
Upper East,Bolgatanga Municipal District,Kulbia
Volta,Ho West,Kulasi
Upper East,Binduri District,Kulago
Northern,Tamale,Kula
North East,West Mamprusi,Kukwa
Upper East,Bawku West,Kukurizoga
Volta,Hohoe,Kukurantumi
Eastern,East Akim,Kukurantumi
Ahafo,Asunafo South,Kukuom
Northern,Kumbumgu,Kukuo
Northern,Tolon District,Kukuo
Northern,Zabzugu District,Kukuo
Northern,Nanumba South,Kukuo
Central,Komenda/Edina/Eguafo/Abirem,Kukuadu
Ashanti,Adansi South,Kukuado
Upper East,Bolgatanga Municipal District,Kukua
Western,Wassa Amenfi East,Kukrukrukru
Ashanti,Ejisu Juaben,Kukrubua
Western,Wassa Amenfi East,Kukrokuro
Northern,Gushiegu,Kukpoku
North East,Chereponi,Kukpanga
Northern,Zabzugu District,Kukpaligu
Upper East,Bawku West,Kukowa
Volta,Ho West,Kukoto
Eastern,Ayensuano,Kukosu
Upper East,Bawku Municipal District,Kukosi
Central,Agona East,Kukoadu
Upper East,Bawku Municipal District,Kukdabodi
Upper East,Bawku Municipal District,Kuka
Upper West,Daffiama Bussie Issa District,Kojoperi
Greater Accra,Ada West,Kujetukope
Eastern,Ayensuano,Kuiahun
Eastern,Ayensuano,Kuiahum
Northern,Gushiegu,Kugwigu
Upper East,Garu District,Kugzua
Upper East,Garu District,Kugsabla
Upper East,Garu District,Kugasego Bugri
North East,Bunkpurugu Nakpanduri District,Kuguri
Upper East,Nabdam,Sekoti Benzure Kugure
Upper East,Garu District,Kugri Natinga
Upper East,Garu District,Kugpiela
Upper West,Wa West,Kugia
Volta,Kpando,Kudzra
Northern,Karaga,Kuduli
Northern,Gushiegu,Kuduli
Volta,North Tongu,Kududaw
Upper East,Kassena Nankana West,Kudu
Oti,Jasikan,Kudje
North East,Bunkpurugu Nakpanduri District,Kudjawen
North East,Chereponi,Kudani
Northern,Gushiegu,Kudali
Volta,Keta,Kuchiyi
Volta,Ketu North District,Kuchinu
Volta,Akatsi South,Kuchiji
North East,Chereponi,Kubra
North East,Mamprugo Moaduri District,Kubore
Upper East,Unknown,Kubongo
Upper East,Garu District,Kubonga
Upper East,Pusiga,Kubonga
Upper East,Bawku West,Kuboko
Upper East,Unknown,Kubago
Greater Accra,Ada West,Kubikope
Northern,Kumbumgu,Kubiko
Western,Wassa Amenfi Central,Kubiekun
Ashanti,Adansi South,Kubi
Savannah,North Gonja,Kubeng
Bono East,Sene East,Kubekrom
Western,Unknown,Kubekro
Greater Accra,Tema Metropolitan District,Kubekro
Western,Mpohor/Wassa East,Kobeda
Ashanti,Ejisu Juaben,Kubeasi
Ashanti,Bosomtwe,Kubeasi
Ashanti,Atwima Nwabiagya,Kubease
Northern,Kumbumgu,Kubba Long
Northern,Tatale-Sangule District,Kubalem
Bono,Unknown,Kuasu
North East,Chereponi,Kuanu-Nansoni
Ashanti,Sekyere Central,Kruwi
Northern,Gushiegu,Krumabla
Savannah,East Gonja,Krukruba
Central,Assin South,Krua
Eastern,Kwahu East,Kroyurawa
Central,Ajumako/Enyan/Essiam,Kromem
Oti,Nkwanta South,Kromasi
Western,Mpohor,Kromanti
Ashanti,Bosomtwe,Krom Ajuafo
Western,Unknown,Kroma
Western North,Juaboso,Krokosuo
Western,Unknown,Krokosua Hills Forest Reserve
Western,Unknown,Krokosuo
Greater Accra,Ga South,Kolokowhe
Eastern,Akyemansa,Krohodi
Western North,Aowin/Suaman,Krofufu
Central,Mfatseman,Krofu
Ashanti,Ahafo Ano South,Bereporo
Ashanti,Asante Akim South District,Krofa
Ashanti,Asante Akim North,Krodua
Western North,Bibiani/Ahwiaso/Bekwai,Krodua
Ashanti,Adansi South,Krodua
Eastern,Upper West Akim,Krodua
Central,Assin South,Krochuano
Central,Asikuma/Odoben/Brakwa,Krobuasi
Eastern,Akyemansa,Krobodi
Eastern,Asuogyaman,Krobochi
Bono East,Sene,Krobo
Bono East,Techiman Municipal District,Krobo
Ashanti,Mampong,Krobo
Ashanti,Kwabre District,Krobo
Eastern,Kwaebibirem,Krobo
Western,Wassa Amenfi East,Krobo Abrokyire
Western,Wassa Amenfi Central,Asuogya Krobo
Central,Twifo Hemang Lower Denkyira,Krobo
Western,Mpohor/Wassa East,Krobo
Western,Shama,Krobo
Ashanti,Sekyere Central,Krobo
Eastern,Yilo Krobo,Krobo
Western,Ellembelle,Krisan
Bono,Unknown,Kresua
North East,East Mamprusi,Kregeto
Bono East,Pru,Krawbaw
Ashanti,Ejisu Juaben,Krapakese
Bono East,Nkoranza North District,Kranka
Savannah,Bole,Krompo
Central,Mfatseman,Krampakrom
Ashanti,Ahafo Ano South,Krampa
Western North,Aowin/Suaman,Kramokrom
Western,Prestea-Huni Valley,Kramokrom
Central,Asikuma/Odoben/Brakwa,Kramokorasi
Central,Ajumako/Enyan/Essiam,Kram
Ashanti,Ahafo Ano North,Okraa Akosua
Oti,Krachi Nchumuru,Kradente
Bono,Banda,Krachikrom
Bono East,Kintampo South District,Krabonso
Eastern,Ayensuano,Kraboahebrom
Eastern,Ayensuano,Kraboa Coaltar
Eastern,Ayensuano,Krabo
Upper East,Garu District,Kpunpareyeni
North East,Bunkpurugu Nakpanduri District,Kpunkparabago
North East,Bunkpurugu Nakpanduri District,Kpumboie
North East,Bunkpurugu Nakpanduri District,Kpuloti
Northern,Mion,Kpukpalgu
Volta,South Tongu District,Kpoyino
Volta,Central Tongu,Kpoyadji
Volta,Adaklu,Kpovikofe
Volta,Keta,Kpovikofe
Volta,Central Tongu,Kpoviaji
Volta,Akatsi South,Kpovi
Volta,North Dayi,Kpotobleku
Greater Accra,Ada West,Kpotichekope
Volta,Agotime Ziope,Kpotavi
Volta,Keta,Kpotafuta
Volta,Agotime Ziope,Kpota
Volta,Ketu North District,Kpota
Volta,Akatsi District,Kpota
Greater Accra,Tema Metropolitan District,Kposi
Greater Accra,Ada West,Kposem
Greater Accra,Shai Osudoku District,Kponguno
Eastern,Lower Manya Krobo,Kpong
Greater Accra,Tema Metropolitan District,Kpone
North East,Chereponi,Kponchiga
Greater Accra,Ga East,Kpomkpo
Volta,Central Tongu,Kpokukofe
North East,Bunkpurugu Nakpanduri District,Kpokpawgbini
Upper East,Garu District,Kukparibuliga
Volta,Central Tongu,Kpokofe
Volta,Agotime Ziope,Kpoime
Volta,Ketu South District,Kpohagakofe
Volta,Ketu South District,Kpoglo
Volta,Ketu South District,Kpogli
Volta,Central Tongu,Kpogawme
Volta,Ketu South District,Kpogedi
Volta,Adaklu,Kpodzi
Volta,Keta,Kpodui
Volta,Ho,Kpodove
Volta,Ho West,Kpodji
Volta,Central Tongu,Kpodiwuro
Greater Accra,Shai Osudoku District,Kpochun
Volta,Agotime Ziope,Kpoata
Northern,Gushiegu,Kpintao
Northern,Sagnerigu,Kpinjingo
North East,East Mamprusi,Kpierenko
Volta,South Tongu District,Kpevikpo
Volta,Central Tongu,Kpevenu
Volta,Adaklu,Kpeveko
Volta,Afadzato South,Kpeve
Volta,Agotime Ziope,Kpeve
Volta,Akatsi South,Kpeve
Greater Accra,Ada East,Kpetsupanya
Volta,Adaklu,Kpetsu
Volta,Akatsi District,Kpetonu
Volta,Agotime Ziope,Kpetoe
North East,East Mamprusi,Kpetinga
Northern,Gushiegu,Kpetebu
Volta,Akatsi District,Kpete
Oti,Krachi West,Kpetchu
Upper East,Talensi-Nabdam,Kpetabon
Greater Accra,Unknown,Kpeshi Lagoon
Northern,Gushiegu,Kpesenyuni
Volta,Ho,Kpenoe
Volta,South Tongu District,Kpengnu
Northern,Savelugu Municipal District,Kpenduli
Volta,Hohoe,Kpeme
Northern,Gushiegu,Kpembik
Savannah,East Gonja,Kpembe
North East,Bunkpurugu Nakpanduri District,Kpemale
North East,East Mamprusi,Kpelkpea
Northern,Tolon District,Kpelesawgu
Volta,Adaklu,Kpeleme
Volta,Adaklu,Kpelaho
Volta,Central Tongu,Kpekpo
Greater Accra,Shai Osudoku District,Kpeigbaw
North East,Chereponi,Kpeidi
Greater Accra,Accra,Kpehe
Volta,Adaklu,Kpegbe
Volta,Central Tongu,Kpedzeglo
Volta,Ho West,Kpedze
Volta,Akatsi District,Kpedome
Volta,Agotime Ziope,Kpedekpo
North East,Bunkpurugu Nakpanduri District,Kpebongo
Volta,North Dayi,Kpebe
Volta,North Dayi,Kpawula
North East,West Mamprusi,Kpatuse
Upper East,Garu District,Kpatuya
Volta,Adaklu,Kpatove
Northern,Gushiegu,Kpatinga
Northern,Yendi,Kpatia
North East,Chereponi,Kpatani
Upper West,Wa West,Kpanfa
North East,East Mamprusi,Kparugu
Upper West,Lambussie Karni,Kpari
Northern,Gushiegu,Kpantogli
Savannah,Central Gonja,Kpansera
North East,Bunkpurugu Nakpanduri District,Kpanlore
Northern,Kpandai,Kpankpan
Northern,Yendi,Kpanjamba
North East,Chereponi,Kpani
Northern,Nanumba North,Kpangjehae
Volta,Kpando,Kpandu
Savannah,East Gonja,Kpandele
Northern,Gushiegu,Kpandana
Northern,Kpandai,Kpandae
Greater Accra,Shai Osudoku District,Kpanchedaw
Greater Accra,Shai Osudoku District,Kpanbote
Northern,Gushiegu,Kpanashie
North East,Chereponi,Kpananbogu
North East,East Mamprusi,Kpalvaka
Northern,Karaga,Kpalvaka
Northern,Kumbumgu,Kpalsawgaw
Upper East,Garu District,Kpalsako
North East,East Mamprusi,Kpalsako
Northern,Karaga,Kpalsako
Northern,Karaga,Kpalpulga
Northern,Savelugu Municipal District,Kpalung
Upper East,Bawku West,Kpalisako
Volta,South Dayi,Kpalime
Upper East,Bawku West,Kpalesoko
Upper East,Talensi-Nabdam,Kpale
Volta,Ho West,Kpale
North East,Bunkpurugu Nakpanduri District,Kpalamboni
Upper West,Nadowli,Kpala
North East,East Mamprusi,Kpakrubongo
North East,West Mamprusi,Kpakpiri
Northern,Gushiegu,Kpakalga
Volta,South Tongu District,Kpajakope
Northern,Tatale-Sangule District,Kpajaba
Upper East,Bawku West,Kpabuga
North East,Chereponi,Kpabogu
Northern,Mion,Kpabia
Northern,Nanumba South,Kpabi
Upper West,Sissala East,Kong
Volta,Akatsi South,Kovenu
Volta,Ketu North District,Kovedji
Volta,Akatsi District,Kove
Oti,Jasikan,Mont Koupobi
Oti,Nkwanta South,Koue
Bono,Berekum,Kotoa
Central,Agona East,Kotukrom
Eastern,Asuogyaman,Kotrope
Ashanti,Atwima Mponua,Kotokuom
Eastern,Akyemansa,Kotokuom
Western,Mpohor/Wassa East,Kotokrom
Greater Accra,Shai Osudoku District,Kotoko
Greater Accra,Accra,Kotoka International Airport
Western,Prestea-Huni Valley,Kotochere
Ashanti,Asante Akim North,Kotobong
Ashanti,Asante Akim North,Kotobon
Central,Assin South,Kotobebi
Greater Accra,Ada East,Kotobebe
Northern,Gushiegu,Kotoa
Greater Accra,Shai Osudoku District,Kotiyim
Northern,Karaga,Kotiko
Western,Tarkwa Nsuaem,Kotiaboa
Ashanti,Kumasi,Kotei
Western North,Sefwi Akontobra,Kotechi
Northern,Kumbumgu,Kotala
Northern,Yendi,Kotajile
Ashanti,Ejisu Juaben,Kotai
Western,Tarkwa Nsuaem,Kotabebi
Volta,North Tongu,Kosokakofe
Volta,Agotime Ziope,Kosilala
Volta,Ketu South District,Kosikope
Volta,Ho West,Kosigakofe
Volta,South Tongu District,Koshikofe
Central,Assin North,Koshea
North East,East Mamprusi,Kosa
Upper West,Lambussie Karni,Korro
Upper East,Builsa South,Korogadoni
Upper West,Daffiama Bussie Issa District,Korinyiri
Northern,Unknown,Koreba
Bono,Berekum,Koraso
Bono,Dormaa,Koraso
Oti,Nkwanta South,Korantai
Eastern,Suhum/Kraboa/Coaltar,Koransang Dedewa
Eastern,Asuogyaman,Koranchi
Ashanti,Asante Akim South District,Koranchi
Greater Accra,Unknown,Koran
Eastern,Ayensuano,Koran
Volta,Adaklu,Koradekofe
Savannah,North Gonja,Kopoto
Greater Accra,Shai Osudoku District,Kopodaw
Northern,Savelugu Municipal District,Kopiong
Upper East,Talensi-Nabdam,Kopielga
Upper East,Bawku West,Kopela
Greater Accra,Ada East,Kopehem
Bono East,Pru,Kopasi
Northern,Karaga,Kopalli
Ashanti,Amansie West,Konuasi
Ashanti,Amansie Central,Kontromfikurom
Bono,Sunyani,Kontrajeso
Ashanti,Atwima Nwabiagya,Kontomrekrom
Bono,Unknown,Kontiti
Ashanti,Asante Akim North,Konongo
Volta,Agotime Ziope,Konokofe
Bono East,Nkoranza North District,Konkrompe
Eastern,Akyemansa,Konkromaso
Ashanti,Bekwai,Konkromasi
Ashanti,Adansi South,Konkromasi
North East,Mamprugo Moaduri District,Konkoro
Savannah,North Gonja,Konkori
Ashanti,Atwima Kwanwoma,Konkori
Bono East,Sene,Konkonsi
Northern,Gushiegu,Konkonjani
Eastern,Upper Manya Krobo,Konkone Abetima
Eastern,Upper Manya Krobo,Konkone
Ashanti,Bosomtwe,Konkoma
Ashanti,Adansi South,Konkoja
Eastern,Akuapim North,Konko
Upper West,Sissala West,Kunkogu
Ashanti,Bekwai,Koniyao
Greater Accra,Ada West,Koni
Upper West,Wa East,Tomayiri
Bono East,Kintampo North Municipal District,Kongoja
Upper East,Garu District,Kongo
Upper East,Nabdam,Kongo Asinabisi
Upper East,Bawku West,Kongo
Central,Twifo Ati-Morkwa,Kongkongso
Savannah,Sawla-Tuna-Kalba,Kong
Upper East,Talensi-Nabdam,Kondzua
Volta,Kpando,Konda
Volta,North Dayi,Konda
Volta,Afadzato South,Konda
Eastern,Upper West Akim,Konakohwe
Ashanti,Sekyere South,Kona
Volta,Adaklu,Komlakofe
Volta,Ho,Komiyaokofe
Central,Upper Denkyira East,Komikrom
Northern,Gushiegu,Komia
Bono East,Pru,Komfokrom
Eastern,Kwahu North,Komfoama
Western,Shama,Komfeku
Central,Unknown,Komenda Fuelwood Forest Reserve
North East,Bunkpurugu Nakpanduri District,Kome
Volta,Central Tongu,Kome
Northern,Kumbumgu,Kombonayili
North East,Chereponi,Komba
Northern,Karaga,Komayili
Upper West,Sissala East,Koma
Northern,Unknown,Kolumba
Savannah,Central Gonja,Kolufu
Upper East,Bawku Municipal District,Koltanga
Upper East,Unknown,Kolsabuliga
Upper East,Garu District,Kolsabuliga
Upper East,Binduri District,Koldago
Volta,North Tongu,Kolokpo
Greater Accra,Ada West,Koloidaw
Upper East,Talensi-Nabdam,Kologo Kanvawya
Upper East,Kassena Nankana,Kologo
Volta,Afadzato South,Koloenu
Upper East,Unknown,Kolebore
Upper East,Garu District,Kolebore
Northern,Yendi,Kolobo
Northern,Tolon District,Kolitsogo
North East,East Mamprusi,Kolinva
Greater Accra,Ada East,Kolikope
North East,Bunkpurugu Nakpanduri District,Koliki
Northern,Gushiegu,Koliki
Greater Accra,Ga West,Koleman
North East,Mamprugo Moaduri District,Kolbugu
Savannah,East Gonja,Kolayili
Western,Tarkwa Nsuaem,Kokwadu
Western,Jomoro,Kokuti
North East,Bunkpurugu Nakpanduri District,Kokuruge
Northern,Tolon District,Kokuo
Northern,Sagnerigu,Kokuo
Eastern,Lower Manya Krobo,Kokunuru
Bono East,Kintampo South District,Kokuma
Western,Ellembelle,Kokum
Western,Prestea-Huni Valley,Kokum
Bono,Jaman North,Kokoaa
Ashanti,Sekyere East,Kokua
North East,East Mamprusi,Kokua
Eastern,Kwahu West,Kokronpe
Eastern,Kwahu West,Kokroboti
Greater Accra,Ga South,Kokrobite
Eastern,Akyemansa,Kokraso
North East,Chereponi,Kokpogele
North East,East Mamprusi,Kokpelibobgu
Western,Wassa Amenfi West,Kokoum
Ashanti,Bekwai,Kokotru
Ashanti,Adansi South,Kokotenten
Ashanti,Adansi South,Kokotintin
Eastern,Birim Central,Kokotintin
Ashanti,Ahafo Ano South,Kokoteasua
Bono,Jaman North,Kokosua Number Two
Central,Asikuma/Odoben/Brakwa,Kokoso
Western,Ellembelle,Kokosanfu
Ashanti,Afigya-Kwabre District,Kokosachi
Western North,Juaboso,Kokorokrom
Ashanti,Sekyere Afram Plains,Kokorobo
Bono,Dormaa,Kokorasua
Eastern,Fanteakwa,Kokoradanso
Eastern,Asuogyaman,Kokora
Western,Prestea-Huni Valley,Kokonini
Greater Accra,Accra,Kokomlemle
Upper West,Nandom,Kokoligu
Upper East,Bawku West,Kokole
Western,Mpohor,Kokofu Kakraba
Bono East,Atebubu-Amantin District,Kokofu
Ashanti,Bekwai,Kokofu
Western,Wassa Amenfi East,Kokofu
Central,Gomoa West,Kokofu
Central,Gomoa East,Kokofu
Western,Nzema East,Kukoavile
Ashanti,Ejisu Juaben,Kokodie
Ashanti,Offinso North,Kokodibon
Ashanti,Sekyere Afram Plains,Kokode
Western,Unknown,Kokobo
Ashanti,Bosomtwe,Kokobiriko
Ashanti,Atwima Nwabiagya,Tonto Kokoben
Ashanti,Atwima Nwabiagya,Kokoben
Ashanti,Atwima Kwanwoma,Kokoben
Ashanti,Bekwai,Ofoase Kokoben
Ashanti,Bosome Freho,Kokobin
Ashanti,Asante Akim South District,Kokobin
Eastern,Birim South,Kokobin
Eastern,Akuapim South,Kokobin
Central,Awutu Senya,Kokobin
Western North,Aowin/Suaman,Kokobin
Central,Ajumako/Enyan/Essiam,Kokoben
Eastern,Denkyembour,Kokoasi
Volta,North Tongu,Koklokome
Western North,Aowin/Suaman,Koketri
Ashanti,Atwima Mponua,Kojwirakrom
Volta,North Tongu,Kojovikofe
Central,Assin North,Kodwommra-Kurom
Greater Accra,Ga West,Kojoman
Western,Jomoro,Kojokuma
Western North,Sefwi Akontobra,Kodwokrom
Greater Accra,Ga West,Kojokrom
Central,Twifo Ati-Morkwa,Kojokrom
Greater Accra,Shai Osudoku District,Kojokope
Western North,Bia East,Fosukrom
Eastern,West Akim,Kojo Fanchuma
Ashanti,Asante Akim North,Kojobukokrom
Northern,Kpandai,Kojobonipe
Ashanti,Atwima Mponua,Kojobinekrom
Western,Ahanta West,Kegyabir
Greater Accra,Ga West,Kodwoashon
Ashanti,Ahafo Ano South,Kojoaferi
Western North,Sefwi-Wiawso,Kogyena
Western North,Bibiani/Ahwiaso/Bekwai,Kojina
Western,Prestea-Huni Valley,Kojimakrom
Western,Nzema East,Kegyina
Bono,Banda,Kogyei
Western,Nzema East,Kohuri
Western,Tarkwa Nsuaem,Kohorokosha
Upper East,Bawku West,Kukogo
Western North,Bodi,Kofuka
Eastern,New Juaben,Koforidua
Central,Gomoa West,Koforidua
Central,Cape Coast,Koforidua
Western,Wassa Amenfi West,Kofobikrom
Volta,Ho West,Kofiti
Eastern,West Akim,Kofi Pare
Western,Wassa Amenfi West,Kofiogu
Ashanti,Asante Akim South District,Kofi Minta
Central,Upper Denkyira East,Kofime
Western North,Bia,Kofikrom
Western North,Juaboso,Kofikrom
Ashanti,Adansi South,Kofikrom
Central,Assin North,Kofikrom
Western,Wassa Amenfi West,Kofikrom
Greater Accra,Shai Osudoku District,Kofikope
Central,Twifo Hemang Lower Denkyira,Kofijaberakrom
Eastern,Kwahu East,Kofidede
Ahafo,Asunafo South,Kofibinbepo
Western,Prestea-Huni Valley,Kofibankikrom
Ashanti,Bosomtwe,Kofiayekrom
Ashanti,Mampong,Kofiase
Ashanti,Bosomtwe,Kofiasarekrom
Bono,Dormaa,Kofiasua
Ashanti,Asante Akim South District,Kofianumakrom
Western,Ellembelle,Kofi Aiyaura
Volta,Ketu South District,Kofeyi
Volta,Adaklu,Koferakwi
Volta,Ketu South District,Kofega
Bono East,Sene,Kofe Djan
Volta,Adaklu,Koeta
Central,Twifo Ati-Morkwa,Koe Nimakurom
Volta,Keta,Kodzi
Central,Asikuma/Odoben/Brakwa,Koduabe
Savannah,East Gonja,Kodregbuni
Volta,Adaklu,Kodjobi
Volta,Adaklu,Kodje
Eastern,Kwahu North,Kodidi
Eastern,Yilo Krobo,Kodiabe
Greater Accra,Shai Osudoku District,Kodiabe
Eastern,West Akim,Kodiabe
Savannah,North Gonja,Kodengu
Central,Upper Denkyira East,Kodajwen
Ashanti,Amansie Central,Kobuaso
Eastern,West Akim,Kobriso
Eastern,Akuapim South,Kobriso
Ashanti,Offinso North,Kobreso
Ashanti,Amansie Central,Kobraw
Central,Twifo Ati-Morkwa,Koboedi
Western North,Sefwi Akontobra,Betsenase
Western,Jomoro,Kabenlasuazo
Western North,Suaman,Kobnakrom
Western,Nzema East,Kobna Bosum
Northern,Unknown,Koblijor
Volta,South Tongu District,Koblakope
Western North,Aowin/Suaman,Kobisakrom
Central,Agona East,Kobinagurakrom
Northern,Nanumba North,Kobiele
Ashanti,Atwima Nwabiagya,Kobi
Ashanti,Atwima Nwabiagya,Koben
Northern,Gushiegu,Kobali
Bono,Wenchi,Koase
Volta,North Tongu,Kluma
Volta,Central Tongu,Klukpo
Volta,Ketu South District,Klukpe
Northern,Gushiegu,Klukpanga
Northern,Yendi,Klukpanga
Northern,Saboba,Klugbani
Savannah,Sawla-Tuna-Kalba,Kuluwon
North East,Bunkpurugu Nakpanduri District,Klopuatek
Volta,Keta,Klomikpota
Volta,Ho West,Kloe
Volta,North Tongu,Klodosukofe
Volta,Afadzato South,Klikpo
Volta,Ketu South District,Agbosome
Volta,Central Tongu,Klepo
Volta,North Tongu,Klenumedi
Volta,Ketu North District,Klenomadi
Volta,Hohoe,Kledjo
Greater Accra,Shai Osudoku District,Klebwenya
Bono,Banda,Klapo
Volta,Ho,Klave
Volta,North Tongu,Klamadaboi
Upper East,Pusiga,Kiyinchingu
Ashanti,Asante Akim South District,Kitibo
Savannah,Bole,Kitempe
Eastern,Akuapim South,Kitasi
Northern,Kpandai,Kitare
Western,Shama,Kisi-Kwanta
Central,Komenda/Edina/Eguafo/Abirem,Kisi
Northern,Tolon District,Kisheggo
Volta,Central Tongu,Kirepo
Northern,Tamale,Kiong
Bono East,Kintampo North Municipal District,Kintampo
Savannah,East Gonja,Kino
North East,Bunkpurugu Nakpanduri District,Kinkongo
Upper West,Daffiama Bussie Issa District,Kinkele
Oti,Nkwanta South,Kyillinga
Upper East,Bawku Municipal District,Kikaziegu
Western,Ellembelle,Kikam
Eastern,East Akim,Kibi
Upper East,Builsa South,Kiau
Savannah,Bole,Kiayape
Greater Accra,Shai Osudoku District,Keyumi
Upper East,Kassena Nankana West,Kayilo
Western,Mpohor,Ketekrom
Oti,Krachi West,Kete Krachi
Central,Mfatseman,Kete
Volta,Keta,Keta
Northern,Kumbumgu,Keshago
Western,Wassa Amenfi West,Kesekrom
Volta,Central Tongu,Kerikofe
Oti,Nkwanta South,Keri
Ahafo,Asutifi,Kenyase Number Two
Ahafo,Asutifi,Kenyase Number One
Ahafo,Asutifi,Gambia Number Two
Greater Accra,Ada West,Kenya
Ashanti,Amansie Central,Kente
Ashanti,Offinso Municipal District,Kensre
Ashanti,Obuasi,Kensiri
Ashanti,Bekwai,Kansere
Northern,Gushiegu,Kenka-Jamponyinga
Savannah,Unknown,Kenikeni
Ashanti,Amansie West,Keniago
Western,Prestea-Huni Valley,Keniago
Northern,Saboba,Kugnani
Greater Accra,Ada East,Kenaw
Volta,North Tongu,Kelikaw
Volta,North Tongu,Kekwo
Volta,Ho West,Kekenikekofe
Central,Assin South,Kehienkodu
Oti,Nkwanta South,Kedjebi
Northern,Savelugu Municipal District,Kedia
Savannah,East Gonja,Kdieresu
Savannah,West Gonja,Kbolebi
Upper East,Kassena Nankana West,Kayoro
Central,Assin South,Kayensiri
Ahafo,Asunafo North,Kawteigo
Central,Ajumako/Enyan/Essiam,Kawsisa
Bono,Dormaa,Kosan
Upper West,Jirapa,Kawrawra
Central,Mfatseman,Kawonsro
Ashanti,Unknown,Kawnwia
Central,Twifo Ati-Morkwa,Kawniaba
Western,Wassa Amenfi West,Kawmekrom
Upper East,Bawku West,Kawmaka
Upper East,Bolgatanga Municipal District,Kawlogo
Greater Accra,Unknown,Kawli Lagoon
Northern,Zabzugu District,Kawkrugu
Western,Unknown,Kawkese
Ashanti,Adansi North,Kawkawtisem
Ashanti,Offinso Municipal District,Kokote
Ashanti,Bosomtwe,Kawkawdei
Ashanti,Sekyere Afram Plains,Kawkawbo
Northern,Savelugu Municipal District,Kukobila
Ashanti,Ahafo Ano South,Kwamokurom
Ashanti,Asante Akim North,Kawelekawele
Volta,Adaklu,Kawdiabe
Ashanti,Adansi North,Kawbin
Bono,Dormaa East,Kawbedi
Volta,Ketu North District,Kave
Upper West,Sissala East,Kauwilia
Eastern,Upper Manya Krobo,Kauwere
Upper East,Kassena Nankana West,Kauwenia
Upper East,Bawku West,Kausaungo
Savannah,East Gonja,Kaukurugi
Upper West,Nandom,Kentuo
Upper West,Wa East,Katua
Western,Prestea-Huni Valley,Kaitrim
Bono,Berekum,Kato
Eastern,Upper West Akim,Katiyensua
Upper East,Kassena Nankana West,Ketiu
Upper West,Sissala East,Katinia
North East,Mamprugo Moaduri District,Katigiri
Ashanti,Atwima Mponua,Kasifie
Northern,Kpandai,Katiajeli
Northern,Gushiegu,Katani
Northern,Mion,Katengule
Central,Assin North,Katenchi
Upper West,Sissala East,Katekunu
Bono,Jaman South,Katakyiekurom
Upper East,Talensi-Nabdam,Katansiga
Savannah,Central Gonja,Katanga
North East,East Mamprusi,Katanbule
Greater Accra,Tema Metropolitan District,Katamanso
Western,Ahanta West,Katakul
Ashanti,Atwima Mponua,Katachiwa
Central,Abura/Asebu/Kwamankese,Katachiasi
Northern,Tolon District,Kasuridaborshi
Northern,Tolon District,Kasuri
Greater Accra,Shai Osudoku District,Kasunya
Upper West,Sissala East,Kassane
Volta,Ketu North District,Kasoveko
Upper East,Builsa South,Kasisa
Northern,Karaga,Kasiele
Western North,Aowin/Suaman,Kasichikrom
Western,Unknown,Kaasi
Upper East,Kassena Nankana,Kasi
Ashanti,Kumasi,Kaase
Ashanti,Amansie West,Kasi
Ashanti,Ejura Sekyedumase,Kase
Greater Accra,Ada East,Kase
Western,Ahanta West,Kasaw
North East,East Mamprusi,Kasape
Eastern,Birim Central,Kasanwere
Upper West,Sissala East,Kasanpari
Upper East,Kassena Nankana,Kassaningo
Bono East,Pru,Kasanga
Northern,Nanumba North,Kasampwi
Northern,Tamale,Kasalgo
Northern,Karaga,Kasale
Bono,Tain,Kasakaw
Ashanti,Kwabre District,Kasaim
Bono,Banda,Kasa
Western North,Suaman,Karo
Upper West,Lambussie Karni,Karni
Upper West,Nadowli,Kurri
Upper East,Bawku West,Kare
Upper West,Jirapa,Kori
Northern,Sagnerigu,Kararaga
North East,West Mamprusi,Karamenga
Northern,Karaga,Karaga
Upper West,Sissala West,Kupulima
Bono East,Pru,Kapua
Northern,Karaga,Kaptun
Bono East,Pru,Kapro
Ashanti,Atwima Nwabiagya,Kapro
Eastern,Yilo Krobo,Kaple
Upper West,Jirapa,Kapachuhu
Ashanti,Adansi South,Kaotrihue
Upper East,Nabdam,Kaogo
Upper West,Nadowli,Kanyini
Upper West,Nadowli,Kanyinguasi
Ashanti,Kwabre District,Kenyase
Central,Agona East,Kanyanko
Western,Tarkwa Nsuaem,Kanyankaw
Savannah,East Gonja,Kanyanga
Northern,Sagnerigu,Kanvile
Ashanti,Kumasi,Kantinkronu
Western,Wassa Amenfi Central,Kantenchena
Oti,Krachi West,Kantankufri
Northern,Gushiegu,Kantanbuguri
Upper East,Bawku West,Kansongo
Ashanti,Adansi South,Kansiri
Upper East,Bongo District,Kansinga
Northern,Savelugu Municipal District,Kanshegu
Western,Secondi Takoradi,Kasawuradu
Ashanti,Adansi North,Kansan
Western North,Aowin/Suaman,Kansakrom
Volta,North Tongu,Kanoweli
Upper West,Nadowli,Kankanjia
Eastern,Atiwa,Kankang
Ashanti,Amansie Central,Kankanfrasi
Bono East,Kintampo South District,Kankan
Ashanti,Afigya-Kwabre District,Kankamkrom
Ashanti,Sekyere Afram Plains,Kankamansa
Bono,Unknown,Kankama
North East,West Mamprusi,Kankadina
Western North,Aowin/Suaman,Kankaboin
Bono,Banda,Kanka
Upper East,Builsa South,Kanjaga
Central,Upper Denkyira East,Kanigufo
Upper West,Lambussie Karni,Kongwoli
Upper East,Pusiga,Kangberigu
Western,Ellembelle,Kangaswaso
Western,Jomoro,Kengen
Upper East,Bongo District,Kanga
Bono,Unknown,Kane
Upper West,Nadowli,Kandomene
Savannah,North Gonja,Kandinga
Bono East,Kintampo North Municipal District,Kandige
Upper East,Kassena Nankana,Kandiga
Upper West,Wa West,Kandeo
Upper East,North Builsa District,Kandem
Upper West,Wa East,Kandea
Western North,Sefwi-Wiawso,Kwankyeabo
Savannah,West Gonja,Kananto
Savannah,East Gonja,Kanangkule
Central,Awutu Senya,Kamuo
Upper East,Pusiga,Zong Natinga
Upper East,Bawku West,Kansorgo
Ashanti,Adansi North,Kampriso
Upper West,Wa,Kampaha
Bono East,Pru,Kamampa
Western,Ahanta West,Kamfakrom
Upper East,Bawku West,Kamega
Volta,Afadzato South,Kame
Northern,Karaga,Kamboshia
North East,Bunkpurugu Nakpanduri District,Kambetiak
Upper West,Wa,Kanbale
North East,Bunkpurugu Nakpanduri District,Kambago
Upper West,Unknown,Kamba
Western,Wassa Amenfi West,Kamaso
Volta,Agotime Ziope,Kamasakofe
Savannah,East Gonja,Kamabuie
Western,Unknown,Kama
Western North,Bodi,Kama
Upper West,Nadowli,Kaluri
Upper West,Lawra,Kalsare
Upper West,Nadowli,Kalsara
Savannah,Central Gonja,Kalonso
Upper East,Kassena Nankana West,Kalevio
Upper East,Kassena Nankana,Kalesesi
Upper West,Nadowli,Kaleo
Savannah,Central Gonja,Kale
Upper East,Talensi-Nabdam,Kalboka
Upper East,Bolgatanga Municipal District,Kalbiongo
Savannah,Sawla-Tuna-Kalba,Kalba
Northern,Kpandai,Kalande
Northern,Gushiegu,Kalamoago
Eastern,Asuogyaman,Kalamanikofe
Bono,Tain,Kalafutu
Northern,Unknown,Kalabong
Central,Cape Coast,Kakumdu
Northern,Tatale-Sangule District,Kakpanjag
Savannah,East Gonja,Kakoshi
Ahafo,Unknown,Kawkawere
North East,Chereponi,Kakali
Western,Mpohor/Wassa East,Kakaho
Bono East,Kintampo North Municipal District,Kaka
Ashanti,Sekyere Afram Plains,Kajawarasi
Savannah,East Gonja,Kajau
Savannah,Central Gonja,Kajasi
Greater Accra,Shai Osudoku District,Kajanya
Bono East,Sene East,Kajaji
Bono East,Pru,Kajai
Greater Accra,Ada East,Kaja
Upper East,Kassena Nankana West,Kaiyoro-Uru
Northern,Mion,Kaiyong
Western,Wassa Amenfi Central,Kaiyira
Central,Twifo Ati-Morkwa,Kaireku
Western,Mpohor/Wassa East,Kahinibuoso
Upper West,Nadowli,Katha
Upper East,Garu District,Kagbiri
Volta,Akatsi South,Kagape
North East,Bunkpurugu Nakpanduri District,Kagani
Western,Wassa Amenfi East,Kafudidi
Central,Komenda/Edina/Eguafo/Abirem,Kafodzidzi
Ashanti,Adansi South,Kafodidi
Western,Prestea-Huni Valley,Kafodidi
Western,Mpohor/Wassa East,Kafodidi
Savannah,East Gonja,Kafaba
Bono East,Pru,Kadue
Upper East,Kassena Nankana West,Kadoro
Upper West,Wa,Kadoli
Upper East,Binduri District,Kadi
Oti,Kadjebi,Kadjebi
Oti,Biakoye,Kadjebi
Eastern,Atiwa,Kadewaso
Savannah,East Gonja,Kadengel
Upper East,North Builsa District,Kadema
Bono East,Kintampo North Municipal District,Kadelso
Eastern,Kwaebibirem,Kade
Upper East,Bongo District,Kadare
Volta,Ho West,Kadanga
Volta,South Dayi,Kadakofe
Savannah,Central Gonja,Kadabwenso
Upper West,Sissala East,Kachumangajan
Savannah,Central Gonja,Kacherasse
Bono East,Pru,Kachauasi
Savannah,East Gonja,Kachanki
Volta,North Tongu,Kabuteti
Savannah,East Gonja,Kabulembu
Bono,Banda,Kabrunu
Bono,Jaman North,Kabere
Upper East,Bongo District,Kabre
Northern,Kpandai,Kanbowele
Upper East,Garu District,Kpunkpanying
Western,Jomoro,Kabaku
Eastern,Upper Manya Krobo,Kabo
Greater Accra,Ada West,Kablevu
Northern,Zabzugu District,Kable
North East,Chereponi,Kablani
Savannah,East Gonja,Kabeso
Volta,Central Tongu,Kabenu
Western,Prestea-Huni Valley,Kabensiri
Western,Ellembelle,Kabensiri
Upper East,Bawku Municipal District,Kabengo
Savannah,West Gonja,Kabanpe
Savannah,Bole,Kablima
Savannah,Central Gonja,Kabalibe
Savannah,East Gonja,Kabako
Upper West,Nadowli,Kabaha
Savannah,East Gonja,Kabache
Upper West,Sissala West,Ka
Northern,Tolon District,Ka
Ashanti,Amansie Central,Edwenase
Central,Ajumako/Enyan/Essiam,Jwinase
Ashanti,Sekyere Afram Plains,Jwiasa
Central,Agona West,Jwewuhu
Central,Mfatseman,Jwenuabadzi
Ashanti,Asante Akim South District,Jwenjweasi
Ashanti,Atwima Nwabiagya,Jwehen
Western,Prestea-Huni Valley,Dwaben
Eastern,Kwahu East,Jurebi
Northern,Gushiegu,Junjungo
Northern,Saboba,Junjungo
Ahafo,Tano South,Dwommo
Eastern,Upper Manya Krobo,Jumwa
Bono,Unknown,Dwumoasu
Upper West,Wa East,Jumo
Bono,Banda,Jumbu
Eastern,New Juaben,Jumapo
Ashanti,Bekwai,Dwumakro
Ashanti,Amansie West,Jumako
Western,Wassa Amenfi Central,Dwukwa
Central,Gomoa East,Jukwa
Central,Gomoa West,Jukwa
Central,Twifo Hemang Lower Denkyira,Jukwa
Savannah,Central Gonja,Jukuku
North East,Chereponi,Jujungo
Greater Accra,Shai Osudoku District,Jugajikope
Ashanti,Asante Akim North,Juasohenekrom
Ashanti,Asante Akim South District,Juaso
Central,Assin North,Juaso
Ashanti,Bosome Freho,Juasi
Ashanti,Asante Akim North,Juansa
Ashanti,Bekwai,Juamang
Ashanti,Ahafo Ano North,Dwaaho
Ashanti,Ahafo Ano South,Juahu
Ashanti,Ejura Sekyedumase,Juahaw
Eastern,West Akim,Juafoakwa
Central,Awutu Senya East Municipal,Juabin
Ashanti,Ejisu Juaben,Juaben
Western,Mpohor/Wassa East,Dwaben
Eastern,Lower Manya Krobo,Jowainia
Volta,Ho,Joto
Greater Accra,Shai Osudoku District,Jopo
Ashanti,Amansie Central,Dwondwoso
North East,Mamprugo Moaduri District,Jonwara
Greater Accra,Accra,Dansoman
Western,Wassa Amenfi East,Jonjoso
Savannah,East Gonja,Jongase
Western North,Aowin/Suaman,Jomuro
Volta,North Tongu,Jompong
Western,Shama,Jomo
Greater Accra,Ga South,Dzamai
Northern,Mion,Jolo
Western,Ellembelle,Josokrom
Western,Wassa Amenfi Central,Johnsonkrom
Northern,Saboba,Jogoli
Volta,Akatsi South,Jogladsi
Savannah,Bole,Jogboi
Volta,North Tongu,Jodemla
Volta,South Dayi,Jobati
Volta,Ketu North District,Jobafi
Eastern,Asuogyaman,Joasi
Volta,South Tongu District,Jisakope
Upper West,Daffiama Bussie Issa District,Jinpasi
Northern,Gushiegu,Jirimbale
North East,Chereponi,Jirima
Western,Wassa Amenfi Central,Jirigum
Western,Mpohor/Wassa East,Jirewuo
Ashanti,Atwima Mponua,Gyereso
Volta,North Tongu,Jirawde
Volta,Ho West,Jirate
Upper West,Jirapa,Jirapa
Ashanti,Kumasi,Gyenyasi
North East,Bunkpurugu Nakpanduri District,Jinwol
North East,Bunkpurugu Nakpanduri District,Jintinga
Savannah,East Gonja,Jinlo
Savannah,North Gonja,Jinkrom
Bono,Berekum,Jinjini
Bono,Jaman North,Gyenegyene
Upper East,Builsa South,Jiningsa
Volta,Keta,Jiniagba
Upper East,Pusiga,Jingere
North East,Bunkpurugu Nakpanduri District,Jingbang
Savannah,North Gonja,Jinfronu
Central,Ekumfi,Jinankuma
Western,Ahanta West,Gyimra Bepo
Eastern,Fanteakwa,Jimpomani
Northern,Mion,Jimile
Ashanti,Obuasi,Gyimisokakraba
Ashanti,Adansi North,Jimiso
Eastern,Birim North,Jiminafwe
Ashanti,Adansi South,Gyimigya
Ashanti,Unknown,Gyimi
Savannah,East Gonja,Jimbupe
Western North,Aowin/Suaman,Jimbokrom
North East,Chereponi,Jimbegele
North East,Bunkpurugu Nakpanduri District,Jimbale
North East,East Mamprusi,Jimbale
North East,Chereponi,Jimbale
Northern,Gushiegu,Jimbale
Northern,Gushiegu,Jimbala
Savannah,Sawla-Tuna-Kalba,Jimarian
Northern,Nanumba South,Jimam
Ashanti,Asante Akim South District,Jimachi
North East,Bunkpurugu Nakpanduri District,Jilig
Volta,Akatsi South,Jikame
Bono,Tain,Jijimilaja
Upper West,Sissala East,Jijen
Upper West,Sissala East,Jijan
Savannah,East Gonja,Jidanyile
Northern,Gushiegu,Jibliga
Ashanti,Asante Akim North,Jiasi
Western,Ellembelle,Edwakpole
Upper West,Wa East,Jeyiri
Western,Jomoro,Gyawue Wharf
Western,Jomoro,Gyawue
Western,Wassa Amenfi Central,Jetukrom
Central,Upper Denkyira East,Asimakurom
Ashanti,Atwima Nwabiagya,Jetua
Volta,South Tongu District,Jetokwe
North East,Bunkpurugu Nakpanduri District,Jetini
Ashanti,Adansi South,Jesikrom
Central,Abura/Asebu/Kwamankese,Jesikrom
Central,Agona East,Jesi
Savannah,Bole,Jesi
Central,Komenda/Edina/Eguafo/Abirem,Jerusalem
Northern,Tamale,Jerigo
Upper West,Wa East,Jerbuga
Savannah,Sawla-Tuna-Kalba,Jentilpe
Bono East,Pru,Jentidua
Upper East,Bawku Municipal District,Jentega
Upper East,Binduri District,Jentega
Western,Unknown,Gyensue
Western North,Aowin/Suaman,Gyansue
Bono,Wenchi,Gyansoso
Bono,Jaman South,Gyengyemeregya
Ashanti,Amansie West,Jeniso
Ashanti,Bosome Freho,Jeniaju
North East,Bunkpurugu Nakpanduri District,Jengendere
Ashanti,Ahafo Ano South,Jenfikrom
Greater Accra,Shai Osudoku District,Jenahaw
Savannah,Central Gonja,Jempaigo
Upper West,Sissala East,Jembogo
Western,Wassa Amenfi Central,Jembo
Northern,Karaga,Jemaka-Tindon
Northern,Karaga,Jemaka
Bono East,Kintampo South District,Jema
Western North,Aowin/Suaman,Gyema
Western North,Aowin/Suaman,Jema
Upper West,Daffiama Bussie Issa District,Jolinyiri
Upper East,Garu District,Gyelakologo
Eastern,Atiwa,Jejeti
Ahafo,Asutifi South,Jeinsuso
Greater Accra,Ga South,Gyeikrodua
Greater Accra,Unknown,Gyei
Northern,Nanumba North,Jegwa
North East,Bunkpurugu Nakpanduri District,Jegori
Upper West,Sissala West,Jeffisi
Central,Ajumako/Enyan/Essiam,Jedukrom
Western,Unknown,Gyedua
Western,Wassa Amenfi Central,Gyeduakese
Western,Ahanta West,Jedua
Eastern,Birim Central,Jedem
North East,East Mamprusi,Jebrajo
Northern,Kumbumgu,Jebo
Upper West,Wa East,Jayiri
Greater Accra,Shai Osudoku District,Jawpanya
Central,Twifo Hemang Lower Denkyira,Jaware
North East,East Mamprusi,Jawani
Volta,Akatsi South,Jave
Bono East,Atebubu-Amantin District,Jato Zongo
Upper East,North Builsa District,Jaata
Oti,Jasikan,Jasikan
Upper East,Builsa South,Jasa
Northern,Tolon District,Jaragolili
Ashanti,Unknown,Gyapuni
Bono,Jaman South,Japekrom
Northern,Kumbumgu,Japara
Western,Wassa Amenfi East,Gyapa
North East,Chereponi,Janyuni
Upper West,Jirapa,Janvori
Savannah,East Gonja,Jantoo Kuko
Savannah,East Gonja,Jantong
Savannah,Sawla-Tuna-Kalba,Jantilla
Western,Wassa Amenfi West,Buodukrom
Ashanti,Sekyere Central,Jansabuo
Ashanti,Sekyere Central,Jansa
Greater Accra,Ga West,Janman
Greater Accra,Ga South,Pambros Salt Ponds
Central,Assin North,Jankwa
Bono,Jaman North,Gyankufo
Central,Twifo Hemang Lower Denkyira,Jankubowu
Bono,Tain,Gyankru
Northern,Karaga,Jankpinhi
Northern,Zabzugu District,Jankonyili
Ashanti,Atwima Nwabiagya,Jankoba
Upper West,Wa West,Janko
Central,Assin North,Jani
Upper West,Nadowli,Janguasi
North East,Chereponi,Jangbana
North East,Bunkpurugu Nakpanduri District,Jangandele
North East,West Mamprusi,Janga
Upper West,Nadowli,Jang
Savannah,Sawla-Tuna-Kalba,Jang
Western North,Aowin/Suaman,Janeso
Greater Accra,Shai Osudoku District,Janbakope
Upper East,Kassena Nankana,Janania
Central,Agona East,Janakura
Volta,North Dayi,Jana
Ashanti,Adansi South,Jamsidie
Bono,Jaman North,Gyamera
Central,Asikuma/Odoben/Brakwa,Jamra
Ashanti,Unknown,Jamponi
Northern,Nanumba North,Jamo
North East,East Mamprusi,Jamfoyili
Bono,Berekum,Jamdere
Oti,Nkwanta South,Jambo
Ashanti,Sekyere South,Jamasi
Ashanti,Kwabre District,Gyenyasi
Central,Upper Denkyira West,Jamang
Western,Wassa Amenfi East,Abesewa Gyaman
Western,Wassa Amenfi West,Gyaaman
Eastern,West Akim,Jaman
Central,Gomoa East,Jaman
Northern,Zabzugu District,Jamalega
Savannah,Bole,Gyama
Upper East,Builsa South,Jakwansatambia
North East,Chereponi,Jakwa
Western,Mpohor/Wassa East,Jakwa
Northern,Kumbumgu,Jakugu
Northern,Gushiegu,Jaktende
North East,Chereponi,Jakpele
North East,Chereponi,Jakpari
Northern,Gushiegu,Jakpa
Ashanti,Ahafo Ano North,Jacobu
Ashanti,Amansie Central,Gyakobu
Western,Jomoro,Jakobswaso
Central,Agona East,Jakobkrom
Eastern,Yilo Krobo,Jakiti
North East,West Mamprusi,Jakasi
Central,Assin South,Jakai
Ashanti,Amansie West,Jajukrom
Central,Gomoa West,Jaimanhu
Volta,Central Tongu,Jaheta
Central,Effutu,Jahadzi
North East,Bunkpurugu Nakpanduri District,Jagos
North East,East Mamprusi,Jagogo
Northern,Karaga,Jagogo
Northern,Saboba,Jagere
Western,Wassa Amenfi Central,Jadukrom
Ashanti,Sekyere Central,Jadiako
Volta,North Tongu,Jadankaw
Ashanti,Asante Akim South District,Jadam
Eastern,Nsawam Adoagyiri,Jachui
Western North,Aowin/Suaman,Jachikrom
Ashanti,Atwima Kwanwoma,Gyakye
Ashanti,Bosomtwe,Amanase
Northern,Mion,Jaburu
Bono,Jaman South,Jabunakrom
Volta,Central Tongu,Jabukpo
Western,Ahanta West,Gyabinkrom
Western,Wassa Amenfi Central,Jabo
Central,Ekumfi,Jabinkwa
Western North,Juaboso,Gyabeso
Western,Wassa Amenfi Central,Jabawso
Upper West,Nadowli,Iziri
North East,Mamprugo Moaduri District,Izabisi
Western North,Bodi,Iyecheri
Western North,Aowin/Suaman,Iyebobo
North East,Chereponi,Itele
Upper West,Daffiama Bussie Issa District,Issa
Western North,Aowin/Suaman,Isiaso
North East,Mamprugo Moaduri District,Isiasi
Northern,Gushiegu,Ischie
Ashanti,Bosome Freho,Isasi
Ashanti,Ejisu Juaben,Isasi
Ashanti,Bekwai,Essiase
Western North,Sefwi Akontobra,Essase
Central,Assin South,Isasi
Central,Upper Denkyira East,Oseikurom
Western,Prestea-Huni Valley,Insu
Ashanti,Mampong,Inkubeta
Central,Twifo Hemang Lower Denkyira,Initamfi
Western,Unknown,Ntwaaban Water Works Forest Reserve
Western,Shama,Inchaban Junction
Western,Shama,Inchaban
Bono,Berekum,Impatasia
Central,Upper Denkyira East,Imbraim
Volta,South Tongu District,Ikenyakope
Upper West,Sissala East,Igentu
Western,Wassa Amenfi Central,Suroso
Northern,Karaga,Idua
Upper East,Kassena Nankana West,Idonia
Central,Ajumako/Enyan/Essiam,Ibum
Central,Asikuma/Odoben/Brakwa,Ibriso
Eastern,Asuogyaman,Ianiama
Ashanti,Adansi North,Hwiremuasi
Ashanti,Atwima Mponua,Hwintado
Western,Secondi Takoradi,Hwendo
Western,Unknown,Hwin
Ahafo,Asutifi South,Hwidiem
Central,Gomoa West,Hwida
Ashanti,Ahafo Ano South,Ahwiaa
Ashanti,Ejisu Juaben,Hweremasi
Greater Accra,Shai Osudoku District,Hwapa
Volta,Ketu North District,Huve
Volta,Akatsi South,Hutawpodo
Ashanti,Adansi South,Huntaitai
Ashanti,Bekwai,Huntaado
Western,Wassa Amenfi East,Huntado
Volta,Ketu South District,Hunsukofe
Western,Prestea-Huni Valley,Huni Valley
Western,Prestea-Huni Valley,Huniiso
Western,Prestea-Huni Valley,Huni Shaft Compound
Western,Prestea-Huni Valley,Huniabawye
Western,Unknown,Huni
Ashanti,Amansie Central,Hu
Bono,Dormaa,Humjibre
Western North,Bibiani/Ahwiaso/Bekwai,Humjibre
Western,Wassa Amenfi West,Humjibre
Western,Mpohor/Wassa East,Humakromua
Western,Tarkwa Nsuaem,Humakromua
Eastern,Kwahu East,Humahu
Ashanti,Amansie Central,Homakyem
Ashanti,Amansie Central,Humaben
Western North,Aowin/Suaman,Huitimbo
Volta,South Tongu District,Huipo
Volta,Afadzato South,Huime
Volta,North Dayi,Huime
Western North,Aowin/Suaman,Huhuso
Eastern,Yilo Krobo,Huhunya
Volta,Akatsi District,Hufe
Volta,Central Tongu,Hudukpo
Western,Mpohor/Wassa East,Huananaoba
Greater Accra,Ada West,Huakpo
Western,Unknown,Hwifi
Volta,Ketu North District,Hrife
Volta,Akatsi South,Hretologu
Volta,Ho,Hoviofe
Volta,North Dayi,Hotonyigbe
Volta,North Dayi,Hoto
Volta,Ho West,Honuta
Volta,Keta,Hontagba
Greater Accra,Ga South,Honise
Greater Accra,Ga South,Honiakyem
Greater Accra,Unknown,Honi
Greater Accra,Ga South,Honi
Volta,South Tongu District,Homuamekope
Volta,Ketu South District,Home
Ashanti,Amansie Central,Homase Number Two
Western,Prestea-Huni Valley,Homakromua
Volta,Central Tongu,Holukofe
Volta,Ho West,Holeve
Volta,North Tongu,Hokpoe
Volta,Akatsi District,Hokpo
Volta,North Tongu,Hokpo
Volta,Hohoe,Hohoe
Volta,Kpando,Hoeme
Volta,Ho,Hoe
Volta,Ho,Hodzoga
Volta,Ho,Hodjokofe
Volta,South Tongu District,Hodikukope
Volta,Akatsi District,Hode
Volta,Ho,Ho
Eastern,Lower Manya Krobo,Hlum
Volta,North Tongu,Hlove
Volta,South Tongu District,Hlototo
Volta,Ho West,Hlonve
Volta,Hohoe,Hloma
Volta,Adaklu,Hlave
Volta,South Tongu District,Hirenve
Greater Accra,Shai Osudoku District,Hionweyu
Ashanti,Bekwai,Hinimang
Ashanti,Atwima Kwanwoma,Heman
Western,Ahanta West,Himakrom
Volta,South Tongu District,Hihirape
Ashanti,Ejura Sekyedumase,Hiawohu
Western,Wassa Amenfi Central,Hiawa
Central,Komenda/Edina/Eguafo/Abirem,Hiawa
Western,Tarkwa Nsuaem,Hianue
Ashanti,Atwima Nwabiagya,Hianimgwasi
Western,Unknown,Hiamitu
Western,Wassa Amenfi West,Hiamatuo
Ashanti,Afigya-Kwabre District,Hiaminkwa
Ashanti,Atwima Nwabiagya,Hiamenkwan
Ashanti,Ahafo Ano South,Hiamenkwa
Ashanti,Adansi South,Hiakose
Ashanti,Amansie West,Hiakwasi
Central,Assin North,Hiaka
Central,Assin South,Hiaheda
Western,Wassa Amenfi Central,Hiadum
Ashanti,Amansie Central,Hia
Volta,North Tongu,Hevite
Volta,Akatsi District,Hevi
Volta,Adaklu,Heti
Volta,Afadzato South,Heme
Western,Mpohor/Wassa East,Hemanso
Ashanti,Afigya-Kwabre District,Heman
Ashanti,Amansie Central,Onyamebekyere
Ashanti,Amansie Central,Heman
Central,Twifo Hemang Lower Denkyira,Heman
Western,Prestea-Huni Valley,Heman
Western,Mpohor/Wassa East,Hemang
Ashanti,Adansi North,Adiemmra Number Two
Volta,Keta,Heluvi
Volta,Adaklu,Helimele
Volta,Adaklu,Helekpe
Upper West,Sissala West,Hiel
Volta,North Tongu,Hedohekumi
Volta,Ketu South District,Hedzanawo
Volta,Keta,Hedeglokofe
Volta,Akatsi South,Hawti
Volta,Ho West,Hawlawji
Volta,Akatsi South,Havi
Volta,South Tongu District,Havi
Volta,Afadzato South,Have Tsebi
Volta,Central Tongu,Havenu
Volta,South Tongu District,Havedome
Volta,Ho,Have
Volta,Adaklu,Have
Volta,Akatsi District,Have
Volta,Akatsi South,Have
Western,Ahanta West,Hotopo
Volta,Keta,Hatogodo
Central,Asikuma/Odoben/Brakwa,Hasuwodi
Central,Assin South,Hasuwodi
Central,Gomoa West,Hasuwodi
Central,Assin South,Hasowudi
Upper West,Lambussie Karni,Hapa
Greater Accra,Shai Osudoku District,Hanya
Bono,Tain,Hani
Upper West,Jirapa,Hian
Upper West,Sissala West,Hamoro
Western,Ellembelle,Hambogo Aiyaura
Eastern,Yilo Krobo,Hamaporiwa
Ashanti,Bosomtwe,Hamapanasi
Volta,Ketu North District,Hamanukofe
Volta,Adaklu,Hamanani
Upper West,Lambussie Karni,Hamale
Central,Ajumako/Enyan/Essiam,Hamakwa
Ashanti,Asante Akim North,Hamahama
Central,Agona West,Hamadonko
Western,Jomoro,Awiane
Upper West,Sissala East,Halemboi
Greater Accra,Ada East,Halagbe
Volta,Central Tongu,Hake
Volta,Ketu South District,Haglakofe
Greater Accra,Unknown,Hacho
Upper East,Builsa South,Gyanasi
Eastern,Asuogyaman,Gyakiti
Savannah,East Gonja,Gyafo
Upper East,Garu District,Gwotori
Upper East,Bawku West,Gwosi
Upper East,Unknown,Gwoshi
Upper East,Bawku West,Gozesi
Upper West,Unknown,Gworwarra
Upper West,Nadowli,Goyiri
Upper West,Sissala West,Gwallu
Upper West,Nandom,Gwo
Upper West,Wa West,Guo
Central,Komenda/Edina/Eguafo/Abirem,Gwira Achinum
Central,Komenda/Edina/Eguafo/Abirem,Gwira
Northern,Savelugu Municipal District,Gwintinli
Northern,Mion,Gwenshi
Upper East,Kassena Nankana West,Gwenia
Upper West,Sissala East,Gwasi
North East,Chereponi,Gwalo
Northern,Tamale,Gwalingga
Upper West,Unknown,Gwali
Upper West,Sissala West,Gbal
North East,West Mamprusi,Gwakudo
Upper East,Bawku West,Guzongo
Upper East,Bawku Municipal District,Goseesi
Upper East,Garu District,Gozesi
Northern,Savelugu Municipal District,Gushie
Northern,Gushiegu,Guschiegu
Upper West,Wa West,Gushe
Upper West,Wa East,Gurumbele
Upper East,Bongo District,Gurugu
Northern,Tolon District,Gurugu
Upper West,Wa East,Guropie
Northern,Karaga,Gure
Volta,Akatsi South,Gupome
Northern,Kumbumgu,Gupanalgo
Upper East,Nabdam,Nangodi Guose
Upper East,Binduri District,Gumyoko
Northern,Karaga,Guntinga
Northern,Kumbumgu,Guntassi
Upper West,Jirapa,Guri
Upper East,Garu District,Gungwia
Northern,Gushiegu,Gungula
Upper East,Builsa South,Gungoresi
Northern,Karaga,Gundogo
Northern,Nanumba North,Gundo
Northern,Tolon District,Gunda
Northern,Karaga,Gunayiri
Bono,Jaman South,Gunasua
Upper East,Binduri District,Gumsi
Northern,Kumbumgu,Gumon
Upper East,Garu District,Gomne
Upper East,Bawku West,Gumbo Binaba
Upper East,Bawku West,Gumbo
Upper East,Bawku West,Gumbari
Upper East,Garu District,Gumbare
Northern,Tamale,Gumani
Upper East,Unknown,Gumaketere
Bono East,Kintampo North Municipal District,Gulumpe
North East,East Mamprusi,Gulugu
Northern,Gushiegu,Gula
Volta,Akatsi South,Gui
Oti,Jasikan,Guaman
Northern,Karaga,Gua
Savannah,North Gonja,Gua
Savannah,West Gonja,Grupe
Savannah,Sawla-Tuna-Kalba,Grunyu
Savannah,East Gonja,Grunshi Zongo
Western,Wassa Amenfi East,Grumisa
Ashanti,Adansi South,Grumesa
Western,Prestea-Huni Valley,Grumakroa
Upper West,Wa West,Gurungu
Oti,Krachi Nchumuru,Guibi
Greater Accra,Ga South,Grefi
Greater Accra,Unknown,Greenwich Rock
Greater Accra,Unknown,Achimota Forest Reserve
Central,Mfatseman,Great Kromanti High Town
Greater Accra,Unknown,Greater Accra Region
Western,Wassa Amenfi West,Grantikrom
Volta,Akatsi South,Gramata
Bono,Banda,Gradaw
Eastern,Kwaebibirem,Gowenu
Volta,South Tongu District,Gowenu
Volta,North Tongu,Govope
Volta,Adaklu,Govenu
Upper East,Bawku Municipal District,Gotisalaga
Volta,Central Tongu,Gotakofe
Upper East,Kassena Nankana,Gomongo
Upper East,Bawku West,Goruku
Northern,Gushiegu,Gorugu
Ahafo,Asunafo North,Goroso
Upper East,Talensi-Nabdam,Gorogu
Savannah,North Gonja,Goreba
North East,Mamprugo Moaduri District,Gordi
Volta,North Tongu,Gonyokofe
Volta,South Tongu District,Gonu
Greater Accra,Ga West,Gonse
Upper East,Binduri District,Gonre
Upper East,Bongo District,Gongo
Upper West,Wa West,Gonggo
Central,Gomoa West,Gomoamem
Central,Gomoa West,Gomoa Brofo
Central,Gomoa West,Gomoa Asin
Central,Gomoa East,Gomoa Akroful
Volta,Adaklu,Golovuto
Volta,Afadzato South,Golokuati
Oti,Nkwanta South,Gokoron
Volta,Agotime Ziope,Gokofe
Bono,Jaman North,Goka
Greater Accra,Ada West,Goi
Volta,Adaklu,Gohome
Western,Tarkwa Nsuaem,Gogoso
North East,East Mamprusi,Gogonga
Ashanti,Atwima Mponua,Gogoikrom
Upper East,Bawku West,Gogo
Volta,Adaklu,Goefe
Volta,Central Tongu,Godovi
Volta,Ketu North District,Godobuneto
Upper East,Builsa South,Godemblissa
Upper East,Bawku West,Gori
Volta,South Tongu District,Godawkofe
Eastern,Asuogyaman,Gochunia
Upper East,North Builsa District,Gobasa
Ahafo,Unknown,Goa Shelterbelt Forest Reserve
North East,Bunkpurugu Nakpanduri District,Goagbiang
North East,West Mamprusi,Goabuluga
Upper East,Bongo District,Go
Northern,Yendi,Gnani
Greater Accra,Ada East,Glume
Volta,North Tongu,Globakpa
Volta,Ketu South District,Glimate
Savannah,Sawla-Tuna-Kalba,Glinikula
Volta,South Dayi,Glime
Volta,Keta,Glime
Volta,Akatsi South,Glevime
Volta,Ketu North District,Glameke
Volta,Agotime Ziope,Glamave
Northern,Nanumba North,Gjoe
Savannah,Central Gonja,Gitase
Upper West,Unknown,Gingombili
Upper West,Sissala East,Gingare
Northern,Mion,Gindel
Savannah,Sawla-Tuna-Kalba,Jindabuo
Upper West,Nadowli,Gilli
Greater Accra,Shai Osudoku District,Gigiduku
Northern,Kumbumgu,Gienni
Northern,Nanumba North,Gieji
Volta,North Tongu,Gidisukofe
Volta,Adaklu,Gidikpe Chegakofe
Savannah,East Gonja,Gida Wichie
Northern,Savelugu Municipal District,Giana
North East,Mamprugo Moaduri District,Giadema
Central,Ajumako/Enyan/Essiam,Ghwiakrom
Volta,Keta,Genui
Northern,Gushiegu,Genguna
Savannah,Sawla-Tuna-Kalba,Jilankon
Upper West,Nandom,Gengenkpe
Volta,Akatsi South,Gefia
Greater Accra,Ada West,Gedematukope
Volta,Ho West,Ge
Northern,Yendi,Gbungbalaga
Savannah,Bole,Gboyuna
Volta,Ho West,Gbota
North East,Bunkpurugu Nakpanduri District,Gborok
Northern,Karaga,Gbonlua
North East,East Mamprusi,Gbonkukuo
Bono East,Kintampo North Municipal District,Gbongbonyah
Northern,Tatale-Sangule District,Gbongbon
Upper East,Nabdam,Nyogbare
Northern,Saboba,Gbong
Volta,Adaklu,Gbokofe
Volta,North Dayi,Gbohome
Northern,Gushiegu,Gbogo
Volta,Afadzato South,Gbogli
Greater Accra,Shai Osudoku District,Gbogbojiri
Volta,Ho West,Gbogame
Volta,Ho,Gbogame
Volta,Central Tongu,Gbodrafo
Volta,Hohoe,Gbodome
Volta,Afadzato South,Gbodome
Upper West,Sissala West,Buo
Volta,North Dayi,Gblenko
Volta,Hohoe,Gblede
North East,East Mamprusi,Gbindire
Volta,Keta,Gbetuinu
Volta,Adaklu,Gbeto
Upper West,Lawra,Gberi
Upper East,Bawku Municipal District,Gbeogo
Savannah,Bole,Gbenshe
Northern,Karaga,Gbenjaga-Binduri
Northern,Karaga,Gbenjaga
Northern,Nanumba North,Gbeni
North East,West Mamprusi,Gbemsi
Volta,South Tongu District,Gbemokofe
Volta,Agotime Ziope,Gbeleme
Upper East,Talensi-Nabdam,Gbego
Volta,Ketu South District,Gbegboetu
Greater Accra,Unknown,Densu Delta Protected Area
Greater Accra,Accra,Gbegbeyise
Upper East,Talensi-Nabdam,Gbega
Volta,Ketu South District,Gbedjikofe
Volta,Adaklu,Gbedjeve
Volta,Agotime Ziope,Gbedjame
Greater Accra,Ga South,Gbawe
Savannah,East Gonja,Gbateto
Upper West,Jirapa,Gbari
North East,East Mamprusi,Gbara
North East,West Mamprusi,Gbanzore
Volta,North Tongu,Gbanu
Upper East,Bawku West,Gbantongo
Upper East,Garu District,Gbantirigo
North East,Bunkpurugu Nakpanduri District,Gbankuoni
Savannah,Sawla-Tuna-Kalba,Gbangbom
North East,East Mamprusi,Gbangale
Northern,Gushiegu,Gbane
Northern,Kumbumgu,Gbando
Northern,Zabzugu District,Gbandi
Northern,Gushiegu,Gbambu
Northern,Unknown,Gbongbon
Northern,Karaga,Gbalga
Greater Accra,Unknown,Gbagbakonu
North East,Bunkpurugu Nakpanduri District,Gbadoli
Volta,Ho West,Gbadjeme
Volta,Adaklu,Gbadagokofe
Volta,Ho West,Gayi
Ahafo,Asunafo North,Goaso
Ahafo,Unknown,Goa
Volta,Akatsi District,Gavokofe
Volta,South Tongu District,Gavashikofe
Savannah,Bole,Gau
Upper East,Garu District,Garu Natinga
Northern,Gushiegu,Gariwe
Savannah,East Gonja,Garin Dogo
Savannah,East Gonja,Gyida Dogo
Upper East,Talensi-Nabdam,Gari
Bono East,Atebubu-Amantin District,Garadima
Upper East,Kassena Nankana,Gaane
Upper East,Nabdam,Gangoboka
Upper East,Unknown,Gango
Upper East,Bawku Municipal District,Gangari
Savannah,Central Gonja,Gandalagayili
Volta,Central Tongu,Gamokofe
Volta,South Tongu District,Gamendu
Upper East,Bongo District,Gamborongo
Northern,Nanumba South,Gambo
Upper East,Bolgatanga Municipal District,Gambibigo
North East,East Mamprusi,Gambaga
Volta,Ketu North District,Gamado
Volta,South Tongu District,Galotse
Volta,Keta,Galo
Upper East,Bawku West,Galaka
Northern,Karaga,Galabisi
Savannah,Sawla-Tuna-Kalba,Gakuon
Upper West,Unknown,Gakpan
Upper East,Bawku Municipal District,Gago
Volta,Afadzato South,Gagbefe
Upper East,Bawku West,Gaga
Upper East,North Builsa District,Gadem
Volta,Akatsi South,Gadasukofe
Upper East,Bawku West,Gabuluga
Upper East,Bawku West,Gabuliga
Northern,Nanumba South,Gabogo
Volta,Kpando,Gabi
Northern,Gushiegu,Gabawni
Volta,Ketu South District,Gabarakofe
Northern,Gushiegu,Ga
Upper West,Wa West,Ga
Bono East,Nkoranza South,Fwiriem
Eastern,Ayensuano,Fwiraso
Ashanti,Asante Akim North,Fwidiem
Ashanti,Atwima Kwanwoma,Fwidiem
Ashanti,Adansi South,Fwidiem
Western,Wassa Amenfi Central,Fweyiye
Western,Wassa Amenfi West,Fweyiasi
Ashanti,Bosome Freho,Fwereso
Ashanti,Bosome Freho,Fwere-Boi
Central,Ajumako/Enyan/Essiam,Fwenyami
Eastern,Kwahu East,Fwefwe
Bono,Jaman North,Futu
Western North,Sefwi-Wiawso,Futa
Upper West,Lawra,Fulo
Ashanti,Atwima Mponua,Furowie
Western,Wassa Amenfi Central,Fureso
North East,Bunkpurugu Nakpanduri District,Furel
Western,Unknown,Fure Headwaters Forest Reserve
Western,Unknown,Fure Forest Reserve
Western,Unknown,Fre
Western,Wassa Amenfi Central,Fure
Western,Nzema East,Furaboi
Western,Ahanta West,Fupiri
Savannah,East Gonja,Fuo
Ashanti,Adansi South,Funtumasi
Western North,Aowin/Suaman,Funtumafie
Upper West,Wa East,Funsi
Western,Ahanta West,Fungo
North East,West Mamprusi,Fungu
Northern,Gushiegu,Funga
Ashanti,Adansi North,Fumso
Eastern,Birim South,Fumso
Ashanti,Ejisu Juaben,Fumisua
Volta,Ho West,Fume
Savannah,Central Gonja,Fimbo
Upper East,Builsa South,Fumbisi
Ashanti,Unknown,Fum
Northern,Mion,Fule
Bono East,Kintampo North Municipal District,Fulanikrom
Western,Wassa Amenfi East,Fuinyaso
Western,Unknown,Funye
Ashanti,Atwima Nwabiagya,Fufuo
Ashanti,Asante Akim South District,Fufunikawkaw
Savannah,Bole,Fuchmbluma
Volta,North Dayi,Fu
Central,Mfatseman,Fu
Savannah,Central Gonja,Fryfusu
Central,Assin South,Froduayie
Western,Ahanta West,Frobohu
Volta,North Tongu,Fremoko
Western,Unknown,Frein
Western,Ahanta West,Buleti
Central,Assin North,Frantin
Eastern,Asuogyaman,Frankadua
Central,Twifo Hemang Lower Denkyira,Frami
Eastern,Kwahu South,Framasi
Central,Assin South,Framasi
Savannah,West Gonja,Frago
Bono East,Atebubu-Amantin District,Frafraso
Eastern,Kwahu Afram Plains South,Fradaka
Central,Upper Denkyira West,Fourteen
Eastern,Nsawam Adoagyiri,Fotobi
Central,Asikuma/Odoben/Brakwa,Fosuansa
Central,Twifo Ati-Morkwa,Fosua
Central,Assin North,Foso Odumasi
Central,Upper Denkyira East,Foso
Central,Twifo Ati-Morkwa,Foso
Central,Assin North,Foso
Volta,Ho West,Fosime
Northern,Tamale,Foshogo
Upper East,Builsa South,Forinsa
Bono,Berekum,Oforikurom
Bono East,Techiman North District,Oforikurom
Volta,South Tongu District,Fopu
Ashanti,Adansi North,Fomena
Central,Gomoa West,Fomena
Central,Mfatseman,Fomena
Eastern,Kwahu East,Fomangkuma
Eastern,Asuogyaman,Folikwapaw
Greater Accra,Ada West,Folikope
Volta,Adaklu,Fokbe
Volta,North Tongu,Fojoku
Ashanti,Amansie Central,Fahiakobo
Volta,Agotime Ziope,Fofe
Volta,Hohoe,Fodome Xelu
Volta,North Dayi,Fodome
Western North,Aowin/Suaman,Fobikrom
Central,Upper Denkyira West,Fobenso
Bono,Jaman South,Fawoman
Volta,North Tongu,Flunkakpe
Volta,Keta,Floto
Volta,Ketu South District,Flagbo
North East,West Mamprusi,Fiusoanua
North East,West Mamprusi,Fiu
Savannah,East Gonja,Fishila
Greater Accra,Ga West,Fise
Upper East,North Builsa District,Fisa
Upper East,Bongo District,Feo Nabisi
Eastern,Asuogyaman,Finte
Ashanti,Obuasi,Finaso
Ashanti,Amansie Central,Fenaso Number Two
Ashanti,Unknown,Fina
Upper West,Lambussie Karni,Piina
Volta,South Tongu District,Fieve
Northern,Gushiegu,Fietole
North East,Chereponi,Fieso
Northern,Tolon District,Fieniti
Bono East,Nkoranza North District,Fiema
Upper West,Sissala West,Fielmon
Volta,North Tongu,Fiekbe
Western North,Aowin/Suaman,Fiefiere
Eastern,Asuogyaman,Fiefienon
Volta,South Tongu District,Fiave
Western,Unknown,Fiataka
Eastern,Kwahu Afram Plains South,Fiasi
Bono,Sunyani West,Fiapri
Ashanti,Amansie Central,Fiankoma
Central,Awutu Senya,Fianko
Upper West,Daffiama Bussie Issa District,Fian
Volta,North Tongu,Fialenyigban
Bono East,Atebubu-Amantin District,Fiakwasa
Eastern,Birim North,Fiakwai
Western,Unknown,Fia
Western,Ellembelle,Fiakpole
Greater Accra,Shai Osudoku District,Fiakonya
Volta,Keta,Fiahaw
Volta,Akatsi South,Fiagbedukofe
Volta,Afadzato South,Fiafe
Volta,Akatsi District,Fiafe
Western,Ellembelle,Nyamebekyere
Ashanti,Sekyere East,Feyiasi
Ashanti,Bosomtwe,Feyiase
Upper East,Bawku West,Fetiga
Bono,Berekum,Feteyano
Bono,Unknown,Fefenta
Central,Gomoa East,Fete Point
Bono,Berekum,Fetenta
Western,Jomoro,Fetekoro
Central,Gomoa East,Fete Gwa
Bono,Unknown,Fete
Ahafo,Unknown,Fete
Central,Gomoa East,Fete
Volta,Kpando,Fesi
Volta,Ketu North District,Fenyi Yokoe
Volta,Keta,Fenyiko
Volta,Ketu North District,Fenyi Hata
Volta,Keta,Fenyigago
Volta,Ketu North District,Fenyi Achagome
Ashanti,Amansie Central,Fenyami
Bono,Banda,Felo
Upper West,Unknown,Felin
Western,Wassa Amenfi West,Feliyeya
Bono,Jaman North,Febi
Ashanti,Asante Akim South District,Fawutrikosie
Western,Mpohor,Fawumaye
Western,Shama,Fawumaye
Central,Ajumako/Enyan/Essiam,Fawumanye
Ashanti,Ahafo Ano South,Fawoman
Ashanti,Sekyere East,Fawuman
Ashanti,Kwabre District,Fawoade
Eastern,Birim South,Fawtrikawsie
Ashanti,Amansie West,Fawotriche
Ahafo,Asunafo North,Fahoiden
Western,Jomoro,Fawmang
North East,Chereponi,Fawle
Greater Accra,Shai Osudoku District,Fawkpi
Volta,North Tongu,Fawji
Upper West,Sissala West,Fatchu
Eastern,Kwahu Afram Plains South,Faso
Western,Ahanta West,Fasen
Upper East,Garu District,Farifari
Upper East,North Builsa District,Farensa
Upper East,Bawku West,Faraga
Eastern,Ayensuano,Faotri Kosie
Ashanti,Adansi South,Faohiakawbaw
Western,Prestea-Huni Valley,Fanti Village
Greater Accra,Ada East,Fantivikope
Central,Assin South,Fanti Nyankumasi
Eastern,Fanteakwa,Fankyeneko
Eastern,Ayensuano,Fanchuma
Eastern,West Akim,Fanchuma
Volta,Ho West,Fanchirinko
Greater Accra,Ga West,Fanchiniko
Western,Nzema East,Fanchenebra
North East,Chereponi,Famisa
Western North,Aowin/Suaman,Famiakrom
Western,Prestea-Huni Valley,Famayo
Central,Agona East,Famaye
Central,Ajumako/Enyan/Essiam,Famaye
Central,Abura/Asebu/Kwamankese,Famaye
Western,Wassa Amenfi Central,Famaya
Western,Unknown,Akrosu
Central,Asikuma/Odoben/Brakwa,Faman
Upper West,Lawra,Falu
Volta,North Tongu,Fakpoe
Western,Unknown,Fakobra
Greater Accra,Ga South,Faana
Savannah,North Gonja,Faisa
Central,Gomoa West,Faimaiya
Oti,Biakoye,Fahiakoho
Western,Wassa Amenfi Central,Fahiakochwi
Central,Upper Denkyira East,Fahiakochire
Western North,Bibiani/Ahwiaso/Bekwai,Fahiakobo
Western,Jomoro,Ezuriti
Central,Mfatseman,Ewusi
Central,Gomoa East,Ewurukwa
Eastern,Asuogyaman,Ewurahai
Western,Mpohor,Ewuoanyem
Western,Nzema East,Ewuku
Central,Assin North,Awisam
Bono,Wenchi,Awisa
Eastern,Birim South,Ewisa
Western,Jomoro,Ewihu
Ashanti,Asante Akim North,Ewiamon
Ashanti,Kumasi,Ehwemase
Western,Jomoro,Eviema
Volta,Central Tongu,Evenu
Western North,Aowin/Suaman,Eturba
Volta,Akatsi District,Etsame
Volta,Ho,Etoi
Volta,Ho West,Etoe
Western,Nzema East,Etinasi
Central,Ekumfi,Etibedu
Ashanti,Ejisu Juaben,Etia
Oti,Kadjebi,Mont Étébéléa
Central,Upper Denkyira West,Esuyawnfuo
Ashanti,Ahafo Ano North,Asuhyiaee
Western North,Aowin/Suaman,Esuoti
Western,Nzema East,Eziome
Central,Twifo Ati-Morkwa,Esuoja
Eastern,Upper West Akim,Esuochwi
Eastern,Akuapim South,Esuochi
Ashanti,Bekwai,Asumeja
Western,Wassa Amenfi West,Esunafo
Central,Asikuma/Odoben/Brakwa,Esukawkaw
Western,Jomoro,Esujo
Central,Ekumfi,Esuehie
Western,Nzema East,Esuawua
Western,Tarkwa Nsuaem,Esuaso
Eastern,Birim South,Esuansa
Bono East,Nkoranza South,Esuanaw
Central,Upper Denkyira West,Esuadai
Central,Agona West,Esuabra
Ashanti,Amansie West,Essuowin
Central,Gomoa East,Esiwukroa
Western North,Suaman,Esileso
Central,Gomoa East,Esikuma
Central,Gomoa West,Esikuma
Ashanti,Adansi North,Esikofokrom
Bono,Dormaa,Asikasu
Central,Asikuma/Odoben/Brakwa,Esikaso
Central,Ajumako/Enyan/Essiam,Esikado
Western,Secondi Takoradi,Esikado
Western,Ahanta West,Esienkrom
Central,Assin South,Esienchem
Eastern,Birim Central,Esiem
Ashanti,Bekwai,Esiankwanta
Western,Shama,Esiamang
Ashanti,Atwima Mponua,Esiamakrom
Western,Ellembelle,Essiama
Central,Ajumako/Enyan/Essiam,Esiam
Central,Komenda/Edina/Eguafo/Abirem,Esiam
Central,Komenda/Edina/Eguafo/Abirem,Esiako
Central,Upper Denkyira West,Ehwenyame
Central,Ajumako/Enyan/Essiam,Eshiro
Eastern,Birim Central,Eshiem
Central,Gomoa West,Eshiem
Central,Ajumako/Enyan/Essiam,Eshiem
Ashanti,Afigya-Kwabre District,Esen
Western North,Bia,Essem
Ashanti,Atwima Nwabiagya,Esaso
Eastern,Upper West Akim,Esaso
Eastern,Atiwa,Esasi
Ashanti,Amansie Central,Esasi
Ashanti,Adansi South,Esasi
Central,Upper Denkyira East,Esasi
Ashanti,Amansie West,Esase
Western,Wassa Amenfi Central,Esanse
Western,Jomoro,Esambolo
Central,Ajumako/Enyan/Essiam,Esamang
Western,Mpohor/Wassa East,Esaaman
Central,Abura/Asebu/Kwamankese,Esamang
Central,Komenda/Edina/Eguafo/Abirem,Esamang
Western,Tarkwa Nsuaem,Esamang
Western,Nzema East,Esamang
Central,Ajumako/Enyan/Essiam,Esadzi
Central,Assin North,Esabro
Western,Jomoro,Epunwanta
Western,Jomoro,Epunsa
Western,Jomoro,Ekpu
Central,Agona West,Epumakura
Western,Wassa Amenfi East,Epom
Eastern,Birim Central,Eprokumasi
Western,Wassa Amenfi Central,Eprekrom
Western,Ellembelle,Epoko
Western,Prestea-Huni Valley,Epieso
Eastern,Birim South,Epamso
Volta,Ho West,Enyito
Eastern,Atiwa,Enyiresi
Ashanti,Atwima Mponua,Enyinawonsu
Central,Gomoa West,Enyeme
Central,Ajumako/Enyan/Essiam,Enyanmem
Central,Ajumako/Enyan/Essiam,Enyan Denkyira
Central,Upper Denkyira East,Enuwanti
Eastern,Kwahu Afram Plains South,Enuma
Western,Wassa Amenfi Central,Enuenti
Western,Wassa Amenfi Central,Enuensuso
Central,Ajumako/Enyan/Essiam,Entumbil
Western,Unknown,Ensue
Central,Assin South,Ensonyamiye
Central,Assin North,Enjua
Central,Assin South,Enitimfi
Western,Prestea-Huni Valley,Enimniechini
Ashanti,Sekyere Afram Plains,Enikawso
Western,Mpohor,Enikarokawso
Ashanti,Adansi North,Enikawkaw
Ashanti,Obuasi,Enikawkaw
Western,Prestea-Huni Valley,Enikawkaw
Ashanti,Offinso Municipal District,Enianti
Western,Mpohor,Enenide
Western North,Aowin/Suaman,Enkye
Ashanti,Ahafo Ano South,Enama
Ashanti,Unknown,Emura
Western,Jomoro,Emunakpole
Western,Ahanta West,Emoana
Volta,Afadzato South,Emli
Ashanti,Atwima Nwabiagya,Amisare
Eastern,Birim South,Emim
Western,Jomoro,Elubo
Western,Ahanta West,Aluaso
Western,Unknown,Elua
Western,Ahanta West,Alabanketa
Central,Komenda/Edina/Eguafo/Abirem,Elmina Point
Central,Unknown,Elmina Bay
Central,Komenda/Edina/Eguafo/Abirem,Elmina
Volta,Ketu North District,Eleme
Greater Accra,Ada East,Elavanyo
Central,Gomoa East,Ekwamkrom
Central,Ekumfi,Ekutsi
Western,Wassa Amenfi West,Ekuso
Central,Ekumfi,Ekumpuanu
Northern,Kpandai,Ekumdipe
Eastern,Asuogyaman,Ekum
Western North,Aowin/Suaman,Ekukro
Western,Secondi Takoradi,Ekuasi
Central,Abura/Asebu/Kwamankese,Ekroful
Bono,Wenchi,Akurobi
Central,Ekumfi,Ekrawfo
Central,Upper Denkyira East,Ekrafu
Volta,Ho West,Ekpopawnu
Western,Ellembelle,Ekowansero
Eastern,Atiwa,Ekawso
Eastern,West Akim,Ekawso
Central,Abura/Asebu/Kwamankese,Ekaonidamfo
Ashanti,Bekwai,Ejwinasi
Ashanti,Afigya-Kwabre District,Adwiratia
Ashanti,Ejura Sekyedumase,Ejura
Ashanti,Amansie West,Ejumon
Central,Asikuma/Odoben/Brakwa,Ejuman
Eastern,Kwahu South,Ejuanema
Ashanti,Ejisu Juaben,Ejisu
Central,Gomoa West,Ejisimanku Hill
Western,Mpohor/Wassa East,Ejinasi
Central,Mfatseman,Ejife
Ashanti,Asante Akim North,Ejian
Ashanti,Sekyere Afram Plains,Ejesema
Bono,Jaman South,Nwenem
Ashanti,Bosomtwe,Ejeman
Western,Jomoro,Ejeinu
Western,Ahanta West,Ebyam
Central,Ekumfi,Ejaku Kwa
Western,Unknown,Agyia
Western North,Aowin/Suaman,Ejafubi
Central,Mfatseman,Eja
Western,Unknown,Eivla
Central,Ekumfi,Eisam
Central,Asikuma/Odoben/Brakwa,Eipe
Central,Ekumfi,Einado
Western,Ellembelle,Eikwe
Western,Wassa Amenfi West,Eibokrom
Ashanti,Kwabre District,Ahwiaa
Central,Assin North,Ehwia
Western,Unknown,Ehuro
Western North,Aowin/Suaman,Ehlajimi
Ashanti,Amansie Central,Ehima
Western,Tarkwa Nsuaem,Ehiansheda
Ashanti,Sekyere South,Ehiaminchini
Ashanti,Ejisu Juaben,Ehiaminchini
Ashanti,Bosomtwe,Ehiaminchini
Western,Ahanta West,Ehiahianda
Volta,Ketu North District,Ehie
Central,Komenda/Edina/Eguafo/Abirem,Eguafo
Western North,Sefwi-Wiawso,Efwhia
Central,Cape Coast,Efutu
Western,Wassa Amenfi East,Efumkrom
Central,Komenda/Edina/Eguafo/Abirem,Efumkrom
Bono East,Kintampo North Municipal District,Efuma
Western,Tarkwa Nsuaem,Efuanta
Western,Wassa Amenfi West,Asankran Efiena
Eastern,Akuapim North,Efiefi
Ashanti,Sekyere East,Efiduasi
Eastern,New Juaben,Efiduasi
Ashanti,Obuasi,Efiamuakrom
Western,Secondi Takoradi,Effia
Western,Jomoro,Efesu
Volta,Akatsi South,Efeko
Western,Wassa Amenfi Central,Efa
Ashanti,Bekwai,Edwinasi
Ashanti,Atwima Kwanwoma,Aduwomasi
Central,Komenda/Edina/Eguafo/Abirem,Edumtu
Central,Abura/Asebu/Kwamankese,Edumfa
Central,Asikuma/Odoben/Brakwa,Edumenu
Central,Ekumfi,Edumata
Eastern,Asuogyaman,Edumasin
Western,Mpohor,Edumasi
Ashanti,Ejisu Juaben,Edumasa
Ashanti,Bekwai,Adumasa
Central,Agona West,Edumasa
Central,Asikuma/Odoben/Brakwa,Edumasa
Ashanti,Afigya-Kwabre District,Aduman
Ashanti,Atwima Nwabiagya,Akuapem
Ashanti,Amansie West,Edukroba
Western North,Bia,Eluokrom
Ashanti,Amansie West,Adubiase
Ashanti,Adansi North,Edubiase
Central,Assin South,Edubiasi
Ashanti,Amansie West,Adubia
Eastern,Akyemansa,Edubia
Ashanti,Obuasi,Odumase
Central,Assin South,Eduanim
Ashanti,Sekyere Afram Plains,Eduamuyao
Ashanti,Bekwai,Eduam
Central,Ajumako/Enyan/Essiam,Eduakwa
Central,Mfatseman,Eduafu
Ashanti,Bosomtwe,Adwaden
Ashanti,Atwima Kwanwoma,Eduadin
Bono East,Pru,Eduacheremu
Western,Jomoro,Edu
Western,Wassa Amenfi Central,Edrowso
Oti,Kadjebi,Mont Edouka
Western,Tarkwa Nsuaem,Edokrom
Ashanti,Mampong,Edijwan
Ashanti,Amansie Central,Adibrim
Western,Wassa Amenfi East,Edianu
Western,Wassa Amenfi Central,Edang
Western,Mpohor,Eda
Central,Asikuma/Odoben/Brakwa,Echwiechire
Central,Ekumfi,Echwa
Western,Jomoro,Echimanu
Central,Gomoa East,Echifikwa
Ashanti,Ahafo Ano South,Acheiso
Ashanti,Unknown,Ekyie
Central,Komenda/Edina/Eguafo/Abirem,Echiasi
Western,Mpohor/Wassa East,Echei
Western,Jomoro,Egbazo
Ashanti,Obuasi,Ebutumtumso
Central,Agona West,Ebutia
Ashanti,Ahafo Ano South,Aburaso
Ashanti,Amansie Central,Bunso
Western,Mpohor,Ebunaso
Western,Nzema East,Ebunaso
Central,Abura/Asebu/Kwamankese,Ebu
Western,Wassa Amenfi Central,Ebu
Greater Accra,Ga West,Ebron
Western,Jomoro,Eborabo
Ashanti,Amansie Central,Ebo Number Two
Ashanti,Amansie Central,Aboo
Ashanti,Asante Akim North,Ebisua
Western,Unknown,Ebi River Shelterbelt Forest Reserve
Central,Gomoa West,Ebiramkwa
Central,Ekumfi,Ebiramkrom
Ashanti,Amansie West,Ebiram
Central,Ekumfi,Ebiram
Ashanti,Atwima Nwabiagya,Abira
Ashanti,Kwabre District,Ebira
Western,Wassa Amenfi Central,Ebin
Western,Unknown,Ebi
Western,Ellembelle,Ebi
Volta,Ho West,Ebetu
Western North,Aowin/Suaman,Ebawtem
Western North,Aowin/Suaman,Ebakajo
Western,Ahanta West,Atwepo
Eastern,Unknown,Eastern Region
Volta,Keta,Dzrokofe
Oti,Jasikan,Dzolu
Volta,Ho West,Dzolokpuita
Volta,South Tongu District,Dzogbove
Volta,Ketu South District,Dzogbetu
Volta,Ho,Dzogbe
Volta,Ketu North District,Dzodze
Volta,Keta,Dzita
Volta,Kpando,Dzigbe
Volta,North Dayi,Dzigbe
Volta,Ketu North District,Dzigakofe
Volta,Keta,Dzelukofe
Volta,Ho,Dzefe
Volta,Adaklu,Dzakpo
Volta,South Dayi,Dzake
Volta,Hohoe,Dzagbedze
Volta,South Tongu District,Dzadekope
Ashanti,Ahafo Ano South,Dwinyama
Ashanti,Ahafo Ano South,Ounyankwanta
Ashanti,Unknown,Denyami
Western North,Sefwi-Wiawso,Dwinasi
Central,Asikuma/Odoben/Brakwa,Dwinama
Bono East,Sene East,Dwija
Western,Wassa Amenfi Central,Dwiasi
Bono East,Sene,Dwan
Western,Wassa Amenfi East,Dawurampon
Western North,Sefwi Akontobra,Dewankrom
Oti,Nkwanta South,Dutukpene
Volta,North Dayi,Dutayingbe
Northern,Yendi,Dussani
Upper East,Garu District,Dumisbuliga
Upper East,Talensi-Nabdam,Dusi
Upper East,Bongo District,Dusabluga
Upper East,Garu District,Duri
Upper West,Jirapa,Duori
Central,Assin North,Dupenasi
Upper West,Sissala West,Dunonyuale
Ashanti,Ahafo Ano South,Odumsiso
Central,Upper Denkyira East,Dunkwa
Western,Wassa Amenfi West,Dunkwa
Central,Gomoa West,Dunkwa
Central,Abura/Asebu/Kwamankese,Dunkwa
Western,Shama,Dunkwa
Ashanti,Bosome Freho,Dunkra
Northern,Gushiegu,Dunjocho
Northern,Kumbumgu,Duni
Northern,Mion,Duni
Northern,Sagnerigu,Dungu
Bono,Unknown,Dunguru
Volta,Central Tongu,Dunchirikope
Ashanti,Adansi North,Dunchie
Northern,Karaga,Duna
Bono East,Kintampo South District,Dumso
Central,Assin North,Dumprara
Ashanti,Amansie West,Dumposo
Eastern,Akuapim South,Dumpon
Bono,Banda,Dumpofie
Central,Komenda/Edina/Eguafo/Abirem,Dumpaw
Ashanti,Offinso Municipal District,Dumisua
Bono East,Sene East,Dumienu
Ashanti,Afigya-Kwabre District,Dumechino
Bono,Banda,Bumbole
Oti,Krachi East,Dambai
Bono,Sunyani West,Dumasua
Ashanti,Kwabre District,Dumanafo
Western,Mpohor/Wassa East,Domama Wasa
Ashanti,Ejisu Juaben,Dumakwai
Ashanti,Atwima Kwanwoma,Domakwae
Central,Upper Denkyira East,Dumakwai
Upper East,Bawku Municipal District,Dulugu
Northern,Tolon District,Dulnayinga
Northern,Unknown,Doli
Ashanti,Sekyere Afram Plains,Dukwa
Ashanti,Asante Akim North,Dukusen
Western,Nzema East,Dukurom
Volta,North Dayi,Dukuma
Western,Ellembelle,Dukubaka
Western,Wassa Amenfi East,Dukoto
Western,Wassa Amenfi Central,Dukoto
Volta,Afadzato South,Duga
Western,Wassa Amenfi West,Dufoasi
Volta,North Tongu,Dufo
Greater Accra,Shai Osudoku District,Dufo
Central,Agona East,Duetu
Volta,Akatsi South,Duepe
Upper East,Garu District,Dudongo
Volta,Keta,Dudu
North East,Chereponi,Dudongo
Northern,Karaga,Dudawge
Upper West,Wa East,Ducie
Ashanti,Asante Akim North,Dubrim
North East,Bunkpurugu Nakpanduri District,Duboni
Upper West,Sissala West,Duwie
Western,Nzema East,Bedibesire
Eastern,Nsawam Adoagyiri,Duayeden
Ahafo,Tano North,Duayaw-Nkwanta
Bono,Dormaa,Duasidan
Ashanti,Kumasi,Duase
Ashanti,Atwima Nwabiagya,Duasi
Volta,Central Tongu,Duase
Ashanti,Afigya-Kwabre District,Duaponko
Ashanti,Amansie West,Duankontwi
Ashanti,Ejisu Juaben,Duampompo
Ashanti,Adansi North,Duampompo
Western,Wassa Amenfi Central,Duamimu
Western,Nzema East,Duala
Central,Agona East,Duakwa
Ashanti,Atwima Kwanwoma,Duakoben
Western,Ahanta West,Duahorodo
Ashanti,Asante Akim South District,Duahien
North East,East Mamprusi,Duagbine
Central,Asikuma/Odoben/Brakwa,Duafa
Bono,Jaman North,Duadaso Number Two
Bono,Jaman North,Duadaso Number One
Central,Komenda/Edina/Eguafo/Abirem,Duachimiase
Bono East,Atebubu-Amantin District,Duaboni
Oti,Biakoye,Duaboni
Central,Agona East,Duaboni
Western,Unknown,Duobun
Upper East,Bongo District,Dua-Apuongo
Upper East,Bongo District,Dua
Upper West,Sissala West,Du
North East,West Mamprusi,Du
Upper West,Wa East,Duu
Upper West,Wa East,Du
Bono East,Nkoranza North District,Droma-Kuma
Bono East,Nkoranza North District,Droma
Bono,Wenchi,Droboso
Ashanti,Sekyere Afram Plains,Drobongma
Volta,Ketu North District,Drefe
Bono,Banda,Dre
Western,Nzema East,Drawso
Western,Unknown,Draw River Forest Reserve
Volta,North Tongu,Drakofe
Ashanti,Sekyere Afram Plains,Drabonso
Ashanti,Ejura Sekyedumase,Drabon
Volta,North Dayi,Dra
Greater Accra,Shai Osudoku District,Doyum
Volta,Agotime Ziope,Doyea
Volta,Ketu South District,Doyakope
Volta,Ketu North District,Dovi
Volta,Keta,Doveme
Volta,Central Tongu,Dove
Upper West,Nadowli,Dounjang
Upper West,Nadowli,Doung
Ashanti,Bekwai,Dotum
Volta,Agotime Ziope,Dotsokofe
Ashanti,Amansie Central,Dotom
Ashanti,Adansi South,Dotom
Volta,North Tongu,Dotokofe
Bono East,Nkoranza South,Dotobaa
Ashanti,Atwima Nwabiagya,Dotawasi
Upper East,Bolgatanga Municipal District,Dorungu
Oti,Krachi East,Dormabin
Bono,Dormaa,Domaa-Ahenkro
Upper West,Jirapa,Doggo
Upper East,Builsa South,Dorinsa
Upper West,Wa West,Dorimon
Upper East,Garu District,Doadnyediga
Upper West,Wa West,Deligoyiri
Ashanti,Ejisu Juaben,Donyina
Upper West,Lawra,Doweni
Volta,South Tongu District,Donukope
Ashanti,Ejisu Juaben,Donuaso
Bono East,Nkoranza South,Dononso
Ashanti,Atwima Mponua,Donkoto
Bono East,Nkoranza South,Donkoro Nkwanta
Savannah,North Gonja,Donkompi
Upper East,Builsa South,Doninga-Dorinsa
Western North,Aowin/Suaman,Donikrom
Greater Accra,Ada East,Dongwam
Northern,Tatale-Sangule District,Dondonne
Western,Nzema East,Domunli
Eastern,Akyemansa,Domrebo
Ashanti,Kumasi,Dompoase
Ashanti,Adansi North,Dompoase
Central,Twifo Hemang Lower Denkyira,Dompin
Western,Shama,Dompimkwanta
Western,Tarkwa Nsuaem,Dompim
Western,Mpohor/Wassa East,Dompim
Central,Assin North,Dompem
Western,Wassa Amenfi East,Dompem
Savannah,Bole,Dompe
Western,Wassa Amenfi East,Dompoase
Ashanti,Bosome Freho,Dompa
Western,Unknown,Domini
Western North,Bibiani/Ahwiaso/Bekwai,Domenebo Number Two
Western North,Bibiani/Ahwiaso/Bekwai,Dominibo Number One
Ashanti,Atwima Nwabiagya,Dominasi
Ashanti,Bekwai,Domenase
Ashanti,Obuasi,Dominasi
Western,Mpohor/Wassa East,Dominasi
Central,Mfatseman,Dominasi
Central,Komenda/Edina/Eguafo/Abirem,Komenda Domenase
Ashanti,Amansie West,Kaniago
Ashanti,Amansie West,Domi Beposo
Eastern,Ayensuano,Domiabra Amanfro
Bono East,Kintampo North Municipal District,Domeabra
Ashanti,Offinso North,Domiabra
Ashanti,Ahafo Ano South,Domiabra
Ashanti,Sekyere South,Domeabra
Ashanti,Ahafo Ano South,Dameabra
Ashanti,Sekyere East,Domiabra
Ashanti,Ejisu Juaben,Domiabra
Ashanti,Asante Akim North,Domiabra
Ashanti,Kumasi,Domeabra
Ashanti,Atwima Kwanwoma,Domiabra
Eastern,Asuogyaman,Domiabra
Ashanti,Amansie Central,Domiabra
Ashanti,Amansie West,Domiabra
Ashanti,Obuasi,Domiabra
Ashanti,Obuasi,Domeabra
Ashanti,Adansi South,Domiabra
Eastern,Ayensuano,Domiabra
Western,Wassa Amenfi East,Domeabra
Eastern,Upper West Akim,Domiabra
Central,Agona East,Domiabra
Central,Asikuma/Odoben/Brakwa,Domiabra
Western,Wassa Amenfi West,Domiabra
Western,Prestea-Huni Valley,Domiabra
Greater Accra,Ga South,Domeabra
Western,Mpohor/Wassa East,Domiabra
Western North,Aowin/Suaman,Domeabra
Central,Assin South,Domiabra
Western,Jomoro,Domiabra
Western,Tarkwa Nsuaem,Domiabra
Western,Nzema East,Domiabra
Western,Ellembelle,Domiabra
Western North,Juaboso,Dominibo
Ashanti,Sekyere South,Domi
Ashanti,Amansie West,Domi
Ashanti,Bekwai,Domi
Western North,Sefwi Akontobra,Domi
Eastern,Ayensuano,Domi
Bono,Berekum,Domfete
Greater Accra,Ga West,Domfase
Volta,Ho West,Dometo
Ahafo,Asunafo North,Domenasi
Ashanti,Amansie West,Domenasi
Central,Upper Denkyira West,Domenase
Western,Wassa Amenfi Central,Dominase
Central,Assin South,Domenasi
Central,Komenda/Edina/Eguafo/Abirem,Domenasi
Western,Mpohor,Domenasi
Western,Nzema East,Domenasi
Volta,Afadzato South,Domefe
Eastern,Birim Central,Domeabra
Volta,Keta,Domeabra
Volta,Ho,Dome
Ashanti,Ejisu Juaben,Domasi
Greater Accra,Ga West,Dome
Greater Accra,Ga East,Dome
Northern,Unknown,Dole
Savannah,Bole,Dole
Upper West,Sissala East,Dolbizan
Savannah,Bole,Dakrupe
Ashanti,Adansi South,Dukrowoba
Eastern,Ayensuano,Dokrochiwa
Greater Accra,Ada West,Dokpe
Volta,North Tongu,Dokofe
Upper West,Unknown,Dojoli
Northern,Gushiegu,Dogutetiego
Upper West,Daffiama Bussie Issa District,Doguba
Bono East,Pru,Dogokrom
Greater Accra,Ada West,Dogobom
Greater Accra,Ada East,Dogo
Volta,Adaklu,Doglobo
Volta,Ketu South District,Dogbekope
Upper West,Wa West,Dogberipari
Northern,Nanumba North,Dogbam
Upper East,Garu District,Dogbale
Eastern,Asuogyaman,Doenta
Volta,South Tongu District,Dodukpo
Greater Accra,Shai Osudoku District,Dodowa
Bono,Unknown,Dodosua
Bono,Jaman South,Doduoso
Upper West,Wa,Dodoyiri
Oti,Kadjebi,Dodo Amanfro
Oti,Kadjebi,Dodo
Volta,Adaklu,Dodjankpo
Oti,Kadjebi,Dodi Papase
Ashanti,Atwima Nwabiagya,Dodi
Upper West,Wa West,Dochire
Eastern,Kwaebibirem,Dochi
Greater Accra,Ga West,Doblogonno
Greater Accra,Unknown,Dobro
Eastern,Nsawam Adoagyiri,Doboro
Northern,Kpandai,Dobone
Upper West,Wa West,Dabo
Bono,Banda,Dobo
North East,Bunkpurugu Nakpanduri District,Dobinyetaw
Upper East,Kassena Nankana,Doba
Northern,Gushiegu,Djun
Volta,Akatsi District,Djotefekofe
Volta,Central Tongu,Djopo
Northern,Nanumba North,Djonajile
Volta,South Dayi,Djokpo
Volta,Ho West,Djokpe
Volta,Ho West,Djogbefeme
Northern,Zabzugu District,Djo
Northern,Nanumba North,Djo
Northern,Gushiegu,Djimbele
Volta,Ketu South District,Djikome
Volta,Kpando,Djigbe
Volta,Ho,Djeve
Volta,North Dayi,Djeme
Volta,Ho West,Djega
Volta,Akatsi District,Djayime
Volta,Akatsi South,Djave
Volta,Adaklu,Djave
Upper West,Sissala West,Djarwia
Volta,Agotime Ziope,Djaremave
Eastern,Nsawam Adoagyiri,Djankrom
Northern,Nanumba South,Djaleba
Northern,Karaga,Djaguhuga
North East,East Mamprusi,Djagugu
Northern,Nanumba North,Djagbemba
Volta,Akatsi District,Djadjefe
Northern,Mion,Diziri
Western,Ahanta West,Dixcove
Western,Unknown,Dix Cove
Western,Mpohor,Diwoye
Upper East,Talensi-Nabdam,Ditimbule
Northern,Karaga,Ditane
Western,Unknown,Disue River Forest Reserve
Western North,Unknown,Disue
Western North,Aowin/Suaman,Disueano
Western North,Aowin/Suaman,Disuaboi
Northern,Savelugu Municipal District,Disiga
Northern,Gushiegu,Dinyogo
Western,Unknown,Dintori
North East,East Mamprusi,Dintige
Western,Wassa Amenfi Central,Dinsinikrom
Ashanti,Unknown,Dinkafa
Northern,Tolon District,Dingoni
Savannah,East Gonja,Dingoni
Bono,Banda,Dingale
Northern,Savelugu Municipal District,Dinga
Northern,Savelugu Municipal District,Dindini
Ashanti,Ejura Sekyedumase,Dindindusi
North East,East Mamprusi,Dindane
Ashanti,Amansie West,Dinchinso
Ashanti,Unknown,Dinchin
Upper West,Sissala East,Dimosan
Northern,Karaga,Dimie
Northern,Karaga,Dime
Northern,Sagnerigu,Dimalla
Upper West,Lawra,Dikpe
Ashanti,Sekyere South,Dikan
Upper East,Kassena Nankana,Digongo
Savannah,Central Gonja,Digma
Northern,Tamale,Difa
Western,Wassa Amenfi East,Diewum
Ashanti,Atwima Nwabiagya,Dienyamibeka
Volta,Adaklu,Didokogli
Northern,Mion,Didjo
Ashanti,Sekyere Central,Diditiasi
Western,Unknown,Dida
Ashanti,Sekyere Central,Dida
Ashanti,Atwima Kwanwoma,Dida
Northern,Karaga,Dibulo
Western,Unknown,Dibore
North East,West Mamprusi,Dibisi
Savannah,Bole,Dibere
Ashanti,Obuasi,Diewieso
Central,Upper Denkyira West,Diaso
Northern,Savelugu Municipal District,Diari
Bono,Unknown,Diapoli
North East,West Mamprusi,Diani
Volta,North Dayi,Dianda
North East,Chereponi,Diana
Western,Jomoro,Diamos
Bono,Dormaa West,Diabakurom
Upper West,Jirapa,Dia
Eastern,Akuapim North,Dewu Asaman
Ashanti,Sekyere South,Dewu
Bono,Jaman North,Dawuri
Volta,Ketu North District,Devergu
Volta,Keta,Devenu
Volta,Central Tongu,Deveme
Eastern,Asuogyaman,Deveme
Volta,Akatsi District,Deve
Volta,North Tongu,Deve
Volta,Keta,Detom
Volta,Ho West,Deto
Ashanti,Bosome Freho,Detieso
Ashanti,Bekwai,Detiedi
Volta,Keta,Deta
Volta,South Tongu District,Desakwe
Volta,South Tongu District,Depo
Ashanti,Unknown,Depim
Ashanti,Bekwai,Denyase
Western,Tarkwa Nsuaem,Denyasi
Western,Wassa Amenfi West,Denyas
Ashanti,Adansi South,Denyansakrom
Ashanti,Atwima Nwabiagya,Denyamiso
Volta,Unknown,Denu Lagoon
Volta,Ketu South District,Denu
Oti,Krachi East,Dentu
Eastern,Akyemansa,Dentu
Western,Nzema East,Elentusuazo
Ashanti,Offinso Municipal District,Dentin
Western North,Aowin/Suaman,Dentibaso
Bono,Sunyani West,Dentia
Bono East,Atebubu-Amantin District,Denteso
Ashanti,Asante Akim North,Dente
Eastern,Suhum/Kraboa/Coaltar,Densuso
Eastern,Kwahu Afram Plains South,Densubon
Greater Accra,Unknown,Densu
Volta,Ketu South District,Donomadi
Ahafo,Tano South,Denma
Savannah,North Gonja,Denkerepe
Bono East,Nkoranza South,Denjwa
Northern,Mion,Denie
Volta,South Tongu District,Dendo
Ahafo,Unknown,Dendan
Ahafo,Tano North,Denden
Central,Gomoa West,Denchira
Central,Ajumako/Enyan/Essiam,Denchinua
Ashanti,Sekyere Afram Plains,Dencherewi
Eastern,Birim Central,Dencherakuso
Western North,Aowin/Suaman,Denchera
Ashanti,Kumasi,Denkyemmoso
North East,West Mamprusi,Denbuli
Eastern,Kwahu Afram Plains South,Demuso
Eastern,Kwahu South,Demuni
Northern,Saboba,Demon
Volta,Ho,Demete
Volta,Ketu North District,Demakope
Volta,Hohoe,Deme
Volta,Afadzato South,Deme
Volta,Ho West,Deme
Volta,Ho,Deme
Volta,Ketu North District,Deme
Volta,South Tongu District,Deme
Upper West,Wa West,Delaniyiri
Upper East,Garu District,Dekuliga
Volta,North Tongu,Dekpwe
Northern,Gushiegu,Dekpunga
Volta,South Tongu District,Dekpota
Volta,Adaklu,Dekpo
Volta,North Tongu,Dekpo
Volta,Ketu North District,Dekpo
Ashanti,Bosome Freho,Dejanso
Ashanti,Atwima Kwanwoma,Deikurom
Eastern,Akuapim South,Deigo
Savannah,Sawla-Tuna-Kalba,Degbiwu
Bono,Tain,Degedege
Upper West,Unknown,Degbegli
Northern,Nanumba North,Degbawa
Upper East,Pusiga,Dega
Oti,Nkwanta South,Deflemkpa
Greater Accra,Shai Osudoku District,Dedukope
Ashanti,Kumasi,Deduako
Ashanti,Ejisu Juaben,Deduako
Ashanti,Bosomtwe,Deduako
Greater Accra,Ada East,Dedo
Ashanti,Bosomtwe,Dedesua
Eastern,Fanteakwa,Dedeso Wireko Number 2
Eastern,Fanteakwa,Dedeso Wireko Number 1
Eastern,Kwahu Afram Plains South,Dedeso
Central,Twifo Ati-Morkwa,Dedemede
Greater Accra,Ga West,Dedeman
Greater Accra,Ada East,Dedekope
Volta,Central Tongu,Dedabtakope
Ashanti,Obuasi,Dekyewa
Western,Unknown,Dechi
Western,Wassa Amenfi Central,Dechi
Volta,South Tongu District,Dechawome
North East,Bunkpurugu Nakpanduri District,Deboni
Savannah,East Gonja,Deboko
Northern,Karaga,Deble
Western North,Bia,Debiso
Central,Gomoa West,Debiso
Ashanti,Asante Akim South District,Debiso
Western North,Aowin/Suaman,Debiso
Central,Gomoa West,Debisa
Bono,Tain,Dibiribi
Western,Unknown,Debe
North East,East Mamprusi,Debari
Savannah,East Gonja,Deba
Western,Secondi Takoradi,Deabenekrom
Volta,North Dayi,Dayinu
Ashanti,Amansie West,Dawusaso
Central,Ajumako/Enyan/Essiam,Dawurampong
Central,Gomoa West,Dawurampong
Ashanti,Amansie West,Dawurampong
Ashanti,Ahafo Ano South,Deteem
Upper East,Garu District,Dawsikom
Greater Accra,Shai Osudoku District,Dawsi
Greater Accra,Shai Osudoku District,Dawmelan
Volta,South Tongu District,Dawkplame
Ashanti,Asante Akim North,Dawireso
Western North,Aowin/Suaman,Dawi
Greater Accra,Shai Osudoku District,Dawhwenya
Greater Accra,Shai Osudoku District,Dawhe
Eastern,Upper Manya Krobo,Dawa Trim
Eastern,Upper Manya Krobo,Dawa Pawtraw
Western,Prestea-Huni Valley,Dawanso
Eastern,Upper Manya Krobo,Dawa Jakoru
Bono East,Kintampo North Municipal District,Dawadawa
Eastern,Upper Manya Krobo,Dawa Amanfro
Eastern,Upper Manya Krobo,Dawa Akanasi
Eastern,Upper Manya Krobo,Dawa Abrodem
Greater Accra,Shai Osudoku District,Dawa
Eastern,Akuapim South,Dawa
Eastern,Upper Manya Krobo,Dawa
Volta,Agotime Ziope,Dauve
Western North,Aowin/Suaman,Daura
Volta,Akatsi South,Daulo
Eastern,Asuogyaman,Datroko
Upper East,Talensi-Nabdam,Datoko
Volta,Afadzato South,Datem
Ashanti,Sekyere South,Okrakurom
Western North,Bodi,Datano
Ashanti,Amansie West,Datano
Western North,Sefwi-Wiawso,Datano
Western,Wassa Amenfi West,Datano
Upper West,Lawra,Dazugri
Upper East,Garu District,Dasubansi
Upper West,Sissala West,Dasima
Eastern,Asuogyaman,Dasasi
Northern,Tolon District,Dasang
Upper West,Jirapa,Dariyiri
North East,East Mamprusi,Dareba
Western,Unknown,Dara
Northern,Savelugu Municipal District,Dapali
Oti,Kadjebi,Dapa
Northern,Yendi,Danyo
Volta,North Dayi,Danyigba
Ashanti,Unknown,Danyami
Upper East,Garu District,Danvorga
Volta,Akatsi District,Danukofe
Upper East,Garu District,Danugu
Central,Asikuma/Odoben/Brakwa,Dantasi
Ahafo,Asunafo South,Dantano
Western North,Bibiani/Ahwiaso/Bekwai,Dansukrom
Western,Jomoro,Dansokrom
Ashanti,Offinso North,Danso
Ashanti,Bosome Freho,Danso
Eastern,Upper West Akim,Danso
Central,Assin North,Dansami
Volta,Ketu South District,Danome
Central,Awutu Senya,Dankwakrom
Central,Gomoa East,Dankwakrom
Western North,Aowin/Suaman,Dankwabodia Dankamobwadie
Western,Wassa Amenfi West,Dankwa
Ashanti,Bekwai,Adankranya
Central,Ajumako/Enyan/Essiam,Danko
Upper East,Bawku West,Danguna
Western North,Aowin/Suaman,Dangoru
Greater Accra,Ga East,Danfa
Western North,Bodi,Danehemoso
Greater Accra,Ga South,Dantsera
Ashanti,Asante Akim South District,Dampong
Ashanti,Unknown,Dampia Range Forest Reserve
Ashanti,Adansi North,Dampaiyo
Ashanti,Adansi South,Dampaiyao
Greater Accra,Ga South,Dampa
Savannah,West Gonja,Damongo
Ashanti,Asante Akim South District,Damene
Northern,Savelugu Municipal District,Damdu
Northern,Gushiegu,Damdabole
North East,Chereponi,Dambu
Upper East,Builsa South,Dambrunsi
Greater Accra,Accra,Tunga
Central,Assin South,Damawaku
Savannah,Unknown,Damasa
Eastern,Birim South,Damaoko
Western,Prestea-Huni Valley,Damang Station
Western,Wassa Amenfi East,Damang
Central,Twifo Ati-Morkwa,Damang
Western,Prestea-Huni Valley,Damang
Central,Assin South,Damang
Central,Gomoa West,Damang
Central,Abura/Asebu/Kwamankese,Damang
Northern,Kumbumgu,Dallung
Volta,South Tongu District,Dalive
Volta,Ketu North District,Dalikofe
Volta,Central Tongu,Dalapue
Central,Awutu Senya East Municipal,Darkoyaw
Ashanti,Asante Akim South District,Dakuakrom
Upper West,Wa West,Daku
Ashanti,Atwima Kwanwoma,Daku
Northern,Tamale,Dakrubongo
Upper East,Kassena Nankana West,Dakrenia
Volta,Akatsi District,Dakpa
Volta,Central Tongu,Dakpa
Ashanti,Asante Akim North,Dakongwamso
Savannah,Bole,Dakomiran
Greater Accra,Unknown,Dakkobi
Upper East,Bolgatanga Municipal District,Dakiu
Eastern,Lower Manya Krobo,Dakekome
Ashanti,Sekyere East,Dakawhu
Western,Prestea-Huni Valley,Dakakuma
Northern,Unknown,Dakakombo
Ashanti,Bosome Freho,Dakabuoso
Western,Ellembelle,Dajwin
Western,Tarkwa Nsuaem,Dajwin
Western,Nzema East,Dadwen
Oti,Kadjebi,Dain
Volta,Akatsi South,Dahumekofe
Central,Gomoa East,Dahum
Ashanti,Mampong,Daho
Upper West,Nadowli,Dapori
Savannah,East Gonja,Dogonkede
Northern,Unknown,Dagomba
Upper West,Unknown,Dagere
North East,East Mamprusi,Dagbiribogri
Volta,Ketu North District,Dagbalekofe
Ashanti,Asante Akim South District,Dagatikrom
Northern,Karaga,Dagago
Volta,Kpando,Dagadukofe
Volta,Afadzato South,Dafon
Bono East,Sene East,Dafo
Volta,Kpando,Dafo
Volta,Afadzato South,Dafo
Upper West,Daffiama Bussie Issa District,Daffiama
Volta,Akatsi South,Dafawmyame
North East,West Mamprusi,Dafanga
Volta,North Tongu,Dadomi
Volta,Adaklu,Dadome
Volta,Central Tongu,Dadobui
Volta,Agotime Ziope,Dadipedo
Central,Agona East,Dadija
Ahafo,Asutifi South,Dadiesoaba
Central,Assin South,Dadieso
Bono,Jaman North,Adadeem
Western North,Suaman,Dadeeso
Oti,Nkwanta South,Dadiasi
Ashanti,Sekyere Central,Dadiasi
Ashanti,Sekyere Afram Plains,Dadiasi
Ashanti,Bekwai,Dadiase
Western,Wassa Amenfi East,Dadeeso Number One
Western,Ahanta West,Dadiasi
Volta,Ho,Dadi
Eastern,Lower Manya Krobo,Dadehnovinya
Volta,Akatsi District,Dadame
Central,Komenda/Edina/Eguafo/Abirem,Dabri
North East,West Mamprusi,Daboya
Savannah,North Gonja,Daboya
Ashanti,Afigya-Kwabre District,Daboa
Savannah,Sawla-Tuna-Kalba,Dabori
Savannah,Central Gonja,Dabopi
Western,Mpohor/Wassa East,Daboasi
Upper East,Pusiga,Dabia
Central,Gomoa East,Dabeyin
Central,Twifo Hemang Lower Denkyira,Dabenda
Volta,South Tongu District,Dabala
North East,East Mamprusi,Dabadini
Ashanti,Atwima Nwabiagya,Dabaa
Ashanti,Sekyere South,Daa
Ashanti,Unknown,Da
Ashanti,Bekwai,Daa
Western,Wassa Amenfi West,Asankran Oda
Central,Cape Coast,Cape Coast
Ahafo,Tano North,Twewoho
Eastern,Nsawam Adoagyiri,Chwinto
Ahafo,Asutifi South,Chwibiri
Bono East,Techiman North District,Chwibia
Bono,Dormaa,Tweapease
Eastern,Upper Manya Krobo,Chwerebuana
Greater Accra,Ga West,Chwerebuana
Western,Wassa Amenfi East,Chwapiasi
Central,Twifo Ati-Morkwa,Chwapiasi
Savannah,North Gonja,Chatali
Northern,Unknown,Chupa
Greater Accra,Shai Osudoku District,Chunkpo
Savannah,East Gonja,Chungasi
Upper West,Lambussie Karni,Chung
North East,Chereponi,Chunbawso
Greater Accra,Shai Osudoku District,Chumwanawyu
Ashanti,Sekyere Afram Plains,Chumabin
Eastern,Akuapim North,Chum
Bono,Banda,Chuli
Greater Accra,Accra,North Ordokor
Upper East,North Builsa District,Chuchiliga
Ashanti,Amansie Central,Chuaso
Western,Ellembelle,Chuansi
Central,Assin North,Chuanka
Greater Accra,Shai Osudoku District,Chuana
Ashanti,Unknown,Chua
Western,Ellembelle,Chrobo
Greater Accra,Accra,Christian Village
Greater Accra,Accra,Christiansborg
Western North,Aowin/Suaman,Chreu
Central,Upper Denkyira West,Chremekrom
Western,Prestea-Huni Valley,Yamiriwa
Volta,Central Tongu,Chowula
Greater Accra,Shai Osudoku District,Chondawnya
Bono,Banda,Choncho
Greater Accra,Shai Osudoku District,Chomina
Greater Accra,Ga South,Chokome
Volta,Ketu North District,Chiyinu
Volta,Ho West,Chive
Volta,Akatsi South,Chive
Volta,South Tongu District,Chivania
Volta,Adaklu,Chirive
Eastern,Akuapim South,Chiripon
Western,Tarkwa Nsuaem,Chirinyenyim
Bono East,Kintampo North Municipal District,Chirinbindasi
Central,Gomoa West,Chirin
Ashanti,Mampong,Chirimfaso
Volta,Agotime Ziope,Chirigoni
North East,East Mamprusi,Chirifoyiri
Western North,Unknown,Chirifi
Central,Gomoa East,Chiribuanda
Bono East,Kintampo North Municipal District,Chiribrino
Bono,Sunyani,Chiriboja
Western,Tarkwa Nsuaem,Chiriamang
Western,Prestea-Huni Valley,Chirewu
Central,Twifo Ati-Morkwa,Chirenkumso
Central,Upper Denkyira East,Chirenkumso
Ashanti,Sekyere Afram Plains,Chireni
Bono East,Pru,Chirembo
Eastern,Birim Central,Chiremasinashia
Ashanti,Bosome Freho,Chiremabunuso
Bono East,Kintampo South District,Chirehi
Eastern,Kwahu Afram Plains South,Chirebuo
Upper West,Sissala East,Chirebunge
Ashanti,Adansi North,Chirebroso
Central,Upper Denkyira East,Chirebraso
Ashanti,Amansie West,Chireayowa
Ashanti,Atwima Mponua,Kyirayaso
Ashanti,Kumasi,Kyirapatere
Western North,Bibiani/Ahwiaso/Bekwai,Kyerano
Bono East,Kintampo North Municipal District,Kyiranda
Western,Wassa Amenfi West,Chiranam
Ashanti,Unknown,Kyirayaa
Bono East,Nkoranza South,Chiradeso
Bono,Sunyani West,Kyerra
Central,Assin South,Chinso
Central,Assin North,Chinsa
Volta,Ho West,Chinow
Ashanti,Sekyere Afram Plains,Chinhia
Western North,Unknown,Kyine
Oti,Krachi Nchumuru,Chindiri
Eastern,Kwahu East,Chinchira
Eastern,Birim North,Chinchinku
Ashanti,Atwima Mponua,Chinchia Bepo
Upper West,Sissala East,Chincha
Central,Assin South,Chinaso
Central,Awutu Senya,Chinankama
Bono,Unknown,Kyimara
Western North,Aowin/Suaman,Chimasikrom
Volta,North Tongu,Chikpe
Volta,Akatsi South,Chigbeni
Ashanti,Ahafo Ano North,Kyekyewere
Ashanti,Mampong,Chichiwere
Ashanti,Atwima Nwabiagya,Kyekyewere
Ashanti,Atwima Mponua,Kyekyewere
Ashanti,Asante Akim North,Chichiwere
Ashanti,Bekwai,Kyekyewere
Eastern,Birim North,Chichiwere
Western North,Sefwi Akontobra,Atakrom
Ashanti,Adansi South,Chichiwere
Eastern,Ayensuano,Chichiwere
Central,Upper Denkyira East,Kyekyewere
Eastern,Upper West Akim,Chichiwere
Western,Wassa Amenfi East,Chichiwere
Central,Assin North,Chichiwere
Central,Agona West,Chichiwere
Western,Prestea-Huni Valley,Chichiwere
Central,Assin South,Chichiwere
Western,Mpohor/Wassa East,Chichiwere
Western,Tarkwa Nsuaem,Kyekyewere
Volta,North Tongu,Chichiklakpo
Eastern,Birim South,Chichibong
Ashanti,Sekyere Central,Chichibon
Ashanti,Asante Akim North,Chichibiasi
Volta,South Tongu District,Chichekope
Northern,Nanumba South,Chichari
Greater Accra,Shai Osudoku District,Chicha
Volta,North Tongu,Chibukofe
Eastern,Asuogyaman,Chiasi
Eastern,Birim Central,Chiapiasi
Western,Wassa Amenfi East,Chiamekrom
Western,Prestea-Huni Valley,Nyaminkum
Central,Mfatseman,Chiakaw
Central,Assin North,Chiaka
North East,Mamprugo Moaduri District,Chia
Eastern,Akyemansa,Chia
Upper West,Wa,Chansa
Ashanti,Sekyere Central,Cheriasi
North East,Chereponi,Chereponi
Upper West,Nadowli,Cherepon
Greater Accra,Shai Osudoku District,Cherekecherete
North East,Chereponi,Chere-Drakankanu
Ashanti,Adansi South,Cherebuana
Central,Assin North,Cherebuana
Western,Wassa Amenfi East,Cherebo
North East,Chereponi,Chere
Northern,Mion,Cheogu
Eastern,Ayensuano,Chenkudebi
Bono,Tain,Kyenkyu
Ashanti,Asante Akim North,Chenchenku
Ashanti,Amansie West,Chenchenasi
Ashanti,Bosome Freho,Chenchenasi
Bono,Unknown,Kyen
Western,Wassa Amenfi West,Chemuso
Greater Accra,Unknown,Chemu Lagoon
Western,Unknown,Kyemu
Bono,Dormaa East,Kyeremasu
Ashanti,Asante Akim South District,Chempaw Praso
Ashanti,Asante Akim South District,Chempaw
Eastern,Kwahu North,Chemfe
Volta,Adaklu,Cheme
North East,West Mamprusi,Chema
Northern,Mion,Chelli
Central,Assin North,Cheikrom
Western,Jomoro,Cheikrom
Northern,Sagnerigu,Cheggo
Northern,Saboba,Chegbani
Ashanti,Ahafo Ano South,Twetweamoah
Central,Mfatseman,Chechi
Central,Twifo Ati-Morkwa,Chechewere
Ashanti,Asante Akim North,Checherebuaso
Volta,North Tongu,Chechepwe
Volta,Hohoe,Chebi
Ashanti,Sekyere Central,Chebi
Central,Gomoa East,Chebi
Central,Ajumako/Enyan/Essiam,Chebi
Upper West,Lambussie Karni,Cheboggo
Upper East,North Builsa District,Chaza
Upper West,Wa East,Chawuli
Western,Ahanta West,Kyiavani
Upper West,Sissala East,Chato
Savannah,Sawla-Tuna-Kalba,Chasia
Upper West,Wa East,Charingu
Upper West,Wa,Charia
Oti,Krachi West,Chareso
Upper West,Jirapa,Chepuri
Northern,Kumbumgu,Chantung
North East,Chereponi,Chantendi
Greater Accra,Accra,Lapaz
Upper East,Builsa South,Chansia
Upper East,Kassena Nankana West,Chania
Upper West,Nadowli,Changu
Savannah,East Gonja,Changbuni
Upper East,Builsa South,Changanesi
Upper West,Nadowli,Chang
Savannah,East Gonja,Chandayili
North East,Chereponi,Chanchango
Savannah,East Gonja,Chanbulugu
Upper East,Kassena Nankana West,Chana
Western,Tarkwa Nsuaem,Chamso
Central,Agona West,Chamimensakura
Volta,South Dayi,Chameyi
Northern,Nanumba North,Chamba
Savannah,Central Gonja,Chama
Upper West,Daffiama Bussie Issa District,Chala
Upper West,Wa West,Chogosia
Volta,Central Tongu,Chakpo
North East,Bunkpurugu Nakpanduri District,Chakotinge
Northern,Kpandai,Chakori
Northern,Gushiegu,Chakoja
Oti,Nkwanta South,Chaiso
Upper West,Wa East,Chago
North East,Bunkpurugu Nakpanduri District,Chagbanga
Volta,South Tongu District,Chachukope
Savannah,Bole,Chache
Western,Wassa Amenfi West,Chabiajo
Central,Unknown,Central Region
Volta,North Tongu,Casave
Savannah,Bole,Kapenta
Western,Unknown,Cape Three Points Forest Reserve
Greater Accra,Ada East,Bwetakope
Bono,Banda,Bwaw
Upper East,Kassena Nankana West,Bwania
Upper East,Kassena Nankana,Bonia
North East,East Mamprusi,Buzulungu
Northern,Kpandai,Buya
Ashanti,Sekyere Afram Plains,Butuasi
Ashanti,Unknown,Butu
Central,Asikuma/Odoben/Brakwa,Butu
Western,Ahanta West,Butre Point
Western,Unknown,Butre
Western,Ahanta West,Butre
Northern,Saboba,Butoe
Savannah,Central Gonja,Butie
Ashanti,Bosome Freho,Bute
Western North,Aowin/Suaman,Butandokrom
Bono East,Nkoranza North District,Busunya
Savannah,West Gonja,Busunu
Central,Komenda/Edina/Eguafo/Abirem,Busum-Aye
Western,Ahanta West,Busua
Central,Awutu Senya,Busomabina
Upper West,Daffiama Bussie Issa District,Busie
Upper West,Sissala West,Puzene
Western,Wassa Amenfi West,Busafakrom
Savannah,North Gonja,Busa
Upper West,Wa,Busa
Western,Wassa Amenfi Central,Buruso
Northern,Tolon District,Burumani
Savannah,Unknown,Burumankute
Eastern,Kwahu South,Buruku
Western North,Aowin/Suaman,Burukrom
North East,East Mamprusi,Burugu
Upper West,Nandom,Burutu
Upper West,Lawra,Birufo
Central,Gomoa East,Buruata
Greater Accra,Accra,Burma Camp
Western,Unknown,Buri
Oti,Biakoye,Burbulakofe
Western,Unknown,Bura River Forest Reserve
North East,Chereponi,Buramamate
Oti,Krachi Nchumuru,Burai
Western,Unknown,Bura
Central,Twifo Hemang Lower Denkyira,Bupontsin
Eastern,Ayensuano,Bupoasi
Eastern,Upper West Akim,Bupoasi
Bono East,Techiman Municipal District,Buoyem
Bono East,Nkoranza North District,Buoso
Central,Twifo Ati-Morkwa,Buokwadjo
Bono,Dormaa,Aboabo Number Four
Ashanti,Kumasi,Buokurom
Eastern,Nsawam Adoagyiri,Buokrom
Ashanti,Mampong,Buoansa
Ashanti,Ejura Sekyedumase,Bunyum
Western,Wassa Amenfi Central,Bonuama
Eastern,West Akim,Bunuso
Western,Tarkwa Nsuaem,Bunuso
Eastern,East Akim,Bunsu
Eastern,Birim South,Bunso
Ashanti,Ahafo Ano South,Bonsamuo
Greater Accra,Ga South,Bunmu
North East,Bunkpurugu Nakpanduri District,Bunkpurugu
Volta,South Tongu District,Bunikoshikope
Bono,Jaman North,Buni
Savannah,North Gonja,Bungeli
Northern,Savelugu Municipal District,Bunlung
North East,Bunkpurugu Nakpanduri District,Bungbonkurugu
Bono,Banda,Bungasi
Savannah,East Gonja,Bung
Northern,Gushiegu,Bundure
Greater Accra,Shai Osudoku District,Bundase
North East,Bunkpurugu Nakpanduri District,Bunbon
Ashanti,Sekyere Afram Plains,Bunaso
Volta,Hohoe,Bume
North East,Bunkpurugu Nakpanduri District,Bumbuna
North East,East Mamprusi,Bumbuazio
Western North,Aowin/Suaman,Bumaso
Bono East,Pru,Buma
Upper East,Bawku West,Bulunga
Upper East,Pusiga,Bulugu
Northern,Gushiegu,Bulugu
Upper East,Garu District,Bulpielise
Northern,Tamale,Bulpiela
Volta,North Tongu,Bulomon
North East,East Mamprusi,Bulkwere
Upper West,Wa East,Bulenga
North East,West Mamprusi,Bulibia
Western,Jomoro,Bulazo
Northern,Kumbumgu,Bulawn
Ashanti,Amansie Central,Bukwaman
Eastern,Yilo Krobo,Bukuso
Eastern,Kwahu South,Bukuruwa
Eastern,Upper Manya Krobo,Bukunaw
Eastern,Yilo Krobo,Bukunaw
Bono,Tain,Buku
Ashanti,Atwima Kwanwoma,Boko
Central,Twifo Hemang Lower Denkyira,Bukruso
Western,Mpohor/Wassa East,Bukruso
Western,Unknown,Bukuru
Eastern,Upper Manya Krobo,Bukrom
Bono,Jaman North,Buko
Upper East,Bolgatanga Municipal District,Bukere
Upper West,Sissala East,Bujan
Savannah,Central Gonja,Old Buipe
Bono,Banda,Bui
Ashanti,Sekyere Afram Plains,Buhuri
Upper East,Garu District,Bugwia
Upper East,Garu District,Bugri
Northern,Karaga,Bugulugu
Upper East,Bawku West,Bugula
Upper West,Wa East,Bugu
Upper East,Bawku West,Bugori
North East,West Mamprusi,Bugeya
Volta,Ketu South District,Bugbumi
Upper West,Sissala East,Buguboi
Volta,Ketu South District,Bugbala
Savannah,North Gonja,Bugay
Upper East,Bawku West,Bugade
Central,Ajumako/Enyan/Essiam,Budukwa
Volta,Kpando,Budubudu
Eastern,Akuapim South,Budu
Ashanti,Adansi North,Buda
Central,Twifo Hemang Lower Denkyira,Bubu
Central,Agona East,Buawoma
Western,Wassa Amenfi East,Buatum
Savannah,Bole,Gbemfo
Ashanti,Ejisu Juaben,Buamadumasi
Western North,Sefwi-Wiawso,Buaku Nkwanta
Western North,Sefwi-Wiawso,Boako
Greater Accra,Shai Osudoku District,Buaku
Oti,Krachi Nchumuru,Buafori
Eastern,Akuapim South,Buadosi
Central,Upper Denkyira East,Buabenso
Central,Upper Denkyira East,Buabin
Ashanti,Bekwai,Buaben
Western,Secondi Takoradi,Buabakrom
Northern,Karaga,Bu
Central,Gomoa West,Brusheng
Ashanti,Afigya-Kwabre District,Brukon
Western,Mpohor,Pertsea Camp Number One
Central,Komenda/Edina/Eguafo/Abirem,Brunibuma
Savannah,East Gonja,Brumasi
Western,Prestea-Huni Valley,Brumase
Northern,Savelugu Municipal District,Bruma
Central,Gomoa East,Buduburam
Western,Jomoro,Broso
Ahafo,Tano South,Brosankro
Ashanti,Ahafo Ano South,Buronikurom
Ashanti,Adansi South,Bronikrom
Western,Ellembelle,Bromami
Ashanti,Adansi North,Brokuruaso
Central,Assin North,Brofuyedru
Ashanti,Offinso Municipal District,Brofoyedru
Ashanti,Sekyere South,Tano Odumase
Ashanti,Atwima Kwanwoma,Brofoyeduru
Ashanti,Bosome Freho,Brofoyedru
Ashanti,Bekwai,Brofoyeduru
Ashanti,Amansie West,Brofoyedru
Ashanti,Amansie Central,Brofoyedru
Ashanti,Adansi North,Brofoyedru
Ashanti,Obuasi,Brofoyeduru
Ashanti,Adansi South,Brofoyeduru
Central,Upper Denkyira West,Bofoado
Eastern,Birim South,Brofoyedru
Western,Mpohor/Wassa East,Brofoyedru
Central,Gomoa East,Brofoyedru
Central,Ajumako/Enyan/Essiam,Brofoyedru
Central,Gomoa West,Brofoyedru
Eastern,Ayensuano,Brodikrom
Eastern,Akyemansa,Brodiasi
Bono,Tain,Bredi
Ashanti,Bosomtwe,Brodekwano
Ashanti,Adansi North,Bobriase
Ashanti,Ahafo Ano South,Nkyensedaho
Ashanti,Asante Akim North,Brinsem
Central,Cape Coast,Brimbrimso
Eastern,Akuapim South,Bribon
Central,Assin North,Breyue
Bono East,Atebubu-Amantin District,Bresuanu
Ashanti,Mampong,Bresua
Eastern,Upper Manya Krobo,Breponsu
Ashanti,Sekyere Central,Brepaw
Ashanti,Sekyere East,Brepaw
Eastern,Upper Manya Krobo,Brepaw
Ashanti,Offinso Municipal District,Brenyakrom
Central,Komenda/Edina/Eguafo/Abirem,Brenu Achinum
Oti,Nkwanta South,Brewaniase
Eastern,Akyemansa,Brenasi
Ashanti,Unknown,Bemang
Ashanti,Kumasi,Breman
Western North,Juaboso,Breman
Central,Upper Denkyira West,Breman
Central,Assin North,Bremang
Western,Wassa Amenfi West,Breman
Western,Prestea-Huni Valley,Bremang
Central,Twifo Hemang Lower Denkyira,Bremang
Western,Mpohor/Wassa East,Bremang
Central,Komenda/Edina/Eguafo/Abirem,Bremang
Western,Mpohor,Bremang
Central,Twifo Ati-Morkwa,Breman
Greater Accra,Ga West,Breman
Western North,Aowin/Suaman,Brekrom
Eastern,Nsawam Adoagyiri,Brejimakrom
Central,Gomoa West,Brebianu
Central,Abura/Asebu/Kwamankese,Brebia
Central,Agona East,Brayenda
Ashanti,Atwima Nwabiagya,Brawsanko
Bono,Tain,Brohani
Bono,Wenchi,Branam
Eastern,Asuogyaman,Bram
Central,Asikuma/Odoben/Brakwa,Brakwa
Western,Unknown,Brayiri
Bono East,Nkoranza South,Braho
Western,Mpohor/Wassa East,Brahabebumi
Ashanti,Obuasi,Brahabebome
Central,Assin South,Brahababumi
Central,Agona West,Brachire
Ashanti,Amansie West,Brabuo
Central,Ajumako/Enyan/Essiam,Brabade
Central,Asikuma/Odoben/Brakwa,Boyawso
Ashanti,Sekyere Afram Plains,Boyamaw
Ashanti,Atwima Mponua,Boya
Western,Mpohor,Bowohumodeng
Western,Unknown,Bowiye Range Forest Reserve
Western,Unknown,Bowiy Range
Central,Awutu Senya,Bowenum
Savannah,North Gonja,Bowena
Central,Agona East,Bowamoden
Western,Ellembelle,Ebowu
Savannah,East Gonja,Botugu
Northern,Mion,Botrung
Greater Accra,Ga West,Botokura
Eastern,Nsawam Adoagyiri,Botokura
Volta,North Dayi,Botoku
Western,Wassa Amenfi East,Botiso
Ashanti,Unknown,Botri
Greater Accra,Ga South,Bortianor
Upper West,Sissala West,Boti
Western,Shama,Botawjwina
Central,Awutu Senya,Botamfa
Eastern,Fanteakwa,Bosuso
Western North,Sefwi-Wiawso,Bosumuoso
Western,Wassa Amenfi Central,Bosumremba
Ashanti,Offinso North,Bosumponso
Eastern,Asuogyaman,Bosumpiribrum
Ahafo,Unknown,Bosumpim
Ahafo,Unknown,Bosumkese Forest Reserve
Ahafo,Tano North,Bosumkese
Ashanti,Mampong,Bosumcheche
Western,Mpohor/Wassa East,Bosumasi
Western,Nzema East,Bosum Afre
Central,Assin South,Bosumadwi
Central,Awutu Senya,Bosumabina
Ashanti,Bosome Freho,Bosuma
Bono East,Kintampo North Municipal District,Bosuama
Bono,Banda,Bosuaba
Eastern,Yilo Krobo,Bosotwi
Ashanti,Sekyere Afram Plains,Bosoro
Northern,Zabzugu District,Bosoni
Eastern,Asuogyaman,Boso
Volta,Adaklu,Boso
Ashanti,Unknown,Bosie
Northern,Zabzugu District,Bosenaire
Ashanti,Mampong,Bosafo
Savannah,Central Gonja,Bortupure
Upper West,Wa West,Boro
Northern,Kumbumgu,Bornaiyili
Bono,Sunyani,Boreso Number One
Bono,Sunyani West,Boreso
Bono,Unknown,Bore
Oti,Krachi Nchumuru,Borae
Oti,Jasikan,Borada
Northern,Kpandai,Bora
Western,Wassa Amenfi West,Boposo
Western North,Aowin/Suaman,Bopobin
Eastern,Fanteakwa,Bopoasi
Eastern,Asuogyaman,Bopoasi
Western,Wassa Amenfi West,Bopoakaw
Central,Assin South,Bopoakaw
Western,Prestea-Huni Valley,Beposo
Western,Wassa Amenfi East,Bopaiasi
Western North,Sefwi Akontobra,Bopa
Western,Jomoro,Bonyeri
Ashanti,Ejisu Juaben,Bonweri
Western,Wassa Amenfi West,Bontuako
Central,Awutu Senya,Bontrasi
Ashanti,Atwima Mponua,Bontomurso
Eastern,Akyemansa,Bontodiasi
Western,Wassa Amenfi Central,Bontinwari
Ashanti,Amansie West,Bonteso
Ashanti,Unknown,Bonte
Bono East,Nkoranza North District,Bonte
Western North,Aowin/Suaman,Bonta
Ashanti,Ahafo Ano North,Abansuaso
Ashanti,Offinso Municipal District,Bonsua Number Two
Western,Ahanta West,Bonsokrom
Western North,Aowin/Suaman,Bonseni
Western,Unknown,Bonsawire
Western,Tarkwa Nsuaem,Bonsawire
Western North,Aowin/Suaman,Bonsaso
Western,Prestea-Huni Valley,Bonsaso
Western,Tarkwa Nsuaem,Bonsaso
Western,Unknown,Bonsa River Forest Reserve
Western North,Aowin/Suaman,Bonsan
Ahafo,Unknown,Bosam Bepo Forest Reserve
Ahafo,Asunafo South,Bonsambepo
Ashanti,Amansie West,Bonsaiso
Central,Unknown,Bonsa Ben Forest Reserve
Western,Nzema East,Bonsa-Abawye
Western,Unknown,Bonsa
Volta,Ketu South District,Bonome
Bono,Tain,Bono
Ashanti,Ahafo Ano South,Bonkwaso Number One
Ashanti,Ahafo Ano South,Bonkwaso
Ashanti,Unknown,Bonkwa
Ashanti,Sekyere Central,Bonkrom
Eastern,Kwahu Afram Plains South,Bonkrom
Ashanti,Adansi South,Bonkrom
Ashanti,Ahafo Ano North,Bonkro
Western,Prestea-Huni Valley,Dunkro
Ahafo,Unknown,Bonkoni Forest Reserve
Ahafo,Unknown,Bonkuni
Ahafo,Asunafo North,Bonkoni
Ashanti,Bosomtwe,Boniso
Savannah,Central Gonja,Bonipe
Western,Mpohor/Wassa East,Bonieso
Ashanti,Unknown,Boni
Ashanti,Bosomtwe,Boni
Ashanti,Bekwai,Boni
North East,Bunkpurugu Nakpanduri District,Bongpulugu
North East,East Mamprusi,Bongodabila
North East,East Mamprusi,Bongo-Da
Upper East,Bawku Municipal District,Boango
Upper East,Bongo District,Bongo
Northern,Mion,Bong
Western North,Aowin/Suaman,Bonesue
Central,Abura/Asebu/Kwamankese,Bondo
Upper East,Bawku West,Bugari
Bono,Jaman North,Bonakyire
Western,Prestea-Huni Valley,Bondae
Northern,Tatale-Sangule District,Bonboli
Western,Mpohor/Wassa East,Bonaso
Ashanti,Kumasi,Bomso
Eastern,Kwaebibirem,Bomso
Bono,Unknown,Bombire
Eastern,Asuogyaman,Bompong
Bono East,Sene East,Bompoi
Western,Prestea-Huni Valley,Dompieso
Ashanti,Asante Akim South District,Bompata
Western,Wassa Amenfi West,Bomokrom
Western,Mpohor/Wassa East,Bomodin
Eastern,Asuogyaman,Bomli
Volta,Ho West,Bomli
Bono East,Nkoranza North District,Bomini
Volta,Keta,Bomigo
Ashanti,Asante Akim North,Bomhu
Ashanti,Ejisu Juaben,Bomfa
Savannah,Bole,Bomburi
Western,Nzema East,Bombokrom
North East,East Mamprusi,Bombine
North East,East Mamprusi,Bombila
Eastern,Upper Manya Krobo,Bomasi Zome
Eastern,Upper Manya Krobo,Bomasi Tenya
Eastern,Upper Manya Krobo,Bomasi
Western,Ellembelle,Bomuakpole
Northern,Gushiegu,Boma
Ahafo,Tano North,Bomaa
Eastern,Atiwa,Boma
Western,Jomoro,Boluan
Volta,Ho West,Bolonyigbi
Upper West,Sissala East,Bolie
Upper West,Wa,Boli
Upper East,Bolgatanga Municipal District,Bolgatanga
Savannah,Bole,Bole
North East,East Mamprusi,Bolalagole
Northern,Gushiegu,Bolalagole
Volta,North Tongu,Bokwemi
Volta,Ketu North District,Bokuve
Upper East,Unknown,Bokuliga
Ahafo,Tano North,Boukrukrawa
Upper East,Garu District,Boku
North East,East Mamprusi,Boku
Bono,Wenchi,Buko
Ashanti,Unknown,Bokrua
Western,Ahanta West,Boekrom
Western,Nzema East,Bokro
Volta,North Tongu,Bokpo
Western North,Sefwi Akontobra,Bokokre
Western,Ellembelle,Bokobokokrom
Upper East,Binduri District,Boko
Upper East,Bongo District,Boko
Volta,Ho,Bokaw
Western,Wassa Amenfi West,Bokaukre
Western,Jomoro,Bokaso Farms
Western North,Sefwi Akontobra,Bokaso
Western,Jomoro,Bokaso
Ashanti,Atwima Nwabiagya,Bokwankye
Western,Jomoro,Bokakole
Central,Abura/Asebu/Kwamankese,Boka
Central,Ekumfi,Bojwanu
Western,Unknown,Bodwobi
Upper West,Jirapa,Bazuu
Western,Wassa Amenfi Central,Bojiasi
Savannah,Bole,Bojel
Western,Wassa Amenfi Central,Bojebikrom
Ashanti,Bekwai,Bogyawe
North East,West Mamprusi,Boiyeni
Upper East,Bawku West,Boya
Ashanti,Sekyere East,Boiya
Western North,Juaboso,Boizan
Savannah,Central Gonja,Boinyongasi
Bono East,Nkoranza South,Bonsu
Western North,Aowin/Suaman,Boinso
Western,Unknown,Boin River Forest Reserve
Central,Agona West,Boifi
Greater Accra,Ga East,Boi
Western,Ellembelle,Bohinikrom
Greater Accra,Shai Osudoku District,Bogwabo
Northern,Mion,Bogoyili
Western,Prestea-Huni Valley,Bogoso
Upper East,Bongo District,Bogorogo
Upper West,Unknown,Bogol
Savannah,Bole,Kamfensi
North East,Chereponi,Bogaso
Volta,North Dayi,Bogame
Upper West,Wa East,Buffiama
Bono,Banda,Bofe
Western,Ellembelle,Boewi
Volta,Ho West,Boete
Central,Awutu Senya,Boedum
Central,Ekumfi,Boedukwa
Upper West,Nandom,Boe
Ashanti,Adansi North,Bodweseanwo
Volta,Ho West,Bodome
Ashanti,Sekyere Afram Plains,Bodomasi
Greater Accra,Ga West,Bodomasi
Western North,Bodi,Boadi
Northern,Tatale-Sangule District,Bodere
Western,Unknown,Bodam
Western,Wassa Amenfi Central,Bodam
Bono,Jaman South,Buobuni
Ashanti,Amansie West,Bobuabo
Ashanti,Sekyere Central,Bobinasi
Central,Agona West,Bobikuma
Ashanti,Ejisu Juaben,Boatenkrom
Ashanti,Amansie West,Boatenkrom
Ashanti,Atwima Nwabiagya,Boaso
Eastern,Ayensuano,Boasi
Central,Asikuma/Odoben/Brakwa,Boasi
Western North,Aowin/Suaman,Boasi
Northern,Tamale,Boashe
Eastern,Upper Manya Krobo,Boapakan
Ashanti,Ejisu Juaben,Boankra
Eastern,Asuogyaman,Boankra
Ashanti,Sekyere South,Boanim
Western,Ellembelle,Boami
Ashanti,Afigya-Kwabre District,Boaman
Ashanti,Bekwai,Boaman
Ashanti,Sekyere Afram Plains,Boakwesi
Ashanti,Sekyere Afram Plains,Boakusi
Savannah,Central Gonja,Boakipe
Western,Prestea-Huni Valley,Boadikrom
Western,Jomoro,Boachiswaso
Western,Wassa Amenfi West,Boabinso
Ashanti,Sekyere South,Boabidru
Bono East,Nkoranza North District,Boaben
Upper West,Lawra,Boo
Volta,South Tongu District,Bludo
Volta,North Tongu,Blonya
Northern,Tatale-Sangule District,Blinkpale
Eastern,Lower Manya Krobo,Blikatako
Eastern,Upper West Akim,Bleman
Central,Awutu Senya,Bleman
Western,Nzema East,Blekrom
North East,Chereponi,Blebage
Volta,Keta,Bleamezado
North East,Bunkpurugu Nakpanduri District,Blalogele
Northern,Tolon District,Blahogo
Volta,Ketu South District,Blagpadu
Northern,Kpandai,Bladjai
Northern,Gushiegu,Blachoni
Volta,Hohoe,Bla
Volta,North Tongu,Bla
Northern,Gushiegu,Biyemba
Upper East,Talensi-Nabdam,Biung
Central,Agona East,Biuasi
Upper East,Kassena Nankana,Biu
Ashanti,Adansi North,Bisitokoro
North East,Bunkpurugu Nakpanduri District,Bisitinga
Eastern,Kwahu East,Bisima
Eastern,Asuogyaman,Bisikrom
Upper West,Wa East,Bisikan
North East,West Mamprusi,Bisigu
Ashanti,Atwima Nwabiagya,Bisiasi
Ashanti,Ejisu Juaben,Bisiasi
Eastern,Kwahu East,Bisiasi
Ashanti,Bekwai,Besease
Ashanti,Amansie Central,Fenaso Number One
Central,Upper Denkyira West,Besease
Eastern,Akuapim South,Bisiasi
Central,Assin South,Bisiasi
Western North,Aowin/Suaman,Bisiade
Eastern,Kwahu South,Bisia
Bono,Unknown,Bisi
Ahafo,Unknown,Bisi
Central,Ajumako/Enyan/Essiam,Biseasi
Northern,Tatale-Sangule District,Bisayem
Western,Wassa Amenfi West,Bisaso
Western,Unknown,Bisao
Western,Wassa Amenfi Central,Gyedua
Eastern,Kwaebibirem,Bisai
Central,Agona East,Bisade
Central,Gomoa East,Bisade
Eastern,Upper Manya Krobo,Bisa
Western,Prestea-Huni Valley,Biriwa
Central,Mfatseman,Biriwa
Ashanti,Asante Akim North,Birisa
Upper East,Bawku West,Biringo
Ashanti,Sekyere Afram Plains,Birimpotia
Western,Prestea-Huni Valley,Birikrom
Ashanti,Amansie Central,Biribiwoman
Bono East,Kintampo North Municipal District,Biri
Ashanti,Adansi South,Birekrom
Ashanti,Sekyere South,Bipoa
Northern,Mion,Bioyili
Central,Gomoa East,Bionso
Upper East,Bongo District,Biong
Upper East,Bolgatanga Municipal District,Biong
Upper East,Unknown,Abankuliga
Upper East,Garu District,Benwoko
Central,Agona East,Bintumkrom
Savannah,East Gonja,Binjai
North East,East Mamprusi,Bingbiriga
Upper East,Binduri District,Binduri Natinga
North East,East Mamprusi,Binduri
Northern,Karaga,Bindure
North East,East Mamprusi,Bindanacho
Northern,Kumbumgu,Binayili
Upper East,Bawku West,Binaba
Central,Twifo Ati-Morkwa,Bimponso
Western,Unknown,Bimpong
Upper East,Pusiga,Bimpiela
Upper East,Garu District,Bempiella
Ashanti,Ejura Sekyedumase,Bimi
Northern,Kumbumgu,Bimbirooili
North East,West Mamprusi,Bimbini
Northern,Nanumba North,Bimbila
North East,Bunkpurugu Nakpanduri District,Bimbago
Ashanti,Sekyere East,Bima Number 2
Ashanti,Sekyere East,Bima Number 1
North East,Mamprugo Moaduri District,Bima
Bono,Banda,Bima
Ashanti,Sekyere Central,Bima
Upper West,Lambussie Karni,Billaw
Northern,Karaga,Bilisinga
Upper East,North Builsa District,Bilinsa
Savannah,North Gonja,Bilige
Volta,Ketu South District,Biko
Eastern,Kwahu West,Bijao
Greater Accra,Ada East,Big Ada
Upper West,Wa West,Bienya
Savannah,Unknown,Bieno
Eastern,Birim South,Biene
Northern,Gushiegu,Bienda
Ashanti,Ahafo Ano South,Biemtetrete
Ashanti,Ahafo Ano South,Biemso Number Two
Ashanti,Ahafo Ano South,Biemso
Ashanti,Unknown,Biem
Upper West,Wa East,Bielepong
Upper East,Binduri District,Bieka
Western,Wassa Amenfi West,Blejekrom
Central,Gomoa West,Bidwadzi
Savannah,West Gonja,Bidima
Central,Ekumfi,Biden
Upper East,Builsa South,Bidema
Savannah,Bole,Bibli
Western North,Bibiani/Ahwiaso/Bekwai,Bibiani
Western,Unknown,Bia Tributaries South Forest Reserve
Western,Unknown,Bia Tributaries North Forest Reserve
Ahafo,Unknown,Bia Tano Forest Reserve
Ashanti,Ejisu Juaben,Biasua
Ahafo,Asutifi,Biaso
Ahafo,Unknown,Bia Shelterbelt Forest Reserve
Western,Wassa Amenfi East,Biapiakroa
Western North,Bia,Biano
Upper East,Garu District,Biankuri
North East,Bunkpurugu Nakpanduri District,Biambigi
Savannah,Sawla-Tuna-Kalba,Blema
Bono,Jaman South,Biama
Ashanti,Unknown,Biakwa
Volta,Ho West,Biakpa
Ashanti,Asante Akim South District,Biakoyekrom
Bono,Berekum,Biadani
Ashanti,Sekyere Afram Plains,Bia
Upper East,Bawku West,Bezune
Western North,Aowin/Suaman,Beyrakrom
Western,Jomoro,Beyin
Central,Assin South,Beyeden
Western,Jomoro,Bewia
Bono East,Kintampo North Municipal District,Bewele
Ashanti,Ahafo Ano South,Beweahaha
Eastern,Akuapim North,Bewasi
Volta,Ho West,Betyikpo
Upper West,Unknown,Betu
Volta,North Tongu,Beto
Ashanti,Ahafo Ano South,Betinko
Ashanti,Adansi South,Betinko
Central,Upper Denkyira West,Betinasi
Ashanti,Adansi South,Betenase
Western,Nzema East,Betinasi
Western,Wassa Amenfi West,Betinasi
Western,Wassa Amenfi Central,Betimanahun
Eastern,Asuogyaman,Betenya
Volta,North Tongu,Betekpo
Volta,South Tongu District,Betekpo
Northern,Gushiegu,Betei
Western,Prestea-Huni Valley,Botebone
Western,Ellembelle,Beswaswaso
Central,Twifo Ati-Morkwa,Besidroasi
Western North,Sefwi Akontobra,Besibema
Ashanti,Amansie West,Besiasi
Central,Upper Denkyira East,Besiasi
Central,Komenda/Edina/Eguafo/Abirem,Besiasi
Bono East,Techiman Municipal District,Mesedan
Western North,Sefwi Akontobra,Besasi
Volta,South Tongu District,Besakofe
Western,Nzema East,Benyimadi
Upper West,Wa West,Berinyasi
Western,Tarkwa Nsuaem,Berinukrom
Greater Accra,Shai Osudoku District,Beretum
Ahafo,Tano South,Beremi
North East,Bunkpurugu Nakpanduri District,Beremfio
Ashanti,Sekyere Central,Berem
Eastern,Akuapim South,Berekuso
Bono,Berekum,Berekum
Greater Accra,Ga East,Bereku
Central,Komenda/Edina/Eguafo/Abirem,Berasi
Central,Gomoa East,Beraku Point
Volta,Adaklu,Berafe
North East,Bunkpurugu Nakpanduri District,Berab
Ashanti,Ahafo Ano South,Bepo Yao
Ashanti,Sekyere Afram Plains,Bepotifi
Ashanti,Adansi North,Bepotifi
Bono,Wenchi,Beposo
Ashanti,Atwima Mponua,Beposo
Ashanti,Bosomtwe,Beposo
Ashanti,Bosome Freho,Beposo
Ashanti,Adansi South,Beposo
Western,Shama,Beposo
Ashanti,Bosomtwe,Beposei
Ashanti,Bekwai,Beposei
Ashanti,Atwima Mponua,Bepo Ntin
Eastern,Kwahu South,Bepong
Ahafo,Asunafo South,Bepokro
Central,Upper Denkyira East,Bepokawkaw
Ashanti,Ahafo Ano South,Bepokawkaw
Northern,Karaga,Bepoiya
Central,Twifo Ati-Morkwa,Bepoben
Bono,Tain,Bepoase
Ashanti,Bosome Freho,Bepoasi
Ashanti,Adansi North,Bepoasi
Western,Prestea-Huni Valley,Bepoasi
Central,Assin South,Bepoakaw
Eastern,Kwahu North,Bepawtia
Ashanti,Sekyere Central,Bepawso
Ashanti,Ahafo Ano South,Bisiasi
Ashanti,Ahafo Ano South,Beposo
Eastern,Akuapim South,Bepawso
Ashanti,Sekyere Central,Bepawkobina
Ashanti,Sekyere Afram Plains,Bepawkawkaw
Ashanti,Sekyere South,Bepasi
Central,Komenda/Edina/Eguafo/Abirem,Benyadzi
Western,Unknown,Ben West Block Forest Reserve
Western,Wassa Amenfi West,Benufokrom
Volta,Hohoe,Benua
Bono,Unknown,Benu
Savannah,East Gonja,Bentripe
Eastern,Upper Manya Krobo,Bentiri
Western,Ellembelle,Bentiniboa
Western,Ellembelle,Bentinasi
Western,Unknown,Bezibata
Ashanti,Amansie West,Bensuaso
Western,Tarkwa Nsuaem,Benso Dada
Western,Tarkwa Nsuaem,Benso
Upper East,Kassena Nankana West,Bensi
Ashanti,Bekwai,Benkwakwa
Northern,Saboba,Benja
Central,Asikuma/Odoben/Brakwa,Benin
Ashanti,Mampong,Benim
Upper West,Sissala East,Beniejan
Western,Unknown,Beni
Eastern,Birim South,Beni
Upper East,Binduri District,Binguri
Upper West,Sissala East,Benebise
North East,Bunkpurugu Nakpanduri District,Bendinsuguru
North East,Bunkpurugu Nakpanduri District,Bende-Gbloku
Upper West,Sissala East,Bende
North East,Bunkpurugu Nakpanduri District,Bende
Western North,Juaboso,Nkatieso
Western North,Juaboso,Benkyema
North East,West Mamprusi,Benawa
Western,Wassa Amenfi West,Benapiakrom
Western,Unknown,Ben
Volta,North Dayi,Beme
Volta,Agotime Ziope,Bembla
Upper East,Kassena Nankana,Bembisi
Upper East,Kassena Nankana West,Boania
Upper West,Sissala West,Bullu
Upper East,Binduri District,Belempiis
Savannah,North Gonja,Bele
Upper East,Garu District,Gbeliginvusi
Savannah,Central Gonja,Belamano
Upper East,Binduri District,Belagu Kpokparago
Central,Assin North,Bekwasi
Ashanti,Atwima Kwanwoma,Bekwame
Ashanti,Bekwai,Bekwai
Western,Wassa Amenfi Central,Wassa Bekwae
Western,Ellembelle,Baku
Upper West,Unknown,Bekpong
Volta,South Tongu District,Bekpo
Eastern,Atiwa,Bekoasi
Ashanti,Adansi South,Bekapa
Ashanti,Amansie Central,Begoroase
Eastern,West Akim,Bejiwahum
Northern,Kpandai,Bejim
Western,Nzema East,Bujei
North East,Chereponi,Beigbunde
Eastern,Fanteakwa,Begoro
Upper West,Sissala East,Beglebelia
Upper West,Unknown,Begelimbe
Volta,Ho,Begbi
Ashanti,Asante Akim North,Befwe
Central,Mfatseman,Befikrom
North East,West Mamprusi,Beduri
Central,Asikuma/Odoben/Brakwa,Bedum
Western,Prestea-Huni Valley,Bedukrom
Ashanti,Sekyere South,Bedomase
Ashanti,Atwima Mponua,Bedifi
Eastern,New Juaben,Bediesi
Central,Twifo Ati-Morkwa,Bediedua
Ahafo,Asunafo North,Bediakukrom
Northern,Karaga,Bediako
Greater Accra,Ada East,Bedeku
Volta,Keta,Bedaji
Ashanti,Atwima Mponua,Bedabuokrom
Upper East,Builsa South,Bechisi
Ashanti,Ahafo Ano South,Bechikrom
Upper West,Sissala East,Bichemboi
Ahafo,Tano South,Bechem
Upper East,Builsa South,Bechaunsi
Western,Unknown,Bebum
Ashanti,Atwima Kwanwoma,Bebu
Western,Wassa Amenfi East,Bebianiha
Eastern,Birim South,Bebianiha
Central,Agona East,Bebianiha
Greater Accra,Ga South,Bebianiha
Central,Agona West,Bebianiha
Western,Wassa Amenfi Central,Bebianiha
Ashanti,Asante Akim South District,Bebianiha
Western,Ahanta West,Beahun
Upper East,Bawku West,Bugzuni
Upper East,Binduri District,Bazua
Upper East,Kassena Nankana,Baziengo
Volta,Akatsi South,Bayive
Volta,Ho,Bayime
Ashanti,Ejisu Juaben,Baworo
Western,Ellembelle,Bawmkuswaso
Ashanti,Sekyere Afram Plains,Bawmkawkaw
Upper East,Bawku Municipal District,Bawkuzua
North East,Bunkpurugu Nakpanduri District,Bawkuye
Upper East,Bawku Municipal District,Bawku
Upper West,Sissala East,Bawkolo
Ashanti,Sekyere Afram Plains,Bawjwiasi
Central,Awutu Senya,Bawjiasi
Central,Agona East,Bawjiasi
Western,Wassa Amenfi East,Bawjaso
Ashanti,Ahafo Ano South,Yeboakurom
Northern,Gushiegu,Bawgo
Eastern,Denkyembour,Bawdua
Western,Mpohor/Wassa East,Bawdiwakro
Ashanti,Amansie West,Bawdiasi
Central,Assin South,Bawdiama
Western,Wassa Amenfi East,Bowodee
Bono,Jaman South,Bodaa
Ashanti,Amansie Central,Bawbu
Ashanti,Adansi North,Bawbinso
Central,Ajumako/Enyan/Essiam,Bawbawbreden
Greater Accra,Tema Metropolitan District,Bawalishi
Greater Accra,Accra,La Bawalshie
Upper East,Kassena Nankana,Bavugnia
Savannah,East Gonja,Bau
Western,Wassa Amenfi Central,Batuemia
Volta,North Tongu,Batowuguji
Volta,North Tongu,Bator
Volta,Ho West,Batokope
Northern,Nanumba South,Bato
Central,Abura/Asebu/Kwamankese,Batenya
Volta,Keta,Batefe
Volta,North Tongu,Batawkobnakope
Ashanti,Ejisu Juaben,Batanpemniba
Northern,Gushiegu,Batani
Eastern,Birim Central,Batabe
Volta,Akatsi South,Bata
Savannah,West Gonja,Baso
Ashanti,Ahafo Ano South,Baso
Upper West,Sissala East,Basiasan
Ahafo,Asunafo North,Basiansi
Upper West,Nadowli,Basie
Western,Nzema East,Base
Savannah,North Gonja,Basampa
Western,Ellembelle,Basake
Western,Ellembelle,Basachia
Upper West,Nandom,Basabli
Bono East,Sene,Basa
Volta,Central Tongu,Barubi
Northern,Tolon District,Barrayiri
Western,Jomoro,Barimanso
Ashanti,Atwima Nwabiagya,Barekese
Upper East,Bawku Municipal District,Baribari
Upper East,Talensi-Nabdam,Bari
Ashanti,Atwima Nwabiagya,Bari
Upper West,Lawra,Barewon
North East,Bunkpurugu Nakpanduri District,Barelawn
Northern,Yendi,Barbia
North East,Bunkpurugu Nakpanduri District,Baraluan
Bono East,Pru,Barache
Upper East,Garu District,Barboaka
Volta,South Dayi,Banyakwe
Northern,Tamale,Banvum
Upper West,Sissala East,Banu
Bono,Jaman South,Baano Number One
Central,Komenda/Edina/Eguafo/Abirem,Bantuma
Upper East,Garu District,Gbanterago
Western,Unknown,Bantema
Upper East,Garu District,Bantavarigu
North East,East Mamprusi,Bantambari
Bono East,Sene,Bantama
Ashanti,Kumasi,Bantama
Western,Wassa Amenfi Central,Bantama
Eastern,Birim Central,Bantama
Central,Awutu Senya,Bantama
Upper West,Wa East,Bantala
Ashanti,Bosome Freho,Banso
Ashanti,Asante Akim South District,Banso
Eastern,Atiwa,Banso
Western,Tarkwa Nsuaem,Banso
Western,Nzema East,Banso
Western,Ahanta West,Banso
Upper East,Binduri District,Banshi
Savannah,Bole,Bampewa
Upper West,Sissala East,Banosan
Bono East,Nkoranza South,Banofuo
Northern,Kumbumgu,Bannayili
Upper West,Sissala East,Banla
North East,West Mamprusi,Bankuda
Western North,Bibiani/Ahwiaso/Bekwai,Bankrumisa
Volta,Ho,Bankoe
Upper West,Nadowli,Banko
Ashanti,Sekyere Afram Plains,Banko
Central,Asikuma/Odoben/Brakwa,Banko
Ashanti,Asante Akim South District,Bankame
Northern,Kpandai,Bankamba
Bono East,Kintampo North Municipal District,Bankama
Northern,Gushiegu,Bankali
Ashanti,Asante Akim South District,Banka
Northern,Tolon District,Banjora
Western,Wassa Amenfi East,Banjekrom
North East,Chereponi,Banjanin
Ashanti,Ahafo Ano South,Baaneekurom
Bono East,Kintampo North Municipal District,Baneetwe
Upper West,Lambussie Karni,Bangwon
Savannah,Bole,Gbangpe
Upper East,Bawku West,Bango
North East,East Mamprusi,Bango
North East,West Mamprusi,Bangne
Northern,Zabzugu District,Bangmani
North East,Chereponi,Bangbale
Savannah,East Gonja,Bandown
Central,Komenda/Edina/Eguafo/Abirem,Bando
Northern,Nanumba South,Bandiyili
North East,East Mamprusi,Bandinya
Savannah,Unknown,Kpandalaw
Western,Wassa Amenfi West,Bandawaso
Savannah,Bole,Banda Nkwanta
North East,East Mamprusi,Bandali
Ashanti,Asante Akim North,Bandai
Northern,Kpandai,Banda
Bono,Banda,Samina Kuu
Greater Accra,Ada East,Banavekope
Western North,Aowin/Suaman,Banaso
Northern,Unknown,Bonanyini
Eastern,Birim North,Banama
Eastern,Lower Manya Krobo,Bana Hill
Central,Upper Denkyira East,Kyerenkum
Savannah,East Gonja,Bamvim
Central,Assin South,Bamslaw
Ashanti,Kwabre District,Bamparasi
North East,East Mamprusi,Bampaha
Bono East,Techiman North District,Baamure
Upper West,Wa West,Bamkpoma
Ashanti,Atwima Mponua,Bamiankaw
Western,Ellembelle,Bamiankaw
Western,Nzema East,Bamiankaw
Volta,Ho West,Bame Pass
Volta,Ho West,Bame
Volta,Ketu North District,Bame
Upper West,Unknown,Bambulo
Northern,Gushiegu,Bambuli
Savannah,Bole,Bamboi
Northern,Tolon District,Bambea
North East,East Mamprusi,Bamariba-Tinga
North East,Bunkpurugu Nakpanduri District,Bamao
Ashanti,Kwabre District,Bamang
Upper East,Kassena Nankana,Balure
Upper East,Talensi-Nabdam,Balungu
Upper East,Bongo District,Balungo
North East,East Mamprusi,Balonkura
Northern,Yendi,Balo
Northern,Kumbumgu,Ballongpiong
Northern,Karaga,Baliga
Upper West,Sissala East,Balie
Northern,Tatale-Sangule District,Bali
Volta,South Tongu District,Balenya
Savannah,Bole,Bale
Upper East,North Builsa District,Balansa
Volta,Hohoe,Balakpodji
Northern,Kpandai,Balai
Northern,Tamale,Balahi
Upper East,Talensi-Nabdam,Balaga
Upper West,Wa West,Baleaufili
Volta,Hohoe,Bala
Volta,Hohoe,Bakwa
Western,Prestea-Huni Valley,Bakuyeya
Northern,Saboba,Bakundiba
Western,Nzema East,Bakunchirako
Northern,Karaga,Bakuli
Western North,Bibiani/Ahwiaso/Bekwai,Bakukrom
Central,Ajumako/Enyan/Essiam,Bakua
Central,Asikuma/Odoben/Brakwa,Baku
Western,Jomoro,Bakrom
Northern,Gushiegu,Bakpoli
Volta,South Tongu District,Bakpo
Northern,Nanumba North,Bakpaba
Volta,Central Tongu,Bakpa
Ashanti,Sekyere Afram Plains,Bakoniaba
Ashanti,Atwima Mponua,Bakoniaba
Ashanti,Adansi South,Bakapa
Western,Ellembelle,Bakanba
Western,Ellembelle,Ekonu
Upper East,Binduri District,Bakanga
Western,Secondi Takoradi,Bakacheri
Savannah,Central Gonja,Baka
Ashanti,Adansi North,Bajwi
Upper West,Wa East,Baayiri
Western,Jomoro,Baire
Oti,Jasikan,Baika
Western,Nzema East,Bahobi
Northern,Tamale,Bahalahi
Central,Asikuma/Odoben/Brakwa,Baha
Northern,Karaga,Bagurugu
North East,Chereponi,Baguli
Oti,Jasikan,Baglo
Oti,Krachi Nchumuru,Bagjamse
Upper West,Lawra,Bagri
Volta,Ho,Bagble
Savannah,Bole,Bagbiapi
Savannah,Bole,Bagapi
Northern,Karaga,Bagale
North East,Bunkpurugu Nakpanduri District,Bagabila
Northern,Mion,Baduri
Ashanti,Asante Akim North,Badukrom
Bono,Tain,Badu
Central,Upper Denkyira East,Badowa Number One
Upper East,Bawku Municipal District,Badu
Volta,North Tongu,Badasi
Central,Asikuma/Odoben/Brakwa,Badam
Ashanti,Asante Akim South District,Bachwin
Western,Unknown,Bachwene
Savannah,East Gonja,Bachin Gulubi
Upper West,Sissala East,Babujan
Western,Unknown,Bebri
Central,Gomoa West,Babli Point
Upper East,Kassena Nankana West,Babili
Upper West,Lawra,Babile
Bono,Jaman South,Baabiaraneha
Bono,Dormaa,Baabianeha
Western,Prestea-Huni Valley,Babianiha
Savannah,Bole,Babator
Ashanti,Ejura Sekyedumase,Babaso
Volta,North Tongu,Babaraso
Central,Agona East,Babafa
Ashanti,Sekyere South,Koforidua
Eastern,Kwahu South,Bababi
Central,Ajumako/Enyan/Essiam,Ba
Upper East,Bawku West,Azoawera
Upper East,Bongo District,Azurawaw
Upper East,Bawku West,Azupunpun
Northern,Zabzugu District,Azunkuli
Volta,Ketu South District,Ziome
Greater Accra,Unknown,Azizanya
Volta,Keta,Azizanu
Volta,Kpando,Aziave
Western,Jomoro,Azengazo
Volta,Adaklu,Azavokofe
Volta,Central Tongu,Azanukofe
Upper East,Bawku West,Azantole
Volta,Akatsi District,Azame
Ahafo,Unknown,Ayum Forest Reserve
Ahafo,Asunafo North,Ayumso
Ahafo,Unknown,Ayum
Ashanti,Adansi North,Ayukwa
Ashanti,Adansi South,Ayuafutu
Ashanti,Adansi North,Ayowahu
Greater Accra,Ada East,Ayonukope
Ashanti,Asante Akim North,Ayongkura
Oti,Jasikan,Ayoma
Ashanti,Adansi North,Ayokua Brofoyedru
Central,Assin South,Ayiwasi
Volta,South Tongu District,Ayitohwinu
Greater Accra,Shai Osudoku District,Ayitepa
Western,Unknown,Ayiresu
Central,Agona West,Ayirehuma
Eastern,Akyemansa,Ayirebi
Ashanti,Sekyere Afram Plains,Ayinwofi
Volta,North Dayi,Ayingbe
Eastern,Birim South,Ayinaso
Ashanti,Kumasi,Ayija
Western,Mpohor/Wassa East,Ayiem
Volta,Central Tongu,Ayidopwe
Greater Accra,Accra,Ayido
Western,Unknown,Ayiasu
Ashanti,Obuasi,Ayease
Central,Ajumako/Enyan/Essiam,Ayiakrom
Upper East,Bongo District,Ayeopian
Eastern,West Akim,Ayensuso
Eastern,Ayensuano,Ayensuhu
Central,Awutu Senya,Ayensuako
Ashanti,Offinso Municipal District,Ayensua Kokoo
Ashanti,Offinso Municipal District,Ayensuafufuo
Central,Gomoa East,Ayensuadzi
Western,Unknown,Kafodidi
Central,Abura/Asebu/Kwamankese,Ayeldu
Ashanti,Amansie Central,Ayeim
Ashanti,Kumasi,Ayeduase
Ashanti,Afigya-Kwabre District,Ayebo
Greater Accra,Ga West,Ayasu
Central,Upper Denkyira West,Ayamfor
Central,Gomoa West,Ayanfuri
Upper East,Bongo District,Beo Ayambare
Volta,Ketu South District,Ayamadjikofe
Bono,Sunyani West,Ayakomaso
Western,Wassa Amenfi East,Ayaboi
Ashanti,Ahafo Ano South,Aya
Ashanti,Ahafo Ano South,Aya Bepo
Western,Nzema East,Esim
Ashanti,Amansie West,Awuyeso
Volta,Ketu South District,Afuta
Central,Twifo Hemang Lower Denkyira,Awusikrom
Western,Ahanta West,Ewusiadwo
Western,Ahanta West,Awusenu
Ashanti,Sekyere Afram Plains,Awurawso
Bono East,Techiman Municipal District,Aworowa
Ashanti,Mampong,Awuraso
Eastern,Atiwa,Awuransua
Ashanti,Amansie Central,Awuransa
Western,Unknown,Awura
Eastern,Kwahu North,Awunakrom
Western,Mpohor/Wassa East,Awunakrom
Volta,North Tongu,Awukujekofe
Eastern,Akuapim North,Awukugua
Greater Accra,Tema Metropolitan District,Awuku
Central,Gomoa East,Awuku
Western,Prestea-Huni Valley,Awodua
Central,Mfatseman,Awuaya
Volta,Ketu North District,Awu
Western,Mpohor/Wassa East,Awroso
North East,West Mamprusi,Awrawgu
Bono,Unknown,Awraw
Bono East,Kintampo South District,Awrata
Ashanti,Adansi South,Aworoso
Bono,Unknown,Woro
Ashanti,Unknown,Aworo
Western North,Unknown,Awonkansu
Western North,Sefwi Akontobra,Awonkanso
Central,Gomoa East,Awomiro
Ashanti,Amansie Central,Awomaso
Central,Ekumfi,Awofa
Eastern,Upper West Akim,Awobiso
Volta,Ho West,Awlime
Eastern,Ayensuano,Awisem
Eastern,Kwahu West,Awireja
Ashanti,Unknown,Anyinesu
Upper East,Kassena Nankana West,Awina
Volta,Ho West,Awiaso
Western,Ellembelle,Awiaso
Bono,Dormaa East,Awiam
Ashanti,Asante Akim North,Awiakrom
Western,Ellembelle,Awiebo
Western,Wassa Amenfi East,Awhitiaso
Central,Abura/Asebu/Kwamankese,Awhiabam
Ahafo,Asutifi,Aweyam
Eastern,Atiwa,Awenare
Eastern,Kwahu West,Awenadi
Greater Accra,Ga West,Awchioma
Eastern,Akuapim North,Awbum
Central,Twifo Ati-Morkwa,Awawom
Eastern,Upper Manya Krobo,Awawaso
Volta,Afadzato South,Awatotse
Greater Accra,Shai Osudoku District,Awatonya
Volta,Afadzato South,Awato
Volta,North Dayi,Awate Todzi
Bono,Unknown,Awasu
Western,Unknown,Awasu
Western North,Bibiani/Ahwiaso/Bekwai,Awaso
Western,Wassa Amenfi Central,Awasi
North East,Chereponi,Awareke
Western,Jomoro,Awalka
Volta,Ho,Awahame
Ashanti,Sekyere East,Awaham
Eastern,West Akim,Awaham
Volta,Afadzato South,Afadjato
Upper East,Bongo District,Awa
Volta,Agotime Ziope,Avuvu
Volta,South Tongu District,Avuto
Volta,Ketu North District,Avunu
Volta,Keta,Avume
Volta,Central Tongu,Avuglanpu
Volta,Ketu South District,Avuglakofe
Volta,Ho West,Avokpo
Volta,Ketu South District,Avoeme Kpotame
Volta,Ketu South District,Avome
Volta,Ketu South District,Avlato
Western,Jomoro,Avliun Ahonozo
Volta,North Tongu,Avlime
Volta,South Tongu District,Avikope
Volta,Ho,Aviepe
Volta,Ho,Aviefe
Volta,North Tongu,Aveyime
Volta,Akatsi District,Avewi
Volta,Akatsi District,Avevi
Volta,Ho West,Aveveto
Volta,Afadzato South,Avetome
Volta,South Dayi,Avetile
Volta,Ho West,Avetakpo
Volta,Adaklu,Aveta
Volta,Keta,Avergi
Volta,Ho,Avenya
Volta,Ho,Avenwi
Volta,Ho West,Avenui
Volta,Akatsi South,Avenopedu
Eastern,Asuogyaman,Avenong
Volta,North Tongu,Avenong
Volta,Akatsi South,Avenofeme
Greater Accra,Accra,Adabraka
Volta,Ketu North District,Avemafe
Volta,Keta,Aveli
Volta,North Tongu,Avelete
Volta,Agotime Ziope,Avele
Volta,Adaklu,Avele
Volta,North Tongu,Aveji
Volta,Ho West,Aveha
Greater Accra,Ada East,Avegoeme
Volta,South Tongu District,Avegagome
Volta,Akatsi District,Avega
Volta,Adaklu,Avedzi
Volta,Central Tongu,Avedo
Volta,Hohoe,Avedjeme
Greater Accra,Shai Osudoku District,Avapo
Volta,South Dayi,Avanime
Volta,Keta,Avalavi
Volta,Central Tongu,Avakpoe
Volta,Central Tongu,Avakpodomi
Volta,North Tongu,Avakpe
Volta,Keta,Avaflakpota
Western,Nzema East,Ausakrom
Western,Ahanta West,Ausakrom
Ashanti,Asante Akim South District,Auromoasi
Western,Unknown,Aurasua
Western,Nzema East,Auraso
Western,Ellembelle,Auraso
Western North,Aowin/Suaman,Auraso
Ashanti,Atwima Nwabiagya,Worapon
Western,Nzema East,Aurabo
Volta,Adaklu,Aunto
Greater Accra,Ledzekuku-Krowor,Augustinesborg
Western,Nzema East,Awukyere
Western,Ahanta West,Auchiri
Western,Jomoro,Atwebanso
Central,Twifo Hemang Lower Denkyira,Atwirebuanda
Ashanti,Asante Akim South District,Atwidie
Ashanti,Amansie West,Atuntuma
Bono East,Techiman Municipal District,Atrenso
Ashanti,Mampong,Atunsuso
Ashanti,Mampong,Atunso
Volta,Ho West,Atunde
Bono,Jaman South,Atuna
Bono,Berekum,Nkyekyemamu
Eastern,East Akim,Atukrom
Western,Ahanta West,Atuabu
Western,Unknown,Atuabo
Volta,Afadzato South,Atsukofe
Central,Ekumfi,Atsuakrom
Volta,Keta,Atsime
Volta,Ho,Atsiati
Volta,Ho,Atsame
Western North,Bibiani/Ahwiaso/Bekwai,Atruinso
Volta,South Tongu District,Atropo
Bono,Sunyani,Atronie
Volta,South Tongu District,Atravenu
Central,Komenda/Edina/Eguafo/Abirem,Atrankwa
Ashanti,Afigya-Kwabre District,Atrama
Western,Nzema East,Adrekezo
Western,Jomoro,Atrabasa
Ashanti,Adansi North,Atotrem
Western,Unknown,Atoransu
Western,Prestea-Huni Valley,Atobiasi
Ashanti,Kumasi,Atonsu
Central,Assin North,Atonsu
Eastern,Kwahu Afram Plains South,Atonso
Ashanti,Sekyere Central,Atonso
Oti,Jasikan,Atonko
Eastern,Upper West Akim,Atoman
Ahafo,Asunafo North,Atom
Western,Wassa Amenfi West,Atokoso
Volta,Keta,Atokogblefo
Western,Tarkwa Nsuaem,Atokobaka
Volta,Keta,Atoko
Central,Assin North,Atofroso
Eastern,Kwaebibirem,Atobriso
Ashanti,Asante Akim North,Atobiasi
Ashanti,Bosomtwe,Atobiase
Ashanti,Amansie Central,Atobiase
Ashanti,Adansi South,Atobiasi
Central,Upper Denkyira East,Atobiasi
Western,Mpohor/Wassa East,Wasa Atobiase
Western,Wassa Amenfi West,Atobiasi
Ashanti,Asante Akim North,Atoasi
Ashanti,Amansie Central,Atoatima
Western,Tarkwa Nsuaem,Atoabo
Central,Assin North,Atoabasa
Volta,Ketu South District,Ato
Upper East,Kassena Nankana,Atiyoro
Eastern,Atiwa,Atiwiredu
Volta,Keta,Atito
Volta,Ketu North District,Atititi
Volta,North Tongu,Atiteti
Volta,Keta,Atiteti
Volta,North Tongu,Atitekpo
Volta,North Tongu,Atitekpe
Volta,South Tongu District,Atinyave
Western,Wassa Amenfi West,Atinikrom
Western,Ahanta West,Atinkyin
Ashanti,Unknown,Asukokoo
Eastern,Asuogyaman,Atimpoko
Eastern,Upper West Akim,Atimatim
Volta,Ho,Atikpui
Volta,Akatsi South,Atijive
Volta,Adaklu,Atihwi
Volta,Akatsi District,Atiglime
Volta,Ho,Atidje
Eastern,Kwahu South,Atibie
Volta,Keta,Atiavi
Eastern,Birim Central,Atiankama
Central,Gomoa West,Atiandi
Western,Ellembelle,Atiakrom
Volta,South Dayi,Atiafo
Volta,Ho,Atia
Western North,Juaboso,Eteso
Bono,Dormaa,Atesikurom
Central,Agona West,Ateplo
Ashanti,Sekyere Afram Plains,Atenteboa
Central,Assin North,Atentang
Ashanti,Asante Akim North,Atem
Central,Effutu,Ateitu
Western,Mpohor/Wassa East,Ateiku
Central,Upper Denkyira East,Atechem
Central,Komenda/Edina/Eguafo/Abirem,Atechem
Central,Asikuma/Odoben/Brakwa,Atechem
Ashanti,Asante Akim South District,Atechem
Bono East,Atebubu-Amantin District,Atebubu
Western,Mpohor,Atebiasane
Western,Wassa Amenfi Central,Atebakrom
Greater Accra,Shai Osudoku District,Atawtrobenya
Greater Accra,Ada East,Atawtawkope
Ahafo,Unknown,Atawora
Ashanti,Amansie West,Atawbrakrom
Ashanti,Adansi North,Atatem
Eastern,Kwahu West,Atata
Ashanti,Kumasi,Atasomanso
Ashanti,Adansi South,Atasi Nkwanta
Ashanti,Ahafo Ano South,Atasi
Ashanti,Adansi South,Atasi
Western,Wassa Amenfi East,Atasi
Western,Wassa Amenfi West,Atasi
Western,Mpohor/Wassa East,Atasi
Western,Ahanta West,Adelazo
Upper East,Bawku West,Tarikomtili
Ashanti,Asante Akim North,Atara
Eastern,Kwahu East,Ataniata
Western,Prestea-Huni Valley,Ataniata
Western,Wassa Amenfi Central,Ataniata
Western North,Unknown,Atangwen Falls
Western North,Aowin/Suaman,Atanaya
Volta,Akatsi District,Atamvekofe
Ashanti,Atwima Nwabiagya,Atamso
Upper East,Kassena Nankana,Atamolga
Volta,Keta,Atame
Ashanti,Unknown,Atam
Eastern,Kwahu Afram Plains South,Atam
Central,Gomoa East,Atakwa
Central,Ekumfi,Atakwa
Ashanti,Sekyere East,Atakrom
Western North,Aowin/Suaman,Atakrom
Western,Wassa Amenfi West,Atakrom
Central,Ajumako/Enyan/Essiam,Atakroasi
Ashanti,Asante Akim South District,Atakofikrom
Ashanti,Asante Akim South District,Atakofi
Ashanti,Bosomtwe,Atafram
Central,Effutu,Atachera
Volta,Hohoe,Atabu
Western,Jomoro,Atabrakoswaso
Ashanti,Ahafo Ano South,Nyamebekyere
Western,Wassa Amenfi Central,Atabawso
Central,Komenda/Edina/Eguafo/Abirem,Atabadzi
Western,Ellembelle,Atababo
Ashanti,Amansie West,Ataasi
Ashanti,Unknown,Asufu
Western,Jomoro,Asuswaso
Eastern,Akuapim North,Asuoya
Ashanti,Sekyere Central,Asuowaso
Bono,Dormaa East,Asuotia
Western,Ellembelle,Asuoti
Western North,Aowin/Suaman,Asuonkwai
Eastern,Kwaebibirem,Asuom
Eastern,Upper West Akim,Asuom
Eastern,West Akim,Asuokawso
Ashanti,Amansie West,Asuokaw Aboi
Eastern,Upper West Akim,Asuokaw
Bono,Jaman South,Asuogya
Ashanti,Atwima Mponua,Asuoja
Western,Tarkwa Nsuaem,Asuoja
Western,Prestea-Huni Valley,Asuohiami
Bono,Wenchi,Sofiri
Ashanti,Atwima Nwabiagya,Asuofuo
Central,Awutu Senya,Asuobonta
Western,Mpohor/Wassa East,Asuoanjo
Ashanti,Obuasi,Asunsume
Ashanti,Unknown,Asunsu
Western,Unknown,Asunsu
Bono,Dormaa,Asunso
Central,Assin North,Asunso
Western,Wassa Amenfi Central,Asundwia
Western,Nzema East,Asundi
Central,Assin North,Asunaso
Ashanti,Sekyere Afram Plains,Asunafo
Ashanti,Asante Akim North,Asunafo
Eastern,Atiwa,Asunafo
Eastern,West Akim,Asumpa
Eastern,Upper West Akim,Asumpa
Ashanti,Sekyere Afram Plains,Asumkrom
Ashanti,Afigya-Kwabre District,Asumjwi
Ashanti,Atwima Nwabiagya,Asumenya
Ashanti,Kwabre District,Asumenya
Ashanti,Adansi South,Asuminem
Western,Mpohor/Wassa East,Asuminem
Ashanti,Ejura Sekyedumase,Asumen
Central,Agona East,Asumen
Western North,Aowin/Suaman,Asumankro
Western,Wassa Amenfi East,Asumana
Central,Ekumfi,Asukwa
Ahafo,Unknown,Asukese Forest Reserve
Bono,Unknown,Asukese
Ahafo,Unknown,Asukese
Central,Unknown,Asukese
Ahafo,Tano North,Asukese
Ashanti,Sekyere East,Asukawkaw
Central,Asikuma/Odoben/Brakwa,Asukawkaw
Western,Wassa Amenfi Central,Asuhan
Ashanti,Unknown,Asufu Shelterbelt Forest Reserve
Ahafo,Unknown,Asuafu
Ashanti,Adansi South,Asuenyum
Western,Wassa Amenfi West,Asuentem
Eastern,Upper West Akim,Asudom
Ashanti,Ejisu Juaben,Asuchwi
Greater Accra,Shai Osudoku District,Asuchuali
Ashanti,Bekwai,Asubuokrom
Ashanti,Asante Akim South District,Asubua
Eastern,Asuogyaman,Asubrempong
Western,Ellembelle,Asuboswaso
Western,Ellembelle,Asobasuazo
Central,Effutu,Asubonpani
Eastern,Kwahu West,Asuboni Station
Eastern,Kwahu South,Asuboni
Eastern,Kwahu West,Asuboni
Eastern,Denkyembour,Asuboni
Ashanti,Sekyere Afram Plains,Asubon
Ahafo,Tano North,Esubonpan
Eastern,Ayensuano,Asuboi
Central,Agona East,Asuboi
Western,Mpohor/Wassa East,Asuboi
Western,Ahanta West,Asubey
Eastern,Birim Central,Asuboa
Central,Assin South,Asuboa
Bono East,Techiman Municipal District,Asoee
Ashanti,Offinso North,Asuasu
Eastern,Birim Central,Asuaso
Ashanti,Ejisu Juaben,Asuasi
Western North,Bia,Asuentaa
Central,Abura/Asebu/Kwamankese,Asuansi
Western,Unknown,Asuampon
Western,Prestea-Huni Valley,Asoampa
Bono,Sunyani West,Asuakwa
Bono,Jaman North,Asuokoo
Bono,Tain,Asuafu
Ashanti,Amansie West,Asuadai
Ashanti,Kumasi,Asuoyeboa
Greater Accra,Ga West,Asuaba
Western,Ellembelle,Azulenloanu
Central,Agona West,Asrunumsu
Ashanti,Atwima Nwabiagya,Asenemaso
Eastern,Akuapim North,Asrema
Western,Ahanta West,Aspei
Volta,Afadzato South,Asotodji
Ashanti,Sekyere Afram Plains,Asoso
Upper East,Bolgatanga Municipal District,Asong
Ashanti,Sekyere Afram Plains,Asonari
Ashanti,Ahafo Ano South,Kwakuakwakurom
Western,Prestea-Huni Valley,Asomasi
Central,Gomoa West,Asomanku
Greater Accra,Tema Metropolitan District,Asokrochona
Ashanti,Asokore Mampong Municipal,Asokore Mampon
Ashanti,Sekyere East,Asokori
Eastern,New Juaben,Asokori
Ashanti,Bekwai,Asokore
Volta,Ho,Asokope
Volta,Ketu South District,Asogo
Greater Accra,Ga West,Asofaa
Eastern,Akyemansa,Asoboa
Ashanti,Bosome Freho,Asiwa
Eastern,Lower Manya Krobo,Asiti
Ashanti,Bosomtwe,Asisiriwa
Bono,Jaman North,Asiri
Ashanti,Kwabre District,Asennua
Central,Assin North,Asin Nyankumasi
Central,Assin South,Asin Kumasi
Western,Mpohor,Asine
Central,Assin North,Asin Bereku
Western,Wassa Amenfi West,Asin
Western,Wassa Amenfi West,Asimpa
Eastern,Ayensuano,Asimisimiwu
Ashanti,Sekyere Central,Asimawso
Central,Abura/Asebu/Kwamankese,Asimasi
Western North,Aowin/Suaman,Asimakro
Central,Twifo Hemang Lower Denkyira,Asikwa
Eastern,Asuogyaman,Asikuma
Central,Upper Denkyira East,Asikuma
Western,Wassa Amenfi East,Esikuma
Central,Asikuma/Odoben/Brakwa,Asikuma
Western,Prestea-Huni Valley,Asikuma
Western,Mpohor,Asikuma
Ashanti,Unknown,Asikesu
Western,Nzema East,Asikeri
Ashanti,Asante Akim North,Asikawa
Ashanti,Unknown,Asikasu
Ashanti,Amansie Central,Asikasu
Eastern,Upper West Akim,Asikaisu
Eastern,Nsawam Adoagyiri,Asikabiu
Western,Wassa Amenfi East,Asifikrom
Ashanti,Ejisu Juaben,Asiempong
Western,Ahanta West,Asiekrom
Volta,South Tongu District,Asidowui
Western,Wassa Amenfi Central,Asibrim
Eastern,Asuogyaman,Asibi
Eastern,East Akim,Asiakwa
Eastern,Birim South,Asiakwa
Greater Accra,Ga West,Ashwenanmo
Greater Accra,Ga East,Ashonman
Greater Accra,Shai Osudoku District,Ashimi
Greater Accra,Unknown,Ashifura
Western,Wassa Amenfi East,Ashienso
Western North,Bibiani/Ahwiaso/Bekwai,Ashiem
Western,Secondi Takoradi,Ashiam
Central,Agona East,Ashenawuru
Upper East,Bongo District,Ashebre
Ashanti,Unknown,Ashanti Region
Volta,Ho West,Ashanti Kpoeta
Greater Accra,Ga South,Ashaliaman
Greater Accra,Adenta,Ashalebotwe
Greater Accra,Ga South,Ashaaladza
Greater Accra,Ashaiman,Ashaiman
Ashanti,Offinso Municipal District,Asasua
Eastern,Akuapim North,Asesieso
Eastern,Upper Manya Krobo,Asesewa
Western,Wassa Amenfi Central,Aserewadze
Eastern,Akuapim North,Aserima
Western,Nzema East,Aserim
Ashanti,Sekyere South,Asenyebun
Central,Unknown,Asensu
Eastern,Birim North,Aseni Akrofunso
Eastern,Birim Central,Asene
Ashanti,Unknown,Asenanyo Forest Reserve
Ashanti,Unknown,Asawen
Western,Jomoro,Asemswaso
Central,Gomoa West,Asempayin
Eastern,Asuogyaman,Asempaniyi
Bono,Jaman South,Asempaniye
Central,Assin North,Asempaniye
Ashanti,Offinso Municipal District,Nyiniso Number Three
Ashanti,Ahafo Ano South,Asempaneye
Ashanti,Asante Akim North,Asempaneye
Eastern,Kwahu East,Asempaneye
Ashanti,Bosomtwe,Asempaneye
Ashanti,Bekwai,Asempaneye
Ashanti,Amansie Central,Asempaneye
Western North,Bibiani/Ahwiaso/Bekwai,Asempaneye
Ashanti,Obuasi,Asempaneye
Eastern,Ayensuano,Asempaneye
Western,Wassa Amenfi West,Asempaneye
Western,Wassa Amenfi West,Asempaney
Central,Ajumako/Enyan/Essiam,Asempaneye
Eastern,Upper Manya Krobo,Asempaneye
Ashanti,Obuasi,Kwabenaakwakurom
Western,Ahanta West,Asemkaw
Central,Asikuma/Odoben/Brakwa,Asemena
Central,Twifo Hemang Lower Denkyira,Asemboniyehi
Western,Ahanta West,Asemasa
Ashanti,Mampong,Asem
Central,Gomoa East,Aseibu
Ashanti,Offinso North,Aseguasua
Ashanti,Sekyere Afram Plains,Asecherewa
Ashanti,Bekwai,Asekyere
Central,Cape Coast,Asechanu
Upper East,Bongo District,Asebuga
Central,Agona East,Asebu
Central,Abura/Asebu/Kwamankese,Asebu
Central,Asikuma/Odoben/Brakwa,Asebem
Eastern,Kwahu Afram Plains South,Asayensu
Western,Shama,Asawku
Western,Wassa Amenfi West,Asaukrom
Oti,Kadjebi,Asatu
Ashanti,Bosome Freho,Asaso
Western,Wassa Amenfi West,Asaso
Western,Wassa Amenfi Central,Asasitre
Central,Agona West,Asasewomi
Central,Agona East,Asasekwa
Central,Ajumako/Enyan/Essiam,Asasang
Ashanti,Amansie West,Asarekrom
Western North,Aowin/Suaman,Asarekrom
North East,Chereponi,Asare
Bono,Jaman South,Asare
Western,Mpohor,Asaraku
Ashanti,Ejisu Juaben,Asapong
Western North,Sefwi-Wiawso,Sefwi-Asanwenso
Ahafo,Asunafo South,Asawenso
Western North,Bibiani/Ahwiaso/Bekwai,Asawinso
Eastern,Birim Central,Asantimang
Western North,Aowin/Suaman,Asantikrom
Ashanti,Amansie West,Asantikrom
Eastern,Birim South,Asantikrom
Western,Wassa Amenfi Central,Asantikrom
Western,Nzema East,Asantikrom
Western,Prestea-Huni Valley,Asantiayaw
Western,Wassa Amenfi West,Asantiaiyo
Central,Twifo Hemang Lower Denkyira,Asanti
Western,Prestea-Huni Valley,Asanteyao
Central,Asikuma/Odoben/Brakwa,Asantem
Western,Ellembelle,Asanta
Ashanti,Bekwai,Asanso
Western,Shama,Asankrom
Western,Wassa Amenfi West,Asankranguaa
Ashanti,Asante Akim South District,Asankari
Western,Ahanta West,Asane
Western,Ellembelle,Asungrun
Western,Jomoro,Asampe
Western North,Juaboso,Asempanaye
Greater Accra,Ga South,Asamoa
Central,Gomoa East,Asamkrom
Western North,Aowin/Suaman,Asemkrom
Western,Ellembelle,Asemko
Western,Wassa Amenfi Central,Asamkaw
Western,Ellembelle,Asamasi
Ashanti,Asante Akim South District,Asamantekrom
Eastern,West Akim,Asamankese
Ashanti,Offinso Municipal District,Asamankama
Central,Effutu,Asamaniba
Ashanti,Adansi North,Asamangsua
Ashanti,Adansi South,Asamangma
Ashanti,Ejisu Juaben,Asamang-Krofuso
Ashanti,Sekyere South,Asamang
Ashanti,Bekwai,Asamang
Ashanti,Amansie West,Asamang
Eastern,Atiwa,Asamang
Ashanti,Amansie West,Asaman
Ashanti,Adansi South,Asamang
Eastern,Akyemansa,Asamang
Central,Assin North,Asaman
Central,Upper Denkyira East,Asamang
Western North,Aowin/Suaman,Asamang
Central,Ekumfi,Asamang
Western,Secondi Takoradi,Asamang
Western,Wassa Amenfi Central,Asamang
Western,Wassa Amenfi West,Asamang
Eastern,Akuapim North,Asaman
Central,Upper Denkyira East,Asaman
Central,Asikuma/Odoben/Brakwa,Asaman
Eastern,Atiwa,Asamama
Ashanti,Bosome Freho,Asamama
Volta,North Tongu,Asale
Western,Nzema East,Asakwam
Ashanti,Adansi North,Adanse Asokwa
Western North,Sefwi-Wiawso,Essakrom
Central,Gomoa West,Asakro
Ashanti,Atwima Nwabiagya,Asakraka
Eastern,Kwahu South,Asakraka
Volta,Ketu South District,Asaklobo
Eastern,Upper Manya Krobo,Asakeso
Upper East,Bongo District,Asarkanyaa
Western,Secondi Takoradi,Asaka
Volta,Ho,Asafo
Western North,Sefwi-Wiawso,Sefwi Asafo
Eastern,Asuogyaman,Asafo
Eastern,East Akim,Asafo
Central,Agona East,Asafo
Central,Mfatseman,Asafara
Volta,Keta,Asadame
Western,Nzema East,Asabie
Greater Accra,Shai Osudoku District,Asabe
Greater Accra,Ga South,Asabaham
Central,Ekumfi,Asaafa
Western North,Unknown,Asa
Upper West,Lawra,Erimon
Upper West,Unknown,Aruba
Upper East,Bawku West,Aronkpe
Western,Ellembelle,Alabokazo
Upper East,Bawku Municipal District,Ariziem
Upper East,North Builsa District,Adabinsa
Upper East,Unknown,Adaya
Ashanti,Unknown,Arapong
Upper East,Bawku West,Aranga
Upper East,Bawku West,Aragbida
Upper East,Bongo District,Arabe Awolugu
Volta,South Dayi,Apwisihu
Ashanti,Bosomtwe,Aputuogya
Bono,Unknown,Apusu
Ashanti,Unknown,Apunapunu
Ashanti,Adansi South,Apumayawku
Volta,South Tongu District,Apudum
Ashanti,Atwima Nwabiagya,Apuayem
Western North,Sefwi Akontobra,Aprotu
Western North,Aowin/Suaman,Aprupruso
Ashanti,Ejisu Juaben,Aprumasi
Western North,Aowin/Suaman,Apro
Central,Agona East,Apreweti
Western,Wassa Amenfi West,Apremeso
Western,Secondi Takoradi,Apremdo
Ashanti,Unknown,Aprapon
Ashanti,Unknown,Aponapon
Western,Unknown,Aprapong
Volta,Central Tongu,Apramohukope
Eastern,Kwahu West,Apradang
Central,Gomoa East,Aprachiri
Central,Gomoa East,Apra
Western,Ahanta West,Apowa
Western,Nzema East,Apewusika
Upper East,Bongo District,Aposaga
Eastern,Asuogyaman,Apopotia
Western North,Aowin/Suaman,Aponsue
Central,Assin North,Aponsia
Western,Prestea-Huni Valley,Aponchire
Ashanti,Amansie West,Aponapona
Western,Mpohor/Wassa East,Aponapon
Ashanti,Unknown,Apomprama
Central,Gomoa East,Apomasi
Greater Accra,Tema Metropolitan District,Apolonia
Western,Jomoro,Apolon
Eastern,Birim South,Apoli
Volta,Central Tongu,Apokofe
Upper East,Bawku West,Apodabogo
Western,Nzema East,Apoaso
Greater Accra,Shai Osudoku District,Aplalu
Greater Accra,Ga South,Aplaku
Ashanti,Unknown,Apitisu
Ashanti,Amansie Central,Apitiso Number Two
Eastern,Akuapim North,Apirede
Greater Accra,Shai Osudoku District,Apinya
Ashanti,Bosomtwe,Apinkra
Volta,South Tongu District,Apinkpo
Eastern,Denkyembour,Apinamang
Eastern,Upper Manya Krobo,Apimso
Western,Shama,Apimenim
Western,Wassa Amenfi Central,Apimbo
Bono,Unknown,Apimasu
Upper East,Bolgatanga Municipal District,Apilga
Western,Mpohor/Wassa East,Apiebonso
Ashanti,Bekwai,Apibibi
Ashanti,Adansi South,Apiayaokrom
Ashanti,Asante Akim South District,Apianyinase
Central,Agona West,Apiakwa
Eastern,Asuogyaman,Apiakrom
Western North,Aowin/Suaman,Apiakrom
Central,Twifo Ati-Morkwa,Apeagyeikurom
Ashanti,Kumasi,Apeadu
Ashanti,Bosome Freho,Apewu
Volta,South Dayi,Apeviape
Eastern,Yilo Krobo,Apesua
Oti,Biakoye,Apesokubi
Eastern,Akuapim North,Apesika
Eastern,Upper West Akim,Apesika
Eastern,Birim South,Aperadi
Central,Cape Coast,Apeosika
Western,Ellembelle,Apentuo
Greater Accra,Adenta,Apenkwa
Greater Accra,Accra,Akweteyman
Ashanti,Amansie West,Apenimadi
Ashanti,Bosome Freho,Apemtu
Ashanti,Ejisu Juaben,Apemso
Ashanti,Adansi South,Apeja
Eastern,Asuogyaman,Apeguso
Eastern,East Akim,Apedwa
Central,Abura/Asebu/Kwamankese,Apeasika
Western,Ellembelle,Apatem
Western,Nzema East,Apa Tam
Volta,South Tongu District,Apatawkofe
Eastern,Asuogyaman,Apasu
Ashanti,Bekwai,Apaso
Western,Prestea-Huni Valley,Apaso
Greater Accra,Shai Osudoku District,Apasakope
Bono East,Sene,Apapaso
Eastern,East Akim,Apapam
Western,Wassa Amenfi East,Apaokrom
Eastern,Akuapim South,Apantem
Western,Tarkwa Nsuaem,Apankran
Ashanti,Ahafo Ano South,Apanimadi
Ashanti,Asante Akim South District,Apango
Central,Gomoa West,Apam
Eastern,Kwahu West,Apaku
Western,Wassa Amenfi West,Apakrom
Ashanti,Afigya-Kwabre District,Apagya
Central,Twifo Hemang Lower Denkyira,Apaikuma
Ashanti,Mampong,Apa
Western,Mpohor/Wassa East,Anyuom
Upper East,Bolgatanga Municipal District,Anyukawkaw
Eastern,Yilo Krobo,Anyuabin
Ashanti,Asante Akim North,Anyowuokrom
Central,Komenda/Edina/Eguafo/Abirem,Anyoum
Volta,Ho West,Anyirawasi
Central,Awutu Senya East Municipal,Anyino
Western,Nzema East,Anyinibuni
Ashanti,Unknown,Anyinasu
Ashanti,Ahafo Ano North,Anyinasuso
Ashanti,Ejura Sekyedumase,Anyinasu
Bono,Dormaa,Anyinasu
Ashanti,Atwima Mponua,Anyinaso
Central,Ajumako/Enyan/Essiam,Anyinaso
Eastern,East Akim,Anyinasin
Oti,Biakoye,Anyinasi
Eastern,Akyemansa,Anyinasi
Western,Prestea-Huni Valley,Anyinasi
Ashanti,Atwima Mponua,Anyinamso
Ashanti,Unknown,Anyinam
Eastern,Atiwa,Anyinam
Ashanti,Obuasi,Anyinam
Eastern,Birim South,Anyinam
Western,Wassa Amenfi West,Anyinam
Western,Wassa Amenfi East,Anyinam
Central,Twifo Ati-Morkwa,Anyinam
Western,Mpohor/Wassa East,Anyinam
Western,Prestea-Huni Valley,Anyinam
Central,Asikuma/Odoben/Brakwa,Anyinam
Western,Mpohor/Wassa East,Anyinafunso
Eastern,West Akim,Anyinabrim
Western,Mpohor/Wassa East,Enyinabirmu
Central,Mfatseman,Anyinabrim
Volta,North Dayi,Anyinabasi
Ashanti,Unknown,Ayinasu
Western North,Sefwi-Wiawso,Anyinabrim
Bono,Berekum,Anyimon
Western,Mpohor/Wassa East,Anyimaducho
Bono East,Kintampo South District,Anyima
Volta,Ketu North District,Anyigbademe
Eastern,Upper Manya Krobo,Anyieso
Eastern,Asuogyaman,Anyenso
Ashanti,Bosomtwe,Anyatiasi
Greater Accra,Unknown,Anyapo
Volta,Keta,Anyanui
Savannah,North Gonja,Anyanto
Ashanti,Offinso Municipal District,Anyankaso
Upper East,Binduri District,Anyelimatega
Greater Accra,Ada West,Anyamam
Western,Ahanta West,Tsib Ansa
Volta,Keta,Anyako
Eastern,Upper Manya Krobo,Anyaboni
Ashanti,Kumasi,Anwomaso
Ashanti,Adansi North,Anwoina
Ashanti,Offinso Municipal District,Nyiniso Number One
Central,Assin North,Anwienso
Ahafo,Asunafo South,Anwim
Western North,Sefwi-Wiawso,Anwiem
Western,Unknown,Anwiasu
Ashanti,Bosome Freho,Anwiaso
Western North,Aowin/Suaman,Anwiaso
Western,Wassa Amenfi West,Anwiasin
Central,Upper Denkyira West,Anwianwia
Western,Jomoro,Anwianwia
Western,Ellembelle,Anwea
Western,Nzema East,Anwianum
Ashanti,Bekwai,Anwiankwanta
Western,Ahanta West,Anwiun
Ashanti,Bekwai,Anwiam
Central,Agona West,Anwiam
Western,Wassa Amenfi West,Anwiam
Western,Unknown,Anwiafutu
Ashanti,Atwima Mponua,Anwiafutu
Western,Jomoro,Anwiafutu
Western,Wassa Amenfi Central,Anwiafutu
Western North,Aowin/Suaman,Anhweafutu
Western,Shama,Anwiado
Western North,Unknown,Anwia
Ashanti,Bekwai,Ahwiaa
Central,Twifo Hemang Lower Denkyira,Anwhiem
Western,Unknown,Anwhiaso South Forest Reserve
Western,Unknown,Anwhiaso East Forest Reserve
Western North,Aowin/Suaman,Anwamba
Volta,Unknown,Anviche
Ashanti,Asante Akim North,Anunuso
Ashanti,Bosome Freho,Anunuso
Ashanti,Asante Akim North,Anumso
Greater Accra,Accra,Anumle
Central,Ekumfi,Anumenchen
Eastern,Ayensuano,Anumapapam
Ashanti,Kumasi,Anomannye
Ashanti,Bosome Freho,Anumansa
Central,Mfatseman,Anumansa
Volta,North Tongu,Anumakofe
Ashanti,Asante Akim South District,Anum
Eastern,Asuogyaman,Anum
Eastern,Ayensuano,Anum
Western,Ellembelle,Anuku
Western,Ahanta West,Anoaho
Ashanti,Atwima Mponua,Antwiagyeikurom
Northern,Nanumba South,Anturo
Western North,Juaboso,Antobia
Western,Mpohor/Wassa East,Antu
Volta,Keta,Antoniokofe
Western,Wassa Amenfi Central,Anntobam
Western,Nzema East,Antobam
Ashanti,Amansie West,Antoakrom
Ashanti,Kwabre District,Antoa
Western,Mpohor/Wassa East,Antimua
Western,Prestea-Huni Valley,Antimoa
Western,Secondi Takoradi,Antimoa
Western,Ellembelle,Antiakoswaso
Western,Tarkwa Nsuaem,Antefokrom
Central,Komenda/Edina/Eguafo/Abirem,Anteado
Central,Unknown,Ante
Eastern,Upper West Akim,Ansum
Western,Shama,Ansiemua
Central,Agona East,Ansakwa
Ashanti,Adansi North,Ansa
Central,Assin North,Anpeni
Eastern,Asuogyaman,Anpeni
Western,Jomoro,Anoto
Central,Awutu Senya,Anoti
Western,Jomoro,Alomatuope
Western,Wassa Amenfi West,Anomani
Central,Upper Denkyira East,Anomadodom
Central,Mfatseman,Anomabu
Western,Prestea-Huni Valley,Anomabo
Western,Nzema East,Anomabo
Central,Gomoa East,Anokwa
Western North,Sefwi Akontobra,Akaakrom
Ashanti,Afigya-Kwabre District,Anohenekrom
Eastern,Nsawam Adoagyiri,Anoff
Western,Secondi Takoradi,Anoe
Western,Ellembelle,Anochi
Central,Assin South,Ano
Volta,Keta,Anloga
Western North,Bibiani/Ahwiaso/Bekwai,Ankwaoso
Central,Komenda/Edina/Eguafo/Abirem,Ankwana
Eastern,Akuapim South,Ankwaieso
Western North,Aowin/Suaman,Ankwahie
Eastern,Nsawam Adoagyiri,Ankwadoboro
Ashanti,Sekyere Central,Ankumadua
Eastern,Kwahu South,Ankuma
Central,Ajumako/Enyan/Essiam,Ankukrom
Bono,Dormaa West,Amkromkwanta
Western,Ellembelle,Ankrako
Western,Prestea-Huni Valley,Ankra
Eastern,Birim South,Ankonahogong
Western,Prestea-Huni Valley,Ankobra Junction
Western,Unknown,Ankwao
Western North,Aowin/Suaman,Ankauso
Ashanti,Afigya-Kwabre District,Ankaase
Ashanti,Ejisu Juaben,Ankasi
Ashanti,Bosome Freho,Ankasi
Ashanti,Bekwai,Ankasi
Western,Wassa Amenfi Central,Ankaase
Central,Komenda/Edina/Eguafo/Abirem,Ankasi
Western,Wassa Amenfi Central,Ankasi
Western,Unknown,Ankasa River Forest Reserve
Western,Jomoro,Ankasa Chi
Western,Unknown,Ankasa
Western,Prestea-Huni Valley,Ankasa
Western,Jomoro,Ankasa
Central,Gomoa West,Ankamu
Ashanti,Amansie West,Ankam
Central,Twifo Hemang Lower Denkyira,Ankako
Central,Mfatseman,Ankaful
Central,Assin North,Anka
Ashanti,Adansi North,Anitua
Ashanti,Amansie Central,Anitimfi
Ashanti,Asante Akim North,Aninsua
Ashanti,Atwima Nwabiagya,Aninkroma
Ashanti,Sekyere Afram Plains,Aninenya
Western,Ahanta West,Anindini
Western,Ahanta West,Animakrom
Upper East,Kassena Nankana,Anieregu
Western,Wassa Amenfi East,Aniboasi
Western,Nzema East,Aniben
Ashanti,Amansie West,Aniatitem
Western,Prestea-Huni Valley,Aniapam Nanso
Western,Prestea-Huni Valley,Aniantintem
Ashanti,Atwima Mponua,Aniamoa
Upper East,Bawku West,Aniago
Volta,Akatsi South,Anhyavekope
Greater Accra,Shai Osudoku District,Anhwiam
Western,Unknown,Anhien
Ashanti,Atwima Nwabiagya,Anwoma Ofin
North East,Chereponi,Angwo
Ashanti,Asante Akim North,Angwentifi
Volta,Ketu South District,Anguenu
Central,Ekumfi,Angu
Western,Mpohor,Angu
Volta,Ho West,Angoe
Volta,Afadzato South,Angeta
Volta,Ho West,Anfoeta Tsebi
Volta,North Dayi,Anfoega Akukome
Volta,Adaklu,Anfoe
Western,Prestea-Huni Valley,Anfoe
Volta,Ketu North District,Anfetu
Central,Mfatseman,Anfeo
Volta,Central Tongu,Anfen
Western,Prestea-Huni Valley,Anfejua
Western,Prestea-Huni Valley,Anfaja
Ashanti,Atwima Kwanwoma,Anensuja
Ashanti,Unknown,Anansu
Ashanti,Atwima Mponua,Anansu Number One
Ashanti,Asante Akim South District,Anemie
Western,Wassa Amenfi West,Anemaso
Upper East,Talensi-Nabdam,Andua
Western North,Aowin/Suaman,Andobrofu
North East,Chereponi,Ando
Bono,Dormaa,Antwirifo
Western,Prestea-Huni Valley,Anchesa
Western,Ahanta West,Anchenin
Western,Nzema East,Ankyernyin
Western,Prestea-Huni Valley,Anbuntem
Central,Abura/Asebu/Kwamankese,Anbobra
Greater Accra,Ada East,Anazome
Western,Unknown,Ano
Western North,Aowin/Suaman,Anaukrom
Western,Tarkwa Nsuaem,Anantanfro
Ashanti,Ahafo Ano South,Ananta
Ashanti,Sekyere Central,Ananso
Ashanti,Ahafo Ano South,Anankaso
Ashanti,Asante Akim North,Ananikrom
Central,Upper Denkyira West,Ananikrom
Ashanti,Unknown,Ananawini
Eastern,Akuapim South,Anamloampa
Eastern,Birim South,Anamasi
Western,Ahanta West,Kutike
Central,Asikuma/Odoben/Brakwa,Anamapenin
Upper East,North Builsa District,Namonsa
Ashanti,Ahafo Ano South,Tenkoran
Eastern,Nsawam Adoagyiri,Anakuma
Western,Wassa Amenfi Central,Anakum
Western,Secondi Takoradi,Anagyi
Western,Nzema East,Anagyi
Central,Awutu Senya East Municipal,Anofro
Upper East,Bawku Municipal District,Lamboya
Volta,Ho West,Amuzukofe
Volta,South Tongu District,Amuvianu
Volta,Unknown,Amutinu
Central,Upper Denkyira East,Amusiaso
Western,Wassa Amenfi Central,Amuni Akrofunso
Western,Wassa Amenfi Central,Amuni
Ashanti,Kumasi,Emena
Central,Gomoa East,Amumukwa
Western North,Unknown,Amumeri
Western North,Aowin/Suaman,Amumeri
Upper East,Unknown,Amulgare
Western,Mpohor,Amukrom
Central,Gomoa East,Amuanda
Central,Assin South,Amuakromakrofo
Central,Upper Denkyira East,Amoafo
Central,Gomoa West,Amuaba
Eastern,Birim North,Amua
Greater Accra,Ga East,Amrahia
Ashanti,Unknown,Amrada Fetish
Ashanti,Atwima Mponua,Amrada
Ashanti,Adansi South,Amponyase
Ashanti,Adansi South,Amponyase Nkwanta
Eastern,Kwahu East,Amprajei
Ashanti,Amansie Central,Amponya
Bono East,Kintampo South District,Ampoma
Eastern,Upper West Akim,Ampofukrom
Western,Wassa Amenfi Central,Ampofekrom
Central,Ajumako/Enyan/Essiam,Ampia Ajumako
Oti,Kadjebi,Ampeyo
Eastern,Birim South,Ampenkro
Central,Komenda/Edina/Eguafo/Abirem,Ampeni Point
Western North,Aowin/Suaman,Ampeni
Central,Komenda/Edina/Eguafo/Abirem,Ampeni
Bono East,Kintampo North Municipal District,Ampedu
Western,Unknown,Ampawu
Western,Nzema East,Ampansie
Eastern,Kwahu South,Ampam
Western,Prestea-Huni Valley,Ampakrom
Bono East,Techiman Municipal District,Ampade
Ashanti,Offinso Municipal District,Ampabame
Ashanti,Kumasi,Ampabame
Ashanti,Ejisu Juaben,Ampabami
Ashanti,Atwima Kwanwoma,Ampabame
Western,Unknown,Ampa
Western,Unknown,Amowe
Western North,Bodi,Amoyaw
Ashanti,Offinso Municipal District,Amowi
Upper East,Kassena Nankana,Amotanga
Western,Unknown,Ametano
Western,Jomoro,Amoswaso
Central,Twifo Hemang Lower Denkyira,Amosuakwanta
Central,Twifo Hemang Lower Denkyira,Amosua
Central,Awutu Senya,Amontidom
Central,Twifo Hemang Lower Denkyira,Amonikrom
Volta,North Tongu,Amoniete
Bono,Berekum,Amomaso
Bono East,Kintampo South District,Amoama
Western,Wassa Amenfi West,Amoako
Volta,Ho West,Amokofe
Ashanti,Atwima Mponua,Amoiso
Upper East,Bolgatanga Municipal District,Amogorebisi
Upper East,North Builsa District,Amodalga
Ashanti,Sekyere Afram Plains,Amobia
Bono,Dormaa,Amasu
Western,Ahanta West,Amawai
Central,Asikuma/Odoben/Brakwa,Amoanda
Central,Gomoa West,Amoanda
Western,Prestea-Huni Valley,Amoana
Central,Komenda/Edina/Eguafo/Abirem,Amoana
Ashanti,Bekwai,Amoamo
Ashanti,Sekyere Central,Amoamang
Western,Wassa Amenfi West,Amoamang
Western,Wassa Amenfi West,Amuaman
Central,Asikuma/Odoben/Brakwa,Amoakwa
Ashanti,Asante Akim North,Amoakutu
Western,Jomoro,Amoakuswaso
Ashanti,Atwima Nwabiagya,Amanokurom
Ashanti,Adansi South,Amoakokurom
Central,Twifo Ati-Morkwa,Amoakukrom
Ashanti,Afigya-Kwabre District,Amoako
Western,Wassa Amenfi Central,Amoakrom
Western North,Aowin/Suaman,Amoakrom
Western North,Sefwi Akontobra,Amoakokrom
Ashanti,Bekwai,Amoaful
Ashanti,Ejisu Juaben,Amoadu
Central,Assin South,Amoabin
Volta,Hohoe,Amle
Greater Accra,Ada East,Amlakpo
Ashanti,Atwima Mponua,Amankwasima
Western,Ellembelle,Amishibiebokaso
Central,Komenda/Edina/Eguafo/Abirem,Amisano
Central,Mfatseman,Amisakrom
Central,Unknown,Amisa River
Central,Asikuma/Odoben/Brakwa,Amipakwebi
Ashanti,Adansi South,Aminaso
Central,Twifo Hemang Lower Denkyira,Aminasi
Greater Accra,Ada East,Aminapa
Eastern,Birim North,Aminam Amanfrom
Greater Accra,Unknown,Blame
Volta,Central Tongu,Amiamukaw
Eastern,Ayensuano,Amiama
Central,Ajumako/Enyan/Essiam,Amia
Eastern,Ayensuano,Amfahun
Ashanti,Asante Akim South District,Amentia
Western North,Aowin/Suaman,Amenamakrom
Ashanti,Ahafo Ano South,Amakurom
Ashanti,Bosomtwe,Amekom
Volta,Ho West,Amedzofe Pass
Volta,Ho West,Amedzofe
Volta,South Tongu District,Ameduikaw
Central,Awutu Senya,Amedua
Volta,Ketu South District,Amedzikope
Volta,Afadzato South,Ameditoe
Volta,South Tongu District,Amedikukope
Eastern,Lower Manya Krobo,Amedika
Greater Accra,Shai Osudoku District,Amechekope
Volta,South Tongu District,Ameblikofe
Upper West,Lawra,Amburi
Upper West,Unknown,Ambalara
Central,Upper Denkyira West,Amayau
Western,Wassa Amenfi East,Amawkrom
Ashanti,Sekyere Afram Plains,Amawbra
Central,Komenda/Edina/Eguafo/Abirem,Amawafur
Eastern,Fanteakwa,Amate
Greater Accra,Ga West,Amasaman
Western,Wassa Amenfi Central,Amape
Central,Twifo Hemang Lower Denkyira,Amape
Eastern,West Akim,Amantran
Western,Mpohor,Amantin Dada
Bono East,Atebubu-Amantin District,Amantin
Western,Wassa Amenfi East,Amantin
Eastern,Birim Central,Amantem Nkwanta
Ashanti,Asante Akim North,Amantana
Eastern,Asuogyaman,Amantana
Western,Unknown,Amunsure
Western,Unknown,Amansuri Lagoon
Eastern,Akuapim North,Amanprobi
Central,Abura/Asebu/Kwamankese,Amanporo
Ashanti,Kwabre District,Amanpe
Eastern,Akuapim North,Amanokrom
Western,Prestea-Huni Valley,Amanmehwe
Eastern,Kwahu North,Amankwakrom
Ashanti,Ahafo Ano North,Amankwakrom
Western North,Aowin/Suaman,Amankwakrom
Western,Wassa Amenfi Central,Amankwa
Western,Prestea-Huni Valley,Amankrom
Ashanti,Offinso Municipal District,Amanin
Western North,Aowin/Suaman,Amanie
Eastern,Suhum/Kraboa/Coaltar,Amanhia
Eastern,East Akim,Amangfrom
Central,Asikuma/Odoben/Brakwa,Amanfupong
Western,Ahanta West,Amanful
Western North,Bia East,Amanfukrom
Central,Agona East,Amanfu
Central,Gomoa West,Amanfu
Eastern,New Juaben,Amanfro
Eastern,Yilo Krobo,Amanfro
Eastern,Akuapim North,Amanfro
Greater Accra,Shai Osudoku District,Amanfro
Greater Accra,Ga West,Amanfro
Greater Accra,Ga South,Amanfrom
Western,Prestea-Huni Valley,Amanfro
Oti,Biakoye,Amanforo
Central,Agona East,Amanfor
Central,Gomoa East,Amanfo
Western,Prestea-Huni Valley,Amanfinaso
Ashanti,Atwima Nwabiagya,Amanchia
Eastern,Ayensuano,Amanasi
Ashanti,Ahafo Ano South,Amanam
Greater Accra,Shai Osudoku District,Amanakpo
Ashanti,Amansie Central,Amamon
Western,Mpohor/Wassa East,Amamouhu
Ashanti,Bosome Freho,Amamoso
Greater Accra,Ga West,Amamole
Western,Prestea-Huni Valley,Amamboajo
Bono,Unknown,Amama Shelterbelt Forest Reserve
Eastern,Nsawam Adoagyiri,Amama
Volta,South Tongu District,Amakwadikope
Western,Wassa Amenfi East,Amakrom
Western North,Aowin/Suaman,Amakrom
Eastern,Ayensuano,Amakokrom
Central,Twifo Ati-Morkwa,Amakofikrom
Western North,Sefwi-Wiawso,Amafie
Ashanti,Adansi South,Amadroasi
Western,Ellembelle,Alemikezo
Western,Ellembelle,New Aluku
Volta,Agotime Ziope,Alopui
Volta,Akatsi South,Alopa
Greater Accra,Ada East,Alokpe
Western,Unknown,Alokapoketi
Volta,Central Tongu,Aloi
Volta,Ketu North District,Alovi
Upper East,Kassena Nankana West,Alogenia
Western,Jomoro,Elonyi
Western,Jomoro,Aloazure
Western,Unknown,Elehyele
Western North,Aowin/Suaman,Aliebo
Upper East,Builsa South,Alidem
Northern,Tolon District,Alfayinga
Northern,Mion,Alfayili
Upper East,Bawku West,Alenzua
Western,Jomoro,Alengenzure
Western,Jomoro,Alenda Wharf
Western,Jomoro,Alenda
Eastern,Ayensuano,Alemakrowa
Western,Jomoro,Alawuri
Ashanti,Amansie Central,Alata
Western,Ellembelle,Aloakpoke
Western,Jomoro,Alakwababo
Volta,Keta,Alakple
Volta,Afadzato South,Alakpeti
Volta,Akatsi District,Alakpa
Western,Jomoro,Alakabo
Greater Accra,Accra,Alajo
Western,Mpohor,Alaham
Volta,Ketu South District,Alagbakofe
Volta,North Tongu,Alabonyu
Volta,North Tongu,Alablaboi
Western,Ahanta West,Bebianiha
Western,Ahanta West,Esile
Central,Gomoa East,Akweti
Greater Accra,Accra,Akweteman
Ashanti,Asante Akim North,Akwesinunu
Central,Twifo Hemang Lower Denkyira,Akwesijankrom
Ashanti,Ahafo Ano North,Akwesiasi Two
Ashanti,Ahafo Ano North,Akwasiase
Ashanti,Adansi South,Akwesiakwesi
Central,Cape Coast,Akweku
Central,Abura/Asebu/Kwamankese,Akwekrom
Volta,South Tongu District,Akwekope
Greater Accra,Ga West,Akweiman
Central,Gomoa East,Akwechi
Eastern,Fanteakwa,Akwawa
Eastern,Asuogyaman,Akwatin
Eastern,Denkyembour,Akwatia
Ashanti,Unknown,Akwaten
Ashanti,Sekyere Afram Plains,Akwasu
Bono East,Kintampo South District,Akwasijikrom
Ashanti,Amansie West,Akwasi Akwasiso
Eastern,Kwahu East,Akwaseho
Central,Gomoa East,Akwasa
Eastern,Yilo Krobo,Akwapim
Eastern,Asuogyaman,Akwapim
Eastern,Akyemansa,Akwapim
Western,Tarkwa Nsuaem,Akwantrakrom
Western North,Sefwi Akontobra,Akontobra
Central,Ekumfi,Akwansakokro
Western,Mpohor/Wassa East,Akwanjakrom
Greater Accra,Tema Metropolitan District,Akwani
Volta,North Tongu,Akwangi
Eastern,Asuogyaman,Akwamu
Central,Gomoa East,Akwamu
Central,Ajumako/Enyan/Essiam,Akwamasi
Eastern,Upper West Akim,Akwaman
Central,Ekumfi,Akwakrom
Ashanti,Bosomtwe,Akwaduo
Western North,Sefwi Akontobra,Nkwadumu
Eastern,West Akim,Akwadum
Western,Prestea-Huni Valley,Akwadum
Central,Agona West,Akwachi
Central,Assin North,Akwabuaso
Eastern,Atiwa,Akwaboso
Ashanti,Atwima Nwabiagya,Akwaboa
Central,Agona West,Akwabo
Ashanti,Amansie Central,Akwabawso
Ashanti,Asante Akim North,Akutuasi
Ashanti,Amansie Central,Akutuoase
Western,Mpohor/Wassa East,Akutuasi
Ashanti,Asante Akim South District,Akutuasi
Western,Wassa Amenfi Central,Akutu
Ashanti,Adansi South,Akutreso
Ashanti,Bekwai,Akutiasi
Ashanti,Atwima Mponua,Akotoasubiente
Volta,North Tongu,Akuta
Western,Nzema East,Akusuno
Western,Ellembelle,Akosuno
Western,Jomoro,Akusuansa
Eastern,Lower Manya Krobo,Akuse
Volta,Afadzato South,Akusame
Western,Unknown,Akori
Upper East,Bawku West,Akuri
Ashanti,Sekyere East,Akuokrom
Bono,Dormaa East,Akontaanim
Ashanti,Ejisu Juaben,Akuntanasi
Ashanti,Amansie West,Akuntam
Western North,Aowin/Suaman,Nyamebekyere
North East,Chereponi,Akunoyi
Upper East,Kassena Nankana,Akunkongu
Upper East,Bongo District,Akunka
Western,Nzema East,Akunjasrere
Upper East,Bongo District,Akunduo
Upper East,Kassena Nankana,Akundaw
Western,Wassa Amenfi West,Akumkrom
Eastern,Upper Manya Krobo,Akumaso
Volta,South Tongu District,Akumanikope
Ashanti,Offinso North,Akumadan
Bono East,Nkoranza South,Akuma
Ashanti,Sekyere Central,Akuma
Ashanti,Ejisu Juaben,Akuma
Eastern,Nsawam Adoagyiri,Akufu
Eastern,Nsawam Adoagyiri,Akufo
Volta,South Tongu District,Akudome
Central,Awutu Senya,Akubrefa
Volta,Akatsi South,Akuavi
Bono,Jaman North,Akuata
Eastern,Nsawam Adoagyiri,Akuamu
Eastern,Birim Central,Akuamasi
Central,Ajumako/Enyan/Essiam,Aku
Eastern,Upper Manya Krobo,Akruso
Western North,Sefwi-Wiawso,Akruofo
Central,Mfatseman,Akruma
Bono East,Nkoranza North District,Akrujua
Eastern,Akyemansa,Akrubutui
Eastern,Akuapim South,Akrubi
Ashanti,Ejisu Juaben,Akrowi
Eastern,Birim South,Akroso
Ashanti,Atwima Nwabiagya,Akropon
Ashanti,Amansie West,Akropong
Eastern,Atiwa,Akropong
Eastern,Akuapim North,Akropong
Central,Upper Denkyira East,Akropon
Western,Wassa Amenfi East,Wassa Akropon
Central,Assin North,Akropong
Central,Awutu Senya,Akropong
Central,Gomoa West,Akropong
Central,Mfatseman,Akropong
Western,Ellembelle,Akropon
Ashanti,Adansi North,Akromaso
Western North,Aowin/Suaman,Akromantu
Western,Wassa Amenfi East,Akromanto
North East,Chereponi,Akromabra
Central,Asikuma/Odoben/Brakwa,Akroma
Ashanti,Asokore Mampong Municipal,Akrom
Ashanti,Adansi North,Akrokerri
Ashanti,Adansi North,Old Akrofuom
Ashanti,Adansi South,Akrofuom
Central,Upper Denkyira West,Akrofuom
Central,Assin South,Akrofuom
Eastern,Atiwa,Akrofufu
Central,Asikuma/Odoben/Brakwa,Akrofufu
Volta,Ho,Akrofu
Bono East,Techiman Municipal District,Akrofrom
Western,Wassa Amenfi East,Ekrofomu
Ashanti,Afigya-Kwabre District,Akuroforom
Ashanti,Atwima Nwabiagya,Akrofrom
Ashanti,Adansi North,Akrofrom
Central,Twifo Hemang Lower Denkyira,Akrofrom
Bono,Berekum,Akrofro
Central,Abura/Asebu/Kwamankese,Akrofro
Bono East,Kintampo North Municipal District,Akrofonso
Ahafo,Asunafo North,Akrodie
Ashanti,Sekyere Afram Plains,Akrochire
Ashanti,Asante Akim South District,Akrochere
Eastern,Asuogyaman,Akrobosu
Eastern,Asuogyaman,Akrobawnia
Central,Mfatseman,Akrobadzi
Central,Assin South,Akrampa
Central,Gomoa East,Akramang
Greater Accra,Ga West,Akranman
Western,Ahanta West,Ekalesuazo
Central,Agona East,Akrabong
Central,Awutu Senya,Akrabong
Ashanti,Asante Akim North,Akrabo
Central,Ekumfi,Akra
Greater Accra,Ga East,Akpoman
Volta,Agotime Ziope,Akpokofe
Volta,Adaklu,Akpliglui
Greater Accra,Ada West,Akplabanya
Volta,Ketu North District,Akpotoenu
Volta,South Dayi,Akpato
Volta,Afadzato South,Akparafe
Eastern,Yilo Krobo,Akpamu
Eastern,Asuogyaman,Akpalegakofe
Greater Accra,Ada West,Akpakpavikope
Volta,Ho,Akpakope
Volta,Afadzato South,Akpadaho
Volta,Ho,Akovief
Eastern,Asuogyaman,Akotyua
Eastern,Upper Manya Krobo,Akotui
Greater Accra,Ga South,Koteaku
Eastern,Ayensuano,Akotuako
Central,Ajumako/Enyan/Essiam,Akotuagwa
Volta,North Tongu,Akototime
Western,Mpohor/Wassa East,Akotosu
Central,Assin North,Akotoso
Eastern,Birim South,Akotoso
Greater Accra,Ga West,Akotoshi
Ashanti,Amansie West,Akotopeso
Western,Prestea-Huni Valley,Akotom
Central,Komenda/Edina/Eguafo/Abirem,Akotochir
Western,Ellembelle,Akoto
Ashanti,Amansie Central,Akotiantra
Central,Upper Denkyira East,Akotem
Ashanti,Amansie Central,Aketekyiso
Western North,Unknown,Kotokyi
Central,Assin North,Akotadai
Ashanti,Atwima Kwanwoma,Akosomo
Western,Wassa Amenfi East,Akosuakroa
Ashanti,Sekyere Afram Plains,Akosua
Eastern,Lower Manya Krobo,Akosomo
Eastern,Asuogyaman,Akosombo Dam
Eastern,Asuogyaman,Akosombo
Ahafo,Unknown,Akosan
Eastern,Birim South,Akosa
Western,Nzema East,Akoro
Upper East,Bongo District,Akorisi
Eastern,Birim Central,Akoraso
Central,Agona West,Akoraso
Eastern,Suhum/Kraboa/Coaltar,Akorabu Kukua
Western,Tarkwa Nsuaem,Akontanse
Central,Cape Coast,Akong
Central,Assin North,Akonfudi
Ashanti,Atwima Mponua,Akonchi
Central,Upper Denkyira East,Akonbuo
Eastern,Asuogyaman,Akomutoko
Ashanti,Sekyere East,Akomnyina
Central,Awutu Senya,Akomato
Volta,Ho West,Akolito
Volta,Akatsi South,Akoli
Central,Agona East,Akokwasa
Bono East,Atebubu-Amantin District,Akokua
Central,Gomoa West,Akokotintin
Greater Accra,Ga East,Akokome
Eastern,Upper Manya Krobo,Akokoma
Ashanti,Asante Akim South District,Akokofori
Ashanti,Bosomtwe,Akokofe
Ashanti,Adansi North,Akokodem
Central,Assin South,Akokobenumsu
Ashanti,Asante Akim South District,Akoko Benumnsu
Ashanti,Sekyere East,Akokoaso
Eastern,Akyemansa,Akokoaso
Eastern,East Akim,Akoko
Eastern,Upper Manya Krobo,Akohia
Eastern,New Juaben,Akodum
Western,Wassa Amenfi Central,Akodum
Western,Wassa Amenfi East,Akwadakrom
Eastern,Akuapim North,Akode
Eastern,Birim North,Akoasi
Central,Mfatseman,Akoanso
Volta,Keta,Aklofudzi
Volta,Ho West,Akloba
Greater Accra,Ada East,Akligbekope
Volta,Afadzato South,Akleme
Volta,North Tongu,Aklaya
Volta,North Tongu,Aklamadaw
Volta,Central Tongu,Aklakbanu
Volta,Ho West,Akitikofe
Northern,Mion,Akinajile
Eastern,Birim South,Akim Swedru
Eastern,Akyemansa,Akim Nsese
Eastern,West Akim,Akimboso
Volta,Akatsi South,Akeve
Eastern,Fanteakwa,Aketswia
Western,Ahanta West,Prusi Akatakyi
Western,Prestea-Huni Valley,Aketeche
Eastern,Upper Manya Krobo,Aketebwo
Bono,Wenchi,Akete
Central,Unknown,Akesoa
Ashanti,Amansie Central,Akesu
Ashanti,Asante Akim South District,Akesakrom
Central,Assin North,Akenkawso
Eastern,Birim South,Akenkawso
Central,Twifo Ati-Morkwa,Akenkasi
Ashanti,Adansi North,Akekrom
Volta,Akatsi South,Akblokofe
Volta,North Tongu,Akbekpo
Volta,Keta,Akbatebe
Volta,Ketu North District,Akbakofe
Oti,Biakoye,Akayao
Western,Wassa Amenfi East,Akoriso
Eastern,Yilo Krobo,Akawli
Ashanti,Amansie Central,Akawkawso
Central,Agona East,Akawkawakawkaw
Western,Wassa Amenfi Central,Akautaucheri
Volta,Akatsi South,Akatsi
Eastern,Upper Manya Krobo,Akatri
Volta,Ketu South District,Akato
Central,Mfatseman,Akatichua
Western North,Bia,Akati
Western,Nzema East,Akaternu
Central,Komenda/Edina/Eguafo/Abirem,Akatebura
Eastern,Upper Manya Krobo,Akatawia
Ashanti,Amansie Central,Akasanimu
Upper East,Garu District,Akaratesi
Ashanti,Obuasi,Akaporiso
Eastern,West Akim,Akantin
Central,Upper Denkyira East,Akantem
Western,Mpohor/Wassa East,Akwaku
Ashanti,Atwima Mponua,Akantansu
Ashanti,Amansie West,Akantamasi
Western,Nzema East,Akanko
Central,Upper Denkyira West,Akankasi
Central,Assin North,Akankasi
Central,Assin South,Akankasi
Oti,Krachi Nchumuru,Akaniem
Oti,Biakoye,Akaniem
Volta,Ketu North District,Akancha
Upper East,Bongo District,Akanaba
Volta,South Tongu District,Akamukope
Upper East,Kassena Nankana,Akamo
Western,Tarkwa Nsuaem,Akamimi
Bono,Unknown,Akomili
Volta,Ketu South District,Akame
Western,Wassa Amenfi East,Akumakrom
Volta,South Tongu District,Akalove
Western North,Aowin/Suaman,Akakrom
Ashanti,Amansie Central,Ankaakur
Volta,Keta,Akakagbo
Volta,South Dayi,Akajakpe
Ashanti,Unknown,Akaisu
Western,Wassa Amenfi Central,Akahun
Volta,Ketu South District,Akaglakofe
Eastern,Asuogyaman,Akagla
Eastern,Asuogyaman,Akada
Western,Ellembelle,Akachiama
Western North,Aowin/Suaman,Akabuka
Western,Unknown,Aka
Oti,Jasikan,Aka
Central,Upper Denkyira East,Ajwitechi
Eastern,West Akim,Ajwisaim
Ashanti,Ejisu Juaben,Ajwinasi
Ashanti,Bosomtwe,Ajwinasi
Ashanti,Bekwai,Edwenase
Western,Prestea-Huni Valley,Ajwinasi
Eastern,Upper Manya Krobo,Ajwenso
Ashanti,Bosomtwe,Ajusua
Central,Upper Denkyira East,Ajuom
Ashanti,Adansi North,Ajunkwaso
Western,Wassa Amenfi East,Ajumum
Western,Tarkwa Nsuaem,Ajumanim
Central,Upper Denkyira East,Adwuman
Ashanti,Kwabre District,Adwuman
Ashanti,Atwima Mponua,Ajuman
Ashanti,Bosomtwe,Adwumam
Ahafo,Asunafo South,Adwuman
Western,Tarkwa Nsuaem,Ajuman
Central,Ajumako/Enyan/Essiam,Ajumako
Western,Ahanta West,Edwumako
Ashanti,Afigya-Kwabre District,Adwumakasekese
Ashanti,Kwabre District,Adwumakasekese
Western North,Juaboso,Adwumadiem
Western North,Aowin/Suaman,Adwoam Number One
Western North,Unknown,Mete
Western North,Bia,Adwufia
Central,Assin South,Ajueso
Western,Unknown,Adwewura
Bono East,Techiman Municipal District,Ajuasika
Western,Jomoro,Ajuan
Ashanti,Bosomtwe,Ajuafo
Eastern,Akyemansa,Ajuafo
Western,Ahanta West,Adwowa
Western,Unknown,Ajopa
Western,Prestea-Huni Valley,Ajopa
Volta,Central Tongu,Ajokwe
Ashanti,Unknown,Ajoku
Eastern,Asuogyaman,Ajobom
Volta,Ho West,Ajlagokofe
Greater Accra,Ledzekuku-Krowor,Ajiringano
Western,Wassa Amenfi West,Ajireso
Western,Wassa Amenfi East,Mmofra Mfa Adwen
Western,Wassa Amenfi Central,Ajinsem
Central,Upper Denkyira East,Ajimpoma
Eastern,Akuapim South,Ajimenti
Western,Tarkwa Nsuaem,Ajikomkrom
Volta,North Tongu,Ajiho
Western North,Aowin/Suaman,Ajiekrom
Western,Jomoro,Ajibaboka
Western North,Aowin/Suaman,Ajianso
Western,Nzema East,Ajesokese
Western,Ellembelle,Ajesi
Western,Jomoro,Ajesa
Greater Accra,Ga West,Adzen Kotoku
Eastern,Birim North,Ajenjua
Ashanti,Adansi South,Ajenasi
Eastern,Birim South,Ajenasi
Central,Twifo Ati-Morkwa,Ajenasi
Western,Wassa Amenfi Central,Ajenasi
Eastern,Lower Manya Krobo,Ajenakonawpie
Eastern,Asuogyaman,Ajenadawm
Eastern,Asuogyaman,Ajena
Eastern,Akuapim South,Ajena
Western,Ahanta West,Egyembra
Ashanti,Offinso Municipal District,Agyempra
Eastern,Yilo Krobo,Ajekpo
Volta,North Tongu,Ajekofe
Ashanti,Atwima Nwabiagya,Ajeikrom
Central,Komenda/Edina/Eguafo/Abirem,Ajeikrom
Western,Wassa Amenfi West,Ajeikrom
Eastern,Nsawam Adoagyiri,Ajeiagbo
Western,Mpohor,Ajei
Eastern,Fanteakwa,Ajayekrom
Central,Gomoa East,Ajawasan
Western,Prestea-Huni Valley,Ajaw
Volta,Adaklu,Ajavu
Ashanti,Asante Akim North,Ajareago
Eastern,East Akim,Ajapoma
Western,Wassa Amenfi Central,Ajanoa
Eastern,Akuapim South,Ajankiti
Greater Accra,Ga East,Ajangote
Ashanti,Bekwai,Adamasu
Eastern,Upper Manya Krobo,Ajaman
Western,Wassa Amenfi East,Ajakukuso
Volta,Keta,Ajakpleji
Greater Accra,Ada East,Ajakpakope
Greater Accra,Shai Osudoku District,Ajakope
Volta,South Tongu District,Ajake
Western,Wassa Amenfi Central,Ajakamanso
Greater Accra,Shai Osudoku District,Ajaikope
Eastern,Ayensuano,Ajademan
Western,Tarkwa Nsuaem,Ajabinkrom
Western,Unknown,Ayire
Western North,Aowin/Suaman,Aiyipakrom
Western,Prestea-Huni Valley,Aiyinasi
Western,Ellembelle,Aiyinasi
Western,Nzema East,Aiyinasi
Ashanti,Adansi North,Anyinabrim
Western,Wassa Amenfi Central,Enyinabirmu
Central,Assin South,Aiyinabrim
Western,Nzema East,Aiyinabrim
Eastern,Ayensuano,Aiyinabiri
Greater Accra,Ga East,Ayimensa
Western,Wassa Amenfi Central,Aiyim
Eastern,Akuapim South,Aiyim
Central,Twifo Ati-Morkwa,Aiyim
Western,Mpohor,Aiyim
Eastern,Asuogyaman,Aiyikwataw
Greater Accra,Shai Osudoku District,Aiyikuma
Western,Unknown,Aiyika
Western North,Sefwi-Wiawso,Aiyiboso
Eastern,Fanteakwa,Aiyesu
Bono East,Nkoranza South,Aiyerade
Western,Unknown,Aiyemesa
Western,Unknown,Aiyaurakpole
Western,Ellembelle,Aiyaura
Ashanti,Adansi North,Ayasi
Central,Twifo Ati-Morkwa,Aiyasi
Bono,Wenchi,Ayaayo
Western,Wassa Amenfi Central,Aiyabakrom
Volta,North Tongu,Aiwata
Volta,Akatsi District,Aivawkofe
Ashanti,Unknown,Aiura
Volta,North Tongu,Airam
Volta,Ho,Aingbe
Eastern,Asuogyaman,Aimaso
Eastern,Lower Manya Krobo,Aimaso
Greater Accra,Ga West,Ayikaidoblo
Greater Accra,Ga West,Aidan
Eastern,Lower Manya Krobo,Aibon
Western North,Aowin/Suaman,Ahwitiaso
Ashanti,Amansie West,Ahwerewa
Ashanti,Ejisu Juaben,Ahwiriso
Ashanti,Adansi North,Ahwidaye
Central,Abura/Asebu/Kwamankese,Ahwiawom
Ashanti,Bekwai,Ehuren
Western,Ellembelle,Ahuraga
Volta,South Dayi,Ahupe
Bono,Unknown,Ahunyan
Eastern,Birim South,Ahuntrum
Volta,Adaklu,Ahunlife
Western North,Sefwi-Wiawso,Ahokwaa
Volta,Central Tongu,Ahunkofe
Eastern,Nsawam Adoagyiri,Ahunju
Ashanti,Kwabre District,Ahodwo
Ashanti,Atwima Nwabiagya,Ahunjo
Central,Assin North,Ahunjo
Volta,Adaklu,Ahundato
Volta,Adaklu,Ahunda
Western,Jomoro,Ahumkaswaso
Western North,Aowin/Suaman,Ahumkam
Volta,North Tongu,Ahumblikofe
Volta,North Tongu,Ahumakofe
Central,Twifo Ati-Morkwa,Ahujo
Western North,Aowin/Suaman,Ahuayem
Western,Wassa Amenfi West,Abope
Western,Ellembelle,Ahonlezo
Western North,Aowin/Suaman,Ahomimibuka
Central,Assin South,Ahomaho
Greater Accra,Ada East,Aholupu
Volta,Central Tongu,Aholukofe
Central,Assin North,Ahojo
Volta,Ho,Ahoe
Western,Jomoro,Ahobre Number One
Volta,Akatsi District,Ahlanfedo
Ashanti,Ahafo Ano South,Ahiruam
Western,Unknown,Ashiro
Ashanti,Unknown,Ahiresu
Bono,Dormaa,Ahireso
Ashanti,Asante Akim South District,Ahireso
Ashanti,Atwima Mponua,Ahyireso
Central,Awutu Senya,Ahireso
Western,Prestea-Huni Valley,Ahyireso
Western,Prestea-Huni Valley,Ahireso
Western,Prestea-Huni Valley,Ahireku
Western,Mpohor/Wassa East,Ahire
Ashanti,Adansi North,Ahensan
Ashanti,Kumasi,Ahensan
Ashanti,Kumasi,Ahinsai
Ashanti,Afigya-Kwabre District,Ofinso Ahenkro
Central,Awutu Senya,Ahinkro
Western,Secondi Takoradi,Ahinkofikrom
Western,Wassa Amenfi Central,Ahinikrom
Ashanti,Adansi South,Ahinforoso
Central,Cape Coast,Ahinbuboi
Eastern,Kwahu East,Ahinasi
Ashanti,Adansi North,Ahimaso
Western North,Bia East,Ahemakrom
Western,Tarkwa Nsuaem,Ahiem
Western,Nzema East,Ashiem
Western North,Bodi,Ahebenso
Greater Accra,Ada East,Ahiamajikope
Eastern,Nsawam Adoagyiri,Aheriso
Eastern,Akuapim South,Aheriso
Oti,Biakoye,Ahenkro
Volta,Central Tongu,Ahawdemi
Western,Unknown,Ahasu
Central,Assin South,Ahasonyewuda
Central,Ajumako/Enyan/Essiam,Ahaohu
Western,Ahanta West,Amaokofre
Ahafo,Unknown,Ahantamwa
Ahafo,Asunafo North,Ahantamwa
Western,Wassa Amenfi Central,Ahantamaw
Oti,Kadjebi,Ahamansu
Central,Ajumako/Enyan/Essiam,Ahamakrom-Bue
Eastern,West Akim,Ahamahama
Eastern,Nsawam Adoagyiri,Ahamahama
Western,Unknown,Ahama
Greater Accra,Ada East,Ahakukope
Eastern,Upper Manya Krobo,Ahabaso Mlawa
Central,Abura/Asebu/Kwamankese,Agwetiakokro
Central,Abura/Asebu/Kwamankese,Agwetiabuom
Central,Abura/Asebu/Kwamankese,Agwasi
Volta,Afadzato South,Agute
Upper East,Bolgatanga Municipal District,Agushi
Western,Wassa Amenfi Central,Agona
Volta,Ho West,Agumale
Western,Nzema East,Aguafo
Volta,South Tongu District,Agudekope
Eastern,Asuogyaman,Agu
Ashanti,Amansie West,Agrosum
Volta,Ketu South District,Agoyema
Volta,South Tongu District,Agovlayakope
Volta,Keta,Agovinu
Volta,Agotime Ziope,Agovi
Volta,Ketu North District,Agovi
Volta,Ketu South District,Agoveme
Volta,Akatsi South,Agorweme
Volta,Ho,Agove
Volta,Ho West,Agove
Volta,Akatsi District,Agove
Volta,Central Tongu,Agove
Volta,Ketu North District,Agove
Volta,South Tongu District,Agove
Volta,Keta,Agove
Volta,Ketu South District,Agotome
Volta,Keta,Agotoe
Volta,North Tongu,Agotive
Volta,South Tongu District,Agotavia
Volta,South Tongu District,Agotaga
Bono East,Techiman North District,Agosa
Volta,Ho West,Agoriki
Volta,South Dayi,Agoreke
Ashanti,Sekyere South,Agona Akrofoso
Ashanti,Sekyere South,Agona
Central,Upper Denkyira West,Agona
Central,Twifo Ati-Morkwa,Agona
Western,Tarkwa Nsuaem,Agona
Western,Ahanta West,Agona
Western,Nzema East,Agona
Volta,Akatsi District,Agomo
Greater Accra,Shai Osudoku District,"Agomeda, Dangme West"
Volta,Hohoe,Agome
Volta,Afadzato South,Agome
Volta,Ho West,Agome
Volta,Ketu South District,Agome
Volta,South Tongu District,Agome
Eastern,Lower Manya Krobo,Agomanya
Volta,Ketu South District,Agoli
Volta,Ho West,Agokpo
Ashanti,Obuasi,Alata Number One
Volta,Agotime Ziope,Agohome
Volta,Hohoe,Agohoe
Ashanti,Adansi North,Agogoso
Ashanti,Unknown,Agogo
Ashanti,Asante Akim North,Agogo
Ashanti,Atwima Nwabiagya,Agogo
Eastern,Yilo Krobo,Agogo
Volta,South Tongu District,Agogbe
Volta,Central Tongu,Agoeto
Volta,Central Tongu,Agoe
Volta,Ketu North District,Agodomi
Volta,South Tongu District,Agodomi
Volta,Afadzato South,Agodome
Volta,South Tongu District,Agodome
Volta,South Tongu District,Agodokope
Volta,Akatsi South,Agode
Volta,South Tongu District,Agobledokui
Volta,Keta,Agobiakofe
Volta,South Tongu District,Aglokpovia
Eastern,Asuogyaman,Aglobo
Volta,Ketu South District,Aginukope
Volta,Ketu North District,Aginakofe
Volta,North Tongu,Ageteklechi
Volta,Adaklu,Agekpo
Greater Accra,Ada West,Agedrafokope
Volta,Central Tongu,Agbwekope
Volta,South Tongu District,Agbutokope
Greater Accra,Ada East,Agbutiakope
Eastern,Asuogyaman,Agbum
Volta,South Tongu District,Agbove
Eastern,Asuogyaman,Agbosudotoiyi
Volta,Afadzato South,Agbonyira
Volta,South Tongu District,Agbonwakope
Volta,Afadzato South,Agbome
Volta,Agotime Ziope,Agbomadjikofe
Volta,South Tongu District,Agbolikpota
Greater Accra,Ada East,Agbokpi
Volta,Agotime Ziope,Agbokofe
Volta,South Tongu District,Agbogbla
Greater Accra,Ga East,Agbogba
Volta,Akatsi South,Agbodrafo
Volta,Keta,Agbodrafo
Volta,Akatsi District,Agblonu
Volta,Adaklu,Agblife
Volta,North Tongu,Agbleviem
Volta,Adaklu,Agbleve
Volta,South Tongu District,Agbletokwei
Greater Accra,Tema Metropolitan District,Agblesia
Volta,Agotime Ziope,Agblega
Volta,South Tongu District,Agbetokope
Volta,North Tongu,Agbetipo
Volta,North Tongu,Agbetiame
Volta,North Dayi,Agbesia
Volta,Afadzato South,Agbesia
Volta,Keta,Agbenuvokofe
Volta,Ho West,Agbenu
Volta,Kpando,Agbenohoe
Eastern,Asuogyaman,Agbenawsikofe
Volta,Adaklu,Agbelechime
Eastern,Asuogyaman,Agbele
Greater Accra,Ada West,Agbegakope
Volta,Adaklu,Agbechemekofe
Volta,South Tongu District,Agbatsivi
Volta,Afadzato South,Agbatiave
Volta,Akatsi South,Agbanyokofe
Volta,Akatsi South,Agbanikofe
Volta,Adaklu,Agbakpekofe
Volta,South Tongu District,Agbakofe
Volta,South Tongu District,Agbagome
Volta,Akatsi South,Agbaflome
Volta,Ketu North District,Agbadomi
Volta,Ketu South District,Agbadikope
Volta,Ho,Agawu
Greater Accra,Shai Osudoku District,Agawtaw
Volta,Central Tongu,Agawtakpo
Volta,South Tongu District,Agawkpo
Volta,South Tongu District,Agawhome
Volta,North Tongu,Agawhaw
Volta,Ketu South District,Agavedzi
Volta,South Tongu District,Agave
Volta,Ho West,Agate
Volta,North Dayi,Agatayingbe
Volta,North Dayi,Agata
Volta,North Dayi,Agadome
Volta,Agotime Ziope,Agadji
Volta,Ho West,Agadja
Eastern,Akuapim South,Afwerasi
Central,Agona West,Afuwa
Central,Mfatseman,Afutuakwa
Western,Prestea-Huni Valley,Afumasi
Volta,Ho West,Afubu
Ashanti,Amansie Central,Afuamoaso
Greater Accra,Ga West,Afuaman
Greater Accra,Ada East,Afruve
Western,Wassa Amenfi East,Afrokrom
Western North,Sefwi-Wiawso,Afrimkrom
Ashanti,Sekyere Afram Plains,Afrenso
Central,Abura/Asebu/Kwamankese,Afrengwa
Western,Nzema East,Avrebo
Ashanti,Offinso North,Afrantwo
Ashanti,Ejura Sekyedumase,Afrante
Eastern,West Akim,Afranso
Western,Nzema East,Afransie
Ashanti,Bekwai,Afransie
Eastern,Akyemansa,Afransi
Western,Wassa Amenfi East,Afranse
Central,Gomoa East,Afransi
Ashanti,Atwima Mponua,Takorade
Ashanti,Atwima Kwanwoma,Afrantwo
Ashanti,Mampong,Aframso
Ashanti,Sekyere Central,Aframso
Eastern,Birim North,Afoso
Volta,North Tongu,Afopa
Volta,North Tongu,Afode
Ashanti,Amansie Central,Afoako
Volta,North Tongu,Aflukofe
Volta,North Tongu,Aflavenu
Volta,Ketu South District,Aflao
Eastern,Upper Manya Krobo,Aflamasi
Eastern,Upper Manya Krobo,Aflamase
Western North,Aowin/Suaman,Afimakrom
Volta,Ketu North District,Afife
Greater Accra,Shai Osudoku District,Afienya
Central,Upper Denkyira West,Afiefso
Ashanti,Amansie West,Afidie
Central,Twifo Hemang Lower Denkyira,Afiaso
Greater Accra,Tema Metropolitan District,Afianya
Greater Accra,Ga West,Afiaman
Volta,Keta,Afiadenyigbaga
Volta,Akatsi District,Afiadenyigba
Volta,Keta,Afiadenyigba
Greater Accra,Ada West,Afiadenyiba
Volta,North Dayi,Afeyi
Volta,Hohoe,Afesikofe
Ashanti,Adansi South,Aferie
Eastern,Birim South,Aferie
Western,Wassa Amenfi West,Aferia
Ashanti,Atwima Nwabiagya,Aferi
Western North,Aowin/Suaman,Afereakoboro
Western North,Bodi,Afere
Western North,Sefwi-Wiawso,Afere
Western,Wassa Amenfi Central,Afere
Western,Wassa Amenfi West,Afere
Volta,Akatsi South,Afeim
Volta,Hohoe,Afegame
Volta,Agotime Ziope,Afegame
Ashanti,Atwima Mponua,Afawtawkaw
Volta,Central Tongu,Afawkope
Ashanti,Sekyere Afram Plains,Afatianhu
Western North,Unknown,Afao Hills Forest Reserve
Central,Assin South,Afao
Western North,Bibiani/Ahwiaso/Bekwai,Afao
Volta,Akatsi South,Afango
Ashanti,Sekyere South,Afamanaso
Eastern,Upper West Akim,Afadi Esiyie
Volta,North Tongu,Afade
Volta,South Dayi,Adzokoe
Central,Gomoa East,Adzintam
Volta,Keta,Adzato
Volta,Keta,Adzanu
Volta,Akatsi South,Adzakate
Greater Accra,Shai Osudoku District,Adwuku
Ashanti,Sekyere Afram Plains,Adwisen
Eastern,Nsawam Adoagyiri,Adwajiri
Central,Ekumfi,Adwajiri
North East,East Mamprusi,Aduyiri
Northern,Karaga,Aduyili
Northern,Tamale,Aduyeli
Ashanti,Amansie Central,Aduyao
Volta,South Tongu District,Adutor
Volta,Ketu South District,Duta
Volta,South Tongu District,Adusukofe
Western,Ellembelle,Adusikrom
Greater Accra,Ga West,Adusu
Ashanti,Ahafo Ano South,Adupri
Western North,Bibiani/Ahwiaso/Bekwai,Adupiri
Ashanti,Adansi North,Aduposo
Ashanti,Bosomtwe,Adunku
Western,Jomoro,Aduni
Upper East,Kassena Nankana West,Adung
Upper East,Kassena Nankana West,Adunania
Greater Accra,Ada West,Adunajikope
Ashanti,Afigya-Kwabre District,Adumoa
Western,Prestea-Huni Valley,Adumenu
Western,Mpohor,Adum Banso
Volta,North Tongu,Adumasi
Ashanti,Amansie Central,Odumasa
Eastern,Birim Central,Adumasa
Western,Wassa Amenfi Central,Adumasa
Greater Accra,Shai Osudoku District,Adumanya
Oti,Krachi East,Adumadum
Eastern,Ayensuano,Adumadum
Western,Prestea-Huni Valley,Adukwesikrom
Bono,Wenchi,Adukwadwo - Kurom
Eastern,Nsawam Adoagyiri,Adukwajo
Ashanti,Amansie West,Adukumama
Central,Ekumfi,Adukuma
Western North,Bibiani/Ahwiaso/Bekwai,Edukurom
Eastern,Akuapim North,Adukrom
Eastern,Birim Central,Adukrom
Central,Abura/Asebu/Kwamankese,Adukrom
Western,Nzema East,Adukrom
Eastern,Birim South,Adukofi
Ashanti,Offinso North,Adujanso
Ashanti,Unknown,Adufa
Central,Assin North,Aduesi
Central,Assin North,Adueasi
Volta,North Tongu,Adudong
Bono East,Techiman Municipal District,Adutwie
Western,Ellembelle,Adubrim
Western,Tarkwa Nsuaem,Adubrim
Western,Ellembelle,Adubra
Ashanti,Amansie West,Aduatu
Eastern,Birim South,Aduasa
Western,Prestea-Huni Valley,Aduanichensika
Eastern,Kwahu East,Aduamoa
Western North,Aowin/Suaman,Aduaku
Ashanti,Sekyere Afram Plains,Aduahensu
Eastern,West Akim,Aduahensu
Volta,Ketu North District,Adrume
Ahafo,Tano North,Adrobaa
Volta,Akatsi South,Adrakpo
Western North,Bia East,Adabokrom
Upper East,Bongo District,Adoweko
Central,Assin North,Adowasin
Ashanti,Amansie Central,Adagya
Ashanti,Amansie Central,Adowa
Western,Wassa Amenfi Central,Adoutin
Central,Agona East,Adotim
Volta,Ketu South District,Adotokope
Ashanti,Unknown,Obrumadai
Volta,Central Tongu,Ados
Central,Upper Denkyira East,Adori
Volta,Central Tongu,Adope
Ashanti,Sekyere Afram Plains,Adonso
Upper East,Bawku West,Binda Adonsi
Volta,Akatsi South,Adonrokpe
Volta,Central Tongu,Adonokofe
Eastern,East Akim,Adonkwanta
Eastern,Kwaebibirem,Adonkrono
Eastern,Asuogyaman,Adomo
Volta,North Dayi,Adomi
Ashanti,Asante Akim South District,Adomfe
Central,Agona East,Adomekwa
Eastern,Asuogyaman,Adome
Ashanti,Adansi North,Adomanu
Central,Gomoa West,Adokroasi
Greater Accra,Ada West,Adokope
Bono East,Nkoranza North District,Adoi
Bono,Sunyani West,Adoi
Central,Agona East,Adofin
Western,Ahanta West,Adoblo Rock
Ashanti,Atwima Mponua,Adobewora
Volta,Agotime Ziope,Adjovime
Volta,Adaklu,Adjove
Greater Accra,Ada West,Adjomanikope
Volta,Agotime Ziope,Adjenuko
Volta,Agotime Ziope,Adjawola
Oti,Krachi East,Adjana
Volta,Afadzato South,Adjakoe
Volta,Afadzato South,Adiveme
Central,Agona West,Aditekorasi
Western,Wassa Amenfi East,Adesu
Central,Cape Coast,Adisadel
Eastern,Akyemansa,Adintiasi
Ashanti,Amansie Central,Adinkra
Bono,Banda,Adinkera
Western,Tarkwa Nsuaem,Adinching
Western,Wassa Amenfi West,Adinasi
Volta,Unknown,Adina
Western,Wassa Amenfi East,Andonoe
Western,Mpohor,Adimanu
Eastern,Birim South,Adikuma
Western,Mpohor/Wassa East,Adija
Central,Assin North,Adieyamiaye
Ashanti,Ejisu Juaben,Adiepena
Western North,Bibiani/Ahwiaso/Bekwai,Adzenkye
Central,Assin North,Adiemra
Ashanti,Ahafo Ano South,Adiembra
Ashanti,Asante Akim North,Adiembra
Ashanti,Kumasi,Adeemmra
Ashanti,Atwima Mponua,Adiembra
Western North,Bibiani/Ahwiaso/Bekwai,Adiembra
Ashanti,Adansi South,Adiembra
Eastern,Ayensuano,Adiembra
Central,Upper Denkyira East,Adiembra
Eastern,West Akim,Adiembra
Central,Twifo Ati-Morkwa,Adiembra
Western North,Aowin/Suaman,Adiembru
Greater Accra,Ga South,Adiembra
Central,Assin North,Adiembra
Central,Assin South,Adiembra
Central,Twifo Hemang Lower Denkyira,Adiembra
Western,Ellembelle,Adiembra
Ashanti,Sekyere Afram Plains,Adiem
Volta,Central Tongu,Adiekpe
Western,Wassa Amenfi Central,Adiefifrom
Volta,North Tongu,Adidovenu
Volta,Agotime Ziope,Adidome
Volta,Central Tongu,Adidome
Volta,North Tongu,Adidokpovu
Volta,Central Tongu,Adidokpoe
Volta,Keta,Adidokpo
Volta,South Tongu District,Adidokpe
Eastern,Suhum/Kraboa/Coaltar,Adidiso
Ashanti,Ahafo Ano South,Adidasi
Western,Wassa Amenfi Central,Adidasi
Ashanti,Sekyere Central,Adichuem
Greater Accra,Ada West,Adichrekope
Northern,Yendi,Adibo
Eastern,Akyemansa,Adibeasi
Volta,Ketu North District,Adibafe
Greater Accra,Ada East,Adiawukope
Western,Tarkwa Nsuaem,Adiawso
Western,Prestea-Huni Valley,Adiambra
Western North,Aowin/Suaman,Adiabaw
Greater Accra,Ada East,Adewuke
Ashanti,Kwabre District,Adeisena
Ashanti,Sekyere Afram Plains,Adenyensu
Eastern,Akuapim North,Adenya
Greater Accra,Adenta,Adentan
Ashanti,Kwabre District,Adense
Greater Accra,Ga East,Adenkrebi
Western,Unknown,Adenimunio Evini
Central,Assin South,Adenchi
Eastern,Upper West Akim,Adembra
Central,Awutu Senya,Adembra
Central,Asikuma/Odoben/Brakwa,Adema
Ashanti,Atwima Nwabiagya,Adagya
Ashanti,Bosomtwe,Adagya
Ashanti,Amansie West,Adagya
Ashanti,Bosome Freho,Adeitu
Western,Prestea-Huni Valley,Adeikrom
Volta,North Tongu,Adeho
Eastern,Upper Manya Krobo,Adefe
Western,Wassa Amenfi Central,Adedesua
Western,Wassa Amenfi West,Adecheda
Northern,Kumbumgu,Addah Fishing Village
Northern,Tolon District,Adayiri
Eastern,Atiwa,Adawsoasi
Eastern,Kwahu South,Adawso
Eastern,Akuapim North,Adawso
Eastern,Birim North,Adawsena
Ashanti,Adansi North,Adawmenu
Ashanti,Unknown,Adawm
Western,Unknown,Adawkre
Volta,Hohoe,Adawkaw
Volta,Central Tongu,Adave
Ashanti,Obuasi,Adasi
Western,Mpohor/Wassa East,Adasi
Western,Nzema East,Adasan
Central,Mfatseman,Adasamasi
North East,Chereponi,Adare
Greater Accra,Shai Osudoku District,Adapwi
Bono East,Pru,Adaprasi
Volta,North Tongu,Adapo
Greater Accra,Ada East,Ada Panya
Eastern,Kwahu West,Adanting
Ashanti,Adansi South,Adansi Prasu
Ashanti,Bosome Freho,Adansi Nsese
Western,Mpohor,Adanse
Ashanti,Adansi North,Adansi Anhwiaso
Western,Wassa Amenfi Central,Adanse
Central,Ekumfi,Adansi
Western North,Aowin/Suaman,Adansi
Eastern,Asuogyaman,Adansi
Central,Ekumfi,Adansemem
Western,Mpohor/Wassa East,Adansabo
Ashanti,Atwima Nwabiagya,Adankwame
Bono East,Techiman North District,Adankawkaw
Western,Wassa Amenfi Central,Dankasa
Central,Gomoa West,Adanka
Ashanti,Kwabre District,Adangomasi
Western North,Aowin/Suaman,Adanabra
Bono,Jaman South,Adomesu
Ashanti,Adansi South,Adamso Number Two
Western,Nzema East,Adamso
Greater Accra,Tema Metropolitan District,Adamrobe
Ashanti,Asante Akim South District,Adamia
Volta,North Dayi,Adame
Western,Wassa Amenfi East,Adamanso
Western,Wassa Amenfi East,Addamanso
Western,Prestea-Huni Valley,Adamanso
Western,Nzema East,Adamanso
Central,Gomoa West,Adam
Western,Prestea-Huni Valley,Adjuamakrom
Ashanti,Adansi North,Adakwai
Eastern,Akyemansa,Adakunsia
Central,Mfatseman,Adakrabo
Volta,Central Tongu,Adakpoe
Volta,Central Tongu,Adakpo
Volta,Adaklu,Adakluto
Western North,Aowin/Suaman,Agyaka
Greater Accra,Unknown,Adaisu
Eastern,Upper West Akim,Adaiso
Ashanti,Adansi South,Adahumaso
Ashanti,Adansi South,Adahumasi
Western,Prestea-Huni Valley,Adahomasi
Ashanti,Asante Akim North,Adahem
Central,Assin North,Adahem
Central,Upper Denkyira East,Adahumasi
Western,Wassa Amenfi West,Adaha
Volta,South Tongu District,Adagrikpo
Volta,Ho West,Adaga
Greater Accra,Ada East,Ada Fua
Volta,Unknown,Adafianu
Ashanti,Ejisu Juaben,Adadientem
Eastern,East Akim,Adadientem
Western,Wassa Amenfi Central,Adadientem
Upper East,Bongo District,Beo Adaboya
Central,Upper Denkyira West,Adaboa
Ashanti,Unknown,Adabohwe
Western,Wassa Amenfi West,Adabobesa
Western,Wassa Amenfi West,Adabem
Volta,Central Tongu,Adabakpo
Northern,Savelugu Municipal District,Adaayili
Ahafo,Tano South,Ada
Volta,Akatsi District,Ada
Western,Wassa Amenfi East,Ada
Greater Accra,Unknown,Ada
Central,Gomoa West,Ada
Western,Mpohor,Adao
Ashanti,Sekyere Central,Achwiabuo
Ashanti,Sekyere Central,Achwia
Ashanti,Adansi South,Achwamanso
Central,Ekumfi,Atwa
Western,Shama,Aehuneboana
Western,Wassa Amenfi East,Achuma
Ashanti,Bekwai,Atwetesu
Western,Wassa Amenfi West,Achuakan
Eastern,Asuogyaman,Achrodo
Western,Prestea-Huni Valley,Achrobuoana
Volta,Ho West,Achrobecho
Western,Ahanta West,Atwereboannda
Western,Unknown,Pokoti
Western,Ahanta West,Atwiwa
Ashanti,Adansi South,Achochobuoso
Volta,Akatsi South,Achlulu
Volta,Ketu North District,Achive
Volta,Agotime Ziope,Achiteti
Central,Assin South,Achisa
Western,Ellembelle,Achirichi
Ashanti,Bekwai,Akyeremade
North East,East Mamprusi,Achinayili
Ashanti,Ejisu Juaben,Achinakrom
Ashanti,Atwima Nwabiagya,Achina
Greater Accra,Accra,Achimota
Western,Wassa Amenfi Central,Akyemkrom
Western North,Aowin/Suaman,Achimfu
Volta,Ho West,Achimeleku
Western,Tarkwa Nsuaem,Achim Dada
Western,Wassa Amenfi West,Achimasi
Volta,Ho West,Achim
Western,Tarkwa Nsuaem,Achim
Western,Nzema East,Ahyenlezo
Ashanti,Adansi South,Mprakyire
Western North,Aowin/Suaman,Achikrom
Western North,Aowin/Suaman,Achiekrom
Volta,Akatsi South,Achiekpe
Western,Mpohor,Achida
Western,Wassa Amenfi Central,Akyekyere
Central,Gomoa East,Achibiasi
Ashanti,Atwima Nwabiagya,Achiasi
Ashanti,Ahafo Ano South,Achiasi
Ashanti,Atwima Nwabiagya,Akyease
Ashanti,Ejisu Juaben,Akyease
Ashanti,Ejisu Juaben,Achiasi
Ashanti,Amansie West,Achiasi
Ashanti,Adansi North,Achiasi
Central,Upper Denkyira East,Achiasi
Eastern,Ayensuano,Achiasi
Eastern,Birim South,Achiasi
Central,Gomoa East,Achiasi
Central,Assin South,Achiasi
Central,Gomoa West,Achiasi
Ashanti,Adansi South,Achiasewa
Central,Assin North,Achiano
Western,Jomoro,Achiankua
Greater Accra,Ga West,Atsiaman
Ashanti,Ejisu Juaben,Achiakrom
Volta,Central Tongu,Achiafime
Volta,Central Tongu,Achiafi
Volta,Agotime Ziope,Acheve
Ahafo,Asutifi South,Akyerensua
Western,Ahanta West,Akyenmu
Western,Secondi Takoradi,Achenfu
Western,Mpohor/Wassa East,Akyempim
Central,Upper Denkyira East,Achempim
Western,Wassa Amenfi Central,Achempim
Western,Wassa Amenfi East,Achemfo
Central,Agona East,Achemfo
Volta,Ho,Achatime
Volta,Agotime Ziope,Achati
Volta,Central Tongu,Achati
Upper East,Bongo District,Acharaba
Volta,Keta,Achami
Volta,Afadzato South,Achame
Western North,Aowin/Suaman,Achakrom
Volta,Adaklu,Achaho
Greater Accra,Unknown,Accra Roads
Greater Accra,Accra,Accra Point
Greater Accra,Accra,Accra
Greater Accra,Ada West,Abyukope
Western,Tarkwa Nsuaem,Abwosin
Ashanti,Mampong,Abwantem
Volta,North Tongu,Abuzome
Western,Jomoro,Abutu
Central,Twifo Hemang Lower Denkyira,Abutifi
Ashanti,Sekyere Afram Plains,Abutia
Greater Accra,Shai Osudoku District,Abutia
Central,Upper Denkyira East,Abutareye
Volta,North Tongu,Abuta
Ashanti,Unknown,Abusu
Western,Prestea-Huni Valley,Abusem
Eastern,Akuapim South,Aburiamanfu
Eastern,Akuapim South,Aburi
Western,Mpohor,Aburi
Ashanti,Atwima Kwanwoma,Aburaso
Eastern,Fanteakwa,Aburaso
Western North,Sefwi Akontobra,Aburaso
Central,Cape Coast,Aburankwanta
Eastern,West Akim,Aburahu
Central,Abura/Asebu/Kwamankese,Aburabura
Central,Gomoa East,Abura
Central,Gomoa West,Abura
Central,Abura/Asebu/Kwamankese,Abura
Ashanti,Ejisu Juaben,Abupubuma
Ashanti,Bekwai,Aboaso
Eastern,Fanteakwa,Abuoso
Ashanti,Amansie West,Abuaso
Western,Jomoro,Abuoso
Ashanti,Bosomtwe,Abuontem
Upper East,Unknown,Abuokuliga
Ashanti,Afigya-Kwabre District,Abuohia
Bono East,Atebubu-Amantin District,Abuo
Ashanti,Sekyere Central,Abunim
Ahafo,Asunafo South,Abum
Volta,Central Tongu,Abum
Central,Ekumfi,Abul
Western,Mpohor/Wassa East,Abukrom
Volta,Afadzato South,Abuife
Volta,Adaklu,Abuiata
Ashanti,Sekyere Afram Plains,Abuhura
Central,Abura/Asebu/Kwamankese,Abuenu
Bono East,Nkoranza North District,Bodom
Eastern,Lower Manya Krobo,Abudi
Eastern,Ayensuano,Abude
Eastern,West Akim,Abuchenso
Eastern,West Akim,Abuchen
Central,Agona East,Abuanu
Greater Accra,Ada West,Abuanokope
Central,Upper Denkyira East,Abuakwankwanta
Ashanti,Atwima Nwabiagya,Abuakwa
Ashanti,Amansie Central,Abuakwa
Central,Ekumfi,Ebuakwa
Volta,Adaklu,Abuadi
Savannah,Unknown,Abua
Western,Jomoro,Abua
Eastern,Yilo Krobo,Abua
Ashanti,Unknown,Abu
Ashanti,Asante Akim North,Abruwanfu
Savannah,Unknown,Abrusa
Ashanti,Afigya-Kwabre District,Abroma
Western North,Juaboso,Abrokofe
Central,Ajumako/Enyan/Essiam,Abrofoa
Ashanti,Sekyere Afram Plains,Abrofirim
Eastern,Ayensuano,Abrodiem
Western,Nzema East,Abrodiem
Ashanti,Asante Akim North,Abrodi
Western,Wassa Amenfi Central,Abrochiri
Central,Twifo Ati-Morkwa,Abrochire
Ashanti,Amansie Central,Abrobuesin
Central,Komenda/Edina/Eguafo/Abirem,Abrobcano
Eastern,Akuapim South,Abrimso
Eastern,Akuapim South,Abrim
Bono,Jaman South,Abibireso
Ashanti,Asante Akim South District,Abrewankaw
Ahafo,Tano North,Abrewakwa
Eastern,Akuapim North,Abresua
Western,Wassa Amenfi East,Abreshia
Central,Komenda/Edina/Eguafo/Abirem,Abreshia
Ahafo,Unknown,Abrense
Ashanti,Bosomtwe,Abremkese
Central,Komenda/Edina/Eguafo/Abirem,Abrem Agona
Ashanti,Asante Akim South District,Abrema
Greater Accra,Ga West,Ablekuma
Central,Gomoa West,Abrekum
Western North,Bibiani/Ahwiaso/Bekwai,Abrawkawfe
Western,Mpohor/Wassa East,Abrawdiwurem
Western,Prestea-Huni Valley,Abrasi
Ashanti,Ejura Sekyedumase,Abrantiyamawbaw
Central,Komenda/Edina/Eguafo/Abirem,Abransa
Ashanti,Sekyere South,Abrakaso
Central,Twifo Hemang Lower Denkyira,Abrafo
Eastern,Akyemansa,Abrade
Western,Ahanta West,Abora
Western,Wassa Amenfi Central,Abra
Central,Ajumako/Enyan/Essiam,Abowinim
Eastern,Kwahu South,Abowam
Eastern,Asuogyaman,Abotia
Eastern,Lower Manya Krobo,Abotia
Western North,Aowin/Suaman,Abotia
Eastern,Kwahu Afram Plains South,Abotia
Ashanti,Amansie Central,Abotendua
Central,Unknown,Abotansu
Ashanti,Ejura Sekyedumase,Abotang
Central,Awutu Senya,Abosumba
Central,Gomoa East,Aboso
Western,Prestea-Huni Valley,Aboso
Western,Prestea-Huni Valley,Abosem
Ashanti,Bosome Freho,Abosamso
Ashanti,Amansie West,Manso Abore
Central,Upper Denkyira West,Abora
Volta,Keta,Abor
Bono,Dormaa,Abonsrakro
Ashanti,Bosomtwe,Abonu
Central,Ajumako/Enyan/Essiam,Abontsa
Bono East,Nkoranza South,Abontiem
Western,Tarkwa Nsuaem,Abontiakun
Volta,Keta,Abonokofe
Central,Komenda/Edina/Eguafo/Abirem,Abonkwa
Central,Gomoa West,Abonku
Central,Mfatseman,Abonku
Ahafo,Unknown,Aboniyere Shelterbelt Forest Reserve
Ahafo,Unknown,Aboniyere
Central,Gomoa East,Aboni
Eastern,Kwahu Afram Plains South,Abon-Fo
Ashanti,Adansi North,Abomposo
Eastern,Fanteakwa,Abompe
Eastern,Kwaebibirem,Abompe
Eastern,Atiwa,Abomoso
Eastern,Asuogyaman,Abomisam
Greater Accra,Shai Osudoku District,Abominya
Eastern,Lower Manya Krobo,Abombanya
Eastern,Kwahu North,Abomasalafuo
Central,Asikuma/Odoben/Brakwa,Abomanso
Greater Accra,Ga East,Aboman
Eastern,Kwahu Afram Plains South,Aboma
Eastern,Akuapim North,Aboma
Volta,Keta,Abolave
Western,Unknown,Abokwa Island
Western,Wassa Amenfi West,Abokuasi
Western,Wassa Amenfi West,Abokokrom
Greater Accra,Ga East,Abokobi
Ashanti,Adansi South,Abojiemiye
Western,Wassa Amenfi East,Aboi
Western,Jomoro,Aboi
Eastern,Kwahu Afram Plains South,Abohwen
Oti,Biakoye,Abohire
Western,Tarkwa Nsuaem,Abohia
Greater Accra,Accra,Abofu
Ashanti,Atwima Mponua,Aboferem
Eastern,Birim South,Aboframfajwini
Ashanti,Offinso Municipal District,Abofour
Western,Shama,Aboesi
Western,Unknown,Abodyeri
Eastern,Birim North,Abodum
Eastern,Kwaebibirem,Abodum
Western North,Sefwi-Wiawso,Aboduem
Ashanti,Bekwai,Abodom
Ashanti,Amansie West,Abodom
Western,Mpohor/Wassa East,Abodom
Central,Agona West,Abodom
Ashanti,Bekwai,Abodinkrom
Ashanti,Sekyere Afram Plains,Abodiem
Ashanti,Ahafo Ano North,Abawdiem
Greater Accra,Ga West,Abochiman
Western,Secondi Takoradi,Abochikrom
Volta,North Tongu,Abochikope
Volta,Akatsi South,Abochigakope
Volta,North Tongu,Abobofovi
Western North,Aowin/Suaman,Aboboaso
Ashanti,Offinso Municipal District,Aboasua
Ashanti,Sekyere Afram Plains,Aboatinka
Ashanti,Unknown,Aboasu
Eastern,Upper Manya Krobo,Aboaso
Central,Abura/Asebu/Kwamankese,Aboasi
Central,Gomoa East,Aboansa
Central,Awutu Senya,Aboansa
Central,Ekumfi,Aboano
Western,Shama,Aboadi Point
Western,Shama,Aboadi
Western,Ahanta West,Aboadze
Eastern,Kwahu East,Aboachi
Ashanti,Amansie West,Aboaboso
Western,Wassa Amenfi East,Aboaboso
Ashanti,Kwabre District,Aboaso
Ashanti,Afigya-Kwabre District,Aboabogya
Bono,Dormaa,Aboabo Number Three
Ahafo,Unknown,Aboabo
Ashanti,Unknown,Aboabo
Western,Unknown,Aboabo
Bono,Wenchi,Aboabo
Bono East,Techiman Municipal District,Aboabo
Oti,Biakoye,Aboabo
Bono,Dormaa,Aboabo Number One
Bono,Dormaa,Aboabo Number Two
Ashanti,Atwima Nwabiagya,Aboabo
Eastern,Asuogyaman,Aboabo
Ashanti,Adansi North,Aboabo
Eastern,Yilo Krobo,Aboabo
Ashanti,Adansi South,Aboabo
Eastern,Ayensuano,Aboabo
Eastern,Birim Central,Aboabo
Eastern,Akuapim North,Aboabo
Eastern,Birim South,Aboabo
Central,Twifo Ati-Morkwa,Aboabo
Central,Agona West,Aboabo
Central,Assin South,Aboabo
Central,Komenda/Edina/Eguafo/Abirem,Aboabo
Eastern,Suhum/Kraboa/Coaltar,Aboabo
Western North,Aowin/Suaman,Aboabo
Western,Wassa Amenfi East,Abnabna
Volta,Adaklu,Ablonu
Eastern,Asuogyaman,Ablimen
Volta,South Tongu District,Ablibukope
Greater Accra,Shai Osudoku District,Ablevenia
Greater Accra,Accra,Ablemkpe
Greater Accra,Ledzekuku-Krowor,Ablekuma
Eastern,Upper West Akim,Ablefu
Greater Accra,Ga East,Ablajei
Western,Nzema East,Ablabo
Bono,Wenchi,Abitiboa
Eastern,West Akim,Abisim
Western,Jomoro,Abisi
Bono,Berekum,Abisasi
Eastern,Akuapim North,Abiriw
Eastern,Birim North,Abirem Odumasi
Ashanti,Kwabre District,Abirem
Western North,Aowin/Suaman,Abinkrom
Central,Assin South,Abin
Bono East,Techiman Municipal District,Abima
Upper East,Garu District,Abilatega
Western,Jomoro,Abilakpole
Greater Accra,Shai Osudoku District,Abiete
Ashanti,Sekyere Afram Plains,Abidimisebi
Ashanti,Sekyere East,Abibireso
Central,Ajumako/Enyan/Essiam,Abiadi Eshiem
Greater Accra,Shai Osudoku District,Abia
Upper East,Bawku West,Abeu
Ashanti,Asante Akim North,Abetinsu
Greater Accra,Ga South,Abetinso
Eastern,Asuogyaman,Abetinsi
Ashanti,Ejisu Juaben,Abetinm
Eastern,Kwahu East,Abetim
Eastern,Kwahu East,Abetifi
Ashanti,Bosomtwe,Abetensua
Eastern,Upper Manya Krobo,Abesre
Ashanti,Ahafo Ano South,Abesewa
Western,Wassa Amenfi West,Abesewa
Central,Ajumako/Enyan/Essiam,Aberesa
Eastern,Birim North,Aberem
Ashanti,Adansi South,Abepim
Eastern,Kwahu West,Abepawtia
Central,Ajumako/Enyan/Essiam,Abensia
Central,Mfatseman,Abenkrom
Western,Wassa Amenfi West,Abenia
Western North,Aowin/Suaman,Abema
Eastern,Kwahu East,Abene
Central,Twifo Hemang Lower Denkyira,Abene
Eastern,Kwaebibirem,Abenaso
Eastern,Akyemansa,Abenasi
Western,Prestea-Huni Valley,Sema Hoo
Western,Unknown,Abema
Ashanti,Adansi South,Abem
Upper East,Kassena Nankana West,Abulu
Ashanti,Asante Akim South District,Abekoasi
Greater Accra,Accra,Abeka
Central,Ekumfi,Abeka
Ashanti,Adansi North,Abedwum
Eastern,Ayensuano,Abehu
Volta,Hohoe,Abehenasi
Bono East,Pru,Abeasi
Eastern,Kwaebibirem,Abeam
Ashanti,Sekyere Central,Abayisua
Volta,Kpando,Abayeme
Ashanti,Unknown,Abawye
Eastern,Akyemansa,Abawso
Western,Wassa Amenfi East,Abawso
Eastern,Akuapim North,Abonse
Ashanti,Adansi North,Abawe
Bono East,Techiman Municipal District,Abuodeikro
Western,Mpohor/Wassa East,Abetemasu
Ashanti,Ahafo Ano South,Abasuapayin
Ashanti,Atwima Mponua,Abasuakuma
Ashanti,Sekyere Afram Plains,Abasi
Eastern,Asuogyaman,Abasi
Central,Assin North,Abasi
Western,Ahanta West,Abase
Central,Gomoa East,Abasa
Western,Wassa Amenfi East,Abasa
Western,Wassa Amenfi Central,Aberaden
Ashanti,Amansie Central,Mile Fourteen
Ashanti,Ejisu Juaben,Abankrom
Ashanti,Unknown,Abankro
Western North,Aowin/Suaman,Abankoakrom
Ashanti,Adansi North,Abankan
Ashanti,Ejisu Juaben,Abanasi
Central,Gomoa West,Abamkwam
Eastern,Upper West Akim,Abamkrom
Bono East,Atebubu-Amantin District,Abama
Ashanti,Asante Akim North,Abakwam
Central,Gomoa East,Abakwa
Central,Abura/Asebu/Kwamankese,Abakrampa
Volta,North Tongu,Abakle
Central,Komenda/Edina/Eguafo/Abirem,Abakanunkun
Central,Komenda/Edina/Eguafo/Abirem,Abakanu
Ashanti,Asante Akim South District,Abakabum
Central,Ajumako/Enyan/Essiam,Abaka
Central,Abura/Asebu/Kwamankese,Abaka
Upper East,Bongo District,Abagamia
Central,Mfatseman,Abadzi
Central,Assin South,Ababuom
Western,Wassa Amenfi Central,Ababum
Eastern,Upper West Akim,Ababio
Central,Ajumako/Enyan/Essiam,Abaasa
Volta,Hohoe,Todometo
Volta,Hohoe,Lokotrimi
Oti,Jasikan,Gbewoaya
Volta,Hohoe,Avegadje
Volta,Hohoe,Agumasato
Volta,Ketu North District,Tokpa
Volta,Ketu North District,Akanu
Volta,Ketu North District,Akpotoenu New Town
Volta,Ketu North District,Zukpe
Volta,Ketu North District,Tadzle
Volta,Ketu North District,Gbegbekope
Volta,Ketu North District,Gatsikope
Volta,Ketu South District,Darege
Volta,Ketu South District,Adedido
Volta,Ketu South District,Akporkploe
Volta,Ketu South District,Kpanu
Volta,Ketu South District,Awunu
Volta,Ketu South District,Betsima
Volta,Ketu South District,Avesive
Volta,Ketu South District,Larga
Volta,Ketu South District,Ahiamadikope
Volta,Ketu South District,Gedekope
Volta,Ketu South District,Amadzikope
Volta,Ketu South District,Musakope
Volta,Ketu South District,Avema
Volta,Ketu South District,Zogbe
Volta,Ketu South District,Ablekpui
Volta,Ketu South District,Gamadzra
Volta,Ketu South District,Gblefedo
Volta,Ketu South District,Adidotoe
Volta,Ketu South District,Golokope
Volta,Ketu South District,Agbosokope
Volta,Ketu South District,Ablamuzadu
Volta,Ketu South District,Adidokope
Volta,Ketu South District,Kabutukope
Volta,Ketu South District,Lakluivikope
Volta,Ketu South District,Atsukope
Volta,Ketu South District,Sodzisikope
Volta,Ketu South District,Avakorme
Volta,Ketu South District,Ataglokope
Volta,Ketu South District,Dzablikope
Volta,Ketu South District,Togodo
Volta,Ketu South District,Vudome
Volta,Ketu South District,Avelagbe
Volta,Ketu South District,Kpotsikope
Volta,Ketu South District,Hesuworkope
Volta,Ketu South District,Agblakope
Volta,Ketu South District,Atsivuta
Volta,Ketu South District,Amefinu
Volta,Ketu South District,Glidza
Volta,Ketu South District,Avata
Volta,Ketu South District,Tsavanya
Volta,Ketu South District,Datekope
Volta,Ketu South District,Tasikome
Volta,Ketu South District,Sikor
Volta,Ketu South District,Sonuto
Volta,Ketu South District,Wutortsikope
Volta,Ketu South District,Adinamonu
Volta,Ketu South District,Agbimenyihiakope
Volta,Unknown,Dzeheko
Volta,Unknown,Nordidzi
Volta,Unknown,Salakope
Volta,Ketu South District,Okaladzi
Volta,Ketu South District,Nyame Agbogbome
Volta,Ketu South District,Kpordorve
Volta,Ketu South District,Lotakor
Volta,Ketu South District,Adzapakope
Western,Ahanta West,Ntakrom
Western,Ahanta West,Mpanyinansa
Western,Nzema East,Egyan
Western,Tarkwa Nsuaem,Anasam
Western,Ellembelle,Akutuebo
Western,Ellembelle,Kamiakrom
Western,Nzema East,Isakuro
Bono,Dormaa West,Yawkurom
Bono,Dormaa West,Tikolikrom
Greater Accra,Ada East,Ada
Northern,Sagnerigu,Tamale Airport
Upper East,Kassena Nankana,Navrongo Airport
Upper West,Wa,Wa Airport
Northern,Yendi,Yendi Airport
Ashanti,Asokore Mampong Municipal,Kumasi Airport
Bono,Sunyani,Sunyani Airport
Bono,Wenchi,Wenchi
Western,Secondi Takoradi,Takoradi Airport
Western,Nzema East,Axim
Greater Accra,Accra,Golden Tulip Accra
Greater Accra,Accra,Novotel Accra City Centre
Greater Accra,Accra,Fiesta Royale Hotel
Greater Accra,Accra,Earlbeam Hotel
Greater Accra,Accra,Black Star Square
Greater Accra,Accra,Accra Sports Stadium
Greater Accra,Accra,Ericsson Ghana
Volta,Unknown,Tagbo Falls
Greater Accra,Accra,Larterbiokorshie
Greater Accra,Accra,Mataheko
Greater Accra,Accra,Abossey Okai
Greater Accra,Unknown,Gbegbe St
Greater Accra,Accra,Korle Gonno
Greater Accra,Accra,Mamprobi
Central,Abura/Asebu/Kwamankese,Amosima
Ashanti,Sekyere East,Effiduase
Ashanti,Asokore Mampong Municipal,Asawasi
Ashanti,Kumasi,North Suntreso
Bono East,Kintampo South District,Apesika
Central,Cape Coast,Cape Coast Town Hall
Western North,Suaman,Bronikrom
Ashanti,Kumasi,Danyame
Upper West,Nadowli,Nadowli
Upper West,Sissala West,Sissala West
Upper West,Wa East,Wa East
Upper West,Wa West,Wa West
Upper West,Sissala East,Sissala East
Upper East,Talensi-Nabdam,Talensi-Nabdam
Upper East,Garu District,Garu District
Upper East,North Builsa District,North Builsa District
Upper East,Bongo District,Bongo District
Northern,Nanumba South,Nanumba South
Northern,Nanumba North,Nanumba North
Savannah,Sawla-Tuna-Kalba,Sawla-Tuna-Kalba
Upper East,Bawku West,Bawku West
North East,Bunkpurugu Nakpanduri District,Bunkpurugu Nakpanduri District
Northern,Gushiegu,Gushiegu
Northern,Kpandai,Kpandai
Savannah,East Gonja,East Gonja
Oti,Nkwanta North,Nkwanta North
Oti,Nkwanta South,Nkwanta South
Bono East,Pru,Pru
Bono East,Sene,Sene
Oti,Krachi East,Krachi East
Oti,Krachi West,Krachi West
Bono East,Nkoranza North District,Nkoranza North District
Central,Assin South,Assin South
Central,Twifo Hemang Lower Denkyira,Twifo Hemang Lower Denkyira
Ashanti,Sekyere Afram Plains,Sekyere Afram Plains
Central,Unknown,Upper Denkyira
Western,Ellembelle,Ellembelle
Greater Accra,Unknown,Dangme East District
Eastern,Atiwa,Atiwa
Upper West,Lambussie Karni,Lambussie Karni
Bono,Jaman North,Drobo
Eastern,Asuogyaman,Atimpoku
Eastern,Birim North,New Abirem
Central,Upper Denkyira East,Akim Swedru
Eastern,Kwahu North,Donkorkrom
Greater Accra,Adenta,Adenta
Western North,Sefwi Akontobra,Sefwi Akontombra
Central,Abura/Asebu/Kwamankese,Abura/Asebu/Kwamankese
Volta,Unknown,Adaklu-Anyigbe
Ashanti,Adansi North,Adansi North
Ashanti,Adansi South,Adansi South
Ashanti,Afigya-Kwabre District,Afigya-Kwabre District
Central,Agona East,Agona East
Central,Agona West,Agona West
Ashanti,Ahafo Ano North,Ahafo Ano North
Ashanti,Ahafo Ano South,Ahafo Ano South
Western,Ahanta West,Ahanta West
Central,Ajumako/Enyan/Essiam,Ajumako/Enyan/Essiam
Volta,Akatsi District,Akatsi District
Eastern,Akuapim North,Akuapim North
Eastern,Akuapim South,Akuapim South
Eastern,Akyemansa,Akyemansa
Ashanti,Amansie Central,Amansie Central
Ashanti,Amansie West,Amansie West
Western North,Aowin/Suaman,Aowin/Suaman
Ashanti,Asante Akim North,Asante Akim North
Ashanti,Asante Akim South District,Asante Akim South District
Central,Asikuma/Odoben/Brakwa,Asikuma/Odoben/Brakwa
Central,Assin North,Assin North
Ahafo,Asunafo North,Asunafo North
Ahafo,Asunafo South,Asunafo South
Eastern,Asuogyaman,Asuogyaman
Ahafo,Asutifi,Asutifi
Ashanti,Atwima Kwanwoma,Atwima Kwanwoma
Ashanti,Atwima Mponua,Atwima Mponua
Ashanti,Atwima Nwabiagya,Atwima Nwabiagya
Central,Awutu Senya,Awutu Senya
Western North,Bia,Bia
Oti,Biakoye,Biakoye
Western North,Bibiani/Ahwiaso/Bekwai,Bibiani/Ahwiaso/Bekwai
Eastern,Birim Central,Birim Central
Eastern,Birim North,Birim North
Eastern,Birim South,Birim South
Upper East,Bolgatanga Municipal District,Bolgatanga Municipal District
Ashanti,Bosome Freho,Bosome Freho
Ashanti,Bosomtwe,Bosomtwe
Savannah,Central Gonja,Central Gonja
Greater Accra,Shai Osudoku District,Shai Osudoku District
Bono,Dormaa,Dormaa
Bono,Dormaa East,Dormaa East
Eastern,East Akim,East Akim
North East,East Mamprusi,East Mamprusi
Central,Effutu,Effutu
Ashanti,Ejisu Juaben,Ejisu Juaben
Ashanti,Ejura Sekyedumase,Ejura Sekyedumase
Eastern,Fanteakwa,Fanteakwa
Greater Accra,Ga East,Ga East
Greater Accra,Ga West,Ga West
Central,Gomoa East,Gomoa East
Central,Gomoa West,Gomoa West
Bono,Jaman North,Jaman North
Bono,Jaman South,Jaman South
Western,Jomoro,Jomoro
Western North,Juaboso,Juaboso
Upper East,Kassena Nankana,Kassena Nankana
Volta,Ketu North District,Ketu North District
Volta,Ketu South District,Ketu South District
Bono East,Kintampo North Municipal District,Kintampo North Municipal District
Bono East,Kintampo South District,Kintampo South District
Central,Komenda/Edina/Eguafo/Abirem,Komenda/Edina/Eguafo/Abirem
Volta,Kpando,Kpando
Ashanti,Kwabre District,Kwabre District
Eastern,Kwaebibirem,Kwaebibirem
Eastern,Kwahu East,Kwahu East
Eastern,Kwahu North,Kwahu North
Eastern,Kwahu West,Kwahu West
Eastern,Kwahu South,Kwahu South
Greater Accra,Ledzekuku-Krowor,Ledzekuku-Krowor
Eastern,Lower Manya Krobo,Lower Manya Krobo
Central,Mfatseman,Mfatseman
Western,Mpohor/Wassa East,Mpohor/Wassa East
Eastern,New Juaben,New Juaben
Bono East,Nkoranza South,Nkoranza South
Volta,North Tongu,North Tongu
Western,Nzema East,Nzema East
Ashanti,Obuasi,Obuasi
Ashanti,Offinso North,Offinso North
Western,Prestea-Huni Valley,Prestea-Huni Valley
Northern,Savelugu Municipal District,Savelugu Municipal District
Western,Secondi Takoradi,Secondi Takoradi
Western North,Sefwi Akontobra,Sefwi Akontobra
Western North,Sefwi-Wiawso,Sefwi-Wiawso
Ashanti,Sekyere Central,Sekyere Central
Ashanti,Sekyere East,Sekyere East
Ashanti,Sekyere South,Sekyere South
Volta,South Dayi,South Dayi
Volta,South Tongu District,South Tongu District
Eastern,Suhum/Kraboa/Coaltar,Suhum/Kraboa/Coaltar
Bono,Sunyani West,Sunyani West
Bono,Tain,Tain
Ahafo,Tano North,Tano North
Ahafo,Tano South,Tano South
Western,Tarkwa Nsuaem,Tarkwa Nsuaem
Bono East,Techiman Municipal District,Techiman Municipal District
Greater Accra,Tema Metropolitan District,Tema Metropolitan District
Northern,Tolon District,Tolon District
Central,Upper Denkyira East,Upper Denkyira East
Central,Upper Denkyira West,Upper Denkyira West
Eastern,Upper Manya Krobo,Upper Manya Krobo
Western,Wassa Amenfi East,Wassa Amenfi East
Western,Wassa Amenfi West,Wassa Amenfi West
Eastern,West Akim,West Akim
Savannah,West Gonja,West Gonja
North East,West Mamprusi,West Mamprusi
Eastern,Yilo Krobo,Yilo Krobo
Northern,Zabzugu District,Zabzugu District
Upper West,Unknown,Gbele Game Reserve
Savannah,Central Gonja,Fufulso
Greater Accra,Unknown,Awoshie Road
Greater Accra,Accra,Accra International Conference Center
Savannah,Bole,Bui Dam
Greater Accra,Ga South,Mallam
Eastern,Kwahu Afram Plains South,Forifori
Western,Prestea-Huni Valley,Bagoso
Oti,Biakoye,Nkonya Wurapon
Northern,Unknown,Oti River Basin
Oti,Nkwanta South,Kumbi
Greater Accra,Accra,Trade Center
Greater Accra,Accra,Cantonments
Greater Accra,Accra,North Labone Estate
Greater Accra,Accra,Apapa
Greater Accra,Accra,South La Estate
Greater Accra,Accra,Nyaniba Estates
Greater Accra,Accra,Osu
Greater Accra,Accra,Ringway Estate
Greater Accra,Accra,Victoriaborg
Greater Accra,Accra,Tudu
Greater Accra,Accra,Ministries
Greater Accra,Accra,Asylum Down
Greater Accra,Accra,Kanda Estate
Greater Accra,Accra,Kotobabi
Greater Accra,Accra,Pig Farm
Greater Accra,Accra,Roman Bridge
Greater Accra,Accra,Airport Residential Area
Greater Accra,Accra,Dzorwulu Residential Area
Greater Accra,Accra,East Dzorwulu Residential Area
Greater Accra,Accra,North Dzorwulu Residential Area
Greater Accra,Ga East,Parakuo Estates
Greater Accra,Ga West,Algoboshie
Greater Accra,Accra,University of Ghana
Greater Accra,Accra,Airport Hills Residential Area
Greater Accra,Ledzekuku-Krowor,Industrial Area
Greater Accra,Tema Metropolitan District,Spintex Road
Greater Accra,Tema Metropolitan District,Addogonno
Greater Accra,Ledzekuku-Krowor,Teshie Manheam
Greater Accra,Ledzekuku-Krowor,Buade
Greater Accra,Ledzekuku-Krowor,Greda Estates
Greater Accra,Accra,Darkuman
Greater Accra,Accra,New Fadema
Greater Accra,Accra,Official Town
Greater Accra,Ga West,Santa Maria
Greater Accra,Ga West,Niiboye Town
Greater Accra,Accra,Jamestown
Greater Accra,Accra,Korle Dudor
Greater Accra,Accra,South Industrial Area
Greater Accra,Accra,Sodom and Gomorah
Greater Accra,Accra,Korle Lagoon Area
Greater Accra,Accra,Korle Bu Hospital
Greater Accra,Accra,Chorkor
Greater Accra,Accra,Old Damsoman
Greater Accra,Accra,Banana Inn
Greater Accra,Accra,New Russia
Greater Accra,Accra,Sabon Zongo
Greater Accra,Accra,Awoshi
Greater Accra,Accra,Kaneshie
Greater Accra,Accra,Awudome Estate
Greater Accra,Accra,North Industrial Area
Greater Accra,Accra,North Kaneshie
Greater Accra,Accra,Bubiashie
Greater Accra,Accra,North Ridge
Greater Accra,Accra,East Ridge
Greater Accra,Accra,West Ridge
Greater Accra,Accra,Apenkwa
Ashanti,Kwabre District,Mamponteng
Greater Accra,Accra,Accra Central
Greater Accra,Accra,Accra New Town
Greater Accra,Accra,Achimota Forest
Greater Accra,Ga West,New Achimota
Greater Accra,Accra,West Legon Residential
Greater Accra,Accra,East Legon Residential Area
Greater Accra,Unknown,Nungua Old Town
Greater Accra,Accra,New Mamprobi
Greater Accra,Accra,Lartebiokorshi
Central,Ekumfi,Emmisano
Central,Ekumfi,Potwabin
Central,Komenda/Edina/Eguafo/Abirem,Castelo de São Jorge da Mina
Western,Wassa Amenfi East,Wassa-Akropong
Northern,Tamale,Nyohini
Central,Assin South,Assin Manso
Bono East,Nkoranza South,Odumase Krobo
Greater Accra,Ada East,Ada Kasseh
Ashanti,Amansie West,Pakyi No. 2
Western,Secondi Takoradi,Bonsu Nkwata
Western,Secondi Takoradi,Bonsu Nkwanta
Central,Twifo Ati-Morkwa,Twifo Agona
Bono East,Techiman North District,Twimia Nkwanta
Central,Awutu Senya,Awutu Breku
Oti,Nkwanta North,Domanko
Volta,South Tongu District,Agordome
Western,Unknown,Shama Ahanta East Metropolitan District
Bono East,Pru,Sawaba
Eastern,Akuapim North,Larteh
Greater Accra,Shai Osudoku District,Yilo Korbo
Bono East,Atebubu-Amantin District,Atebubu-Amantin District
Upper East,Kassena Nankana West,Kassena Nankana West
Greater Accra,Accra,Holiday Inn Accra Airport
Greater Accra,Accra,African Royal Beach Hotel
Greater Accra,Ledzekuku-Krowor,Ramada Resort Accra Coco Beach
Greater Accra,Accra,Labadi Beach
Western,Secondi Takoradi,Best Western Atlantic Hotel
Greater Accra,Ga East,White Bells Hotel
Greater Accra,Accra,Tropical Enclave Hotel
Greater Accra,Accra,Royal Richester
Greater Accra,Accra,Royal Nick Hotel
Greater Accra,Accra,Pink International Hostel
Greater Accra,Accra,Oak Plaza Hotel
Greater Accra,Accra,Midindi Hotel
Greater Accra,Accra,Mensvic Grand Hotel
Greater Accra,Accra,Maxlot Hotel
Greater Accra,Accra,La Villa Boutique Hotel
Greater Accra,Accra,Eastgate Hotel
Greater Accra,Accra,Asa Royal Hotel
Ashanti,Kumasi,Golden Tulip Kumasi City
Greater Accra,Accra,Kempinski Hotel Gold Coast Cityaccra
Greater Accra,Adenta,The Aknac Hotel
Greater Accra,Accra,Highgate Hotel
Greater Accra,Adenta,Forestgate Hotel
Central,Komenda/Edina/Eguafo/Abirem,Elmina Beach Resort
Central,Komenda/Edina/Eguafo/Abirem,Coconut Grove Beach Resort
Greater Accra,Accra,The African Regent Hotel
Greater Accra,Accra,La Palm Royal Beach Hotel
Greater Accra,Accra,Alisa Hotels
Greater Accra,Accra,Bw Premier Accra Airport Hotel
Greater Accra,Accra,Movenpick Ambassador Hotel Accra
Central,Cape Coast,Hans Cottage Botel
Greater Accra,Accra,Hansonic
Greater Accra,Accra,Best Western Premier Accra Airport Hotel
Greater Accra,Accra,Moevenpick Ambassador Hotel Ac
Greater Accra,Ga East,Pebble Pine Hotel
Ashanti,Kumasi,Sir Max Hotel
Greater Accra,Accra,Oriental Hotel Osu
Greater Accra,Accra,Palom Hotel Ring Road Central
Greater Accra,Ga East,North Legon
Greater Accra,Accra,Fiesta Residences Summit Hotels and Resorts
Upper East,Bawku Municipal District,Bawku Municipal District
Upper East,Binduri District,Binduri District
Upper West,Daffiama Bussie Issa District,Daffiama Bussie Issa District
North East,Mamprugo Moaduri District,Mamprugo Moaduri District
Greater Accra,Accra,Coconut Grove Regency
Greater Accra,Accra,Best Western Permier Accra Airport
Volta,Unknown,Kyabobo National Park
Greater Accra,Ga South,Ga South
Greater Accra,Ga Central Municipal Assembly,Ga Central Municipal Assembly
Western,Unknown,Boin Tano Forest Reserve
Western,Unknown,Dadieso Forest Reserve
Ashanti,Kumasi,Kwame Nkrumah University of Science and Technology
Northern,Tamale,Tamale Stadium
Western,Shama,Sekondi-Takoradi Stadium
Eastern,East Akim,New Tafo Akyem
Central,Asikuma/Odoben/Brakwa,Breman Asikuma
Northern,Sagnerigu,Sakasaka
Western,Unknown,Jema-Asemkrom Forest Reserve
Greater Accra,Accra,Tulip Inn Accra
Greater Accra,Ledzekuku-Krowor,Greda Estate
Greater Accra,Accra,Ghana Technology University College
Greater Accra,Accra,Ghana-India Kofi Annan Centre of Excellence in ICT
Greater Accra,Ledzekuku-Krowor,Kofi Annan International Peacekeeping Training Centre
Greater Accra,Adenta,Ashaley Botwe
Ashanti,Ahafo Ano South,Hwibaa
Ashanti,Kumasi,Aboabo
Ashanti,Kumasi,Asokwa
Eastern,Akuapim South,Pokrom Nsabaa
Greater Accra,Ga East,Haatso
Greater Accra,Ga South,Anyaa
Western,Secondi Takoradi,East Tanokrom
Bono,Sunyani West,Abesim
Ashanti,Offinso Municipal District,Offinso Municipal District
Western,Secondi Takoradi,Effia Kuma
Central,Ekumfi,Esakyir
Western,Jomoro,Nzulezo
Greater Accra,Tema Metropolitan District,Tema Community Four
Western,Secondi Takoradi,Bakaekyir
Ashanti,Kumasi,Sepe
Greater Accra,Tema Metropolitan District,Tema New Town
Greater Accra,Tema Metropolitan District,Tema Community 3
Eastern,Kwahu West,Odumase Krobo
Ashanti,Kumasi,Tarkwa-Maakro
Ashanti,Kumasi,Dichemso
Greater Accra,Ledzekuku-Krowor,Okpoi Gonno
Oti,Nkwanta North,Kpasa
Greater Accra,Ga East,Comet Estate
Central,Assin North,Assin Kushea
Western,Ellembelle,Bawio
Ashanti,Kumasi,Manhyia
Greater Accra,Accra,Odorkor
Greater Accra,Tema Metropolitan District,Tema Community 2
Western,Secondi Takoradi,Takoradi Port
Ashanti,Ahafo Ano South,Adugyama
Ashanti,Unknown,Apatrapa
Western,Secondi Takoradi,Essipon
Upper East,Bawku West,Boggo
Volta,Ketu South District,Ahlongan
Volta,Ketu South District,Vodja
Greater Accra,Tema Metropolitan District,Community 9
Eastern,Akuapim North,Kwamoso
Greater Accra,Ga East,Kwabenya
Ashanti,Kumasi,Komfo Anokye Teaching Hospital
Greater Accra,Accra,The Flagstaff house
Greater Accra,Ashaiman,Lashibi
Ashanti,Bosomtwe,Onwe
Ashanti,Kumasi,Amakom
Ashanti,Kumasi,Oduom
Oti,Nkwanta South,Kpassa
Central,Twifo Ati-Morkwa,Assin Foso
Greater Accra,Tema Metropolitan District,Tema Community Seven
Volta,North Tongu,Juapong
Eastern,Yilo Krobo,Nkurakan
Northern,Sagnerigu,Kalpohin Estates
Savannah,Sawla-Tuna-Kalba,Tibung
Greater Accra,Tema Metropolitan District,Tema Community 12
Greater Accra,Ga East,Ashongman
Ashanti,Kumasi,Baba Yara Stadium
Greater Accra,Accra,Burma Hall
Greater Accra,Accra,Korle Bu Teaching Hospital
Eastern,Akuapim South,Peduase Lodge
Greater Accra,Accra,Ghana Red Cross Society
Greater Accra,Accra,Karle-Bu Teaching Hospital
Western North,Aowin/Suaman,Ofankor
Greater Accra,Unknown,Apetensu
Greater Accra,Ga South,Kurabi
Greater Accra,Unknown,Kombla
Greater Accra,Ga South,Otaten
Greater Accra,Unknown,Akutiaku
Greater Accra,Ga South,Kweku Panfo
Greater Accra,Unknown,Kyiribra
Central,Unknown,Ayeresu
Greater Accra,Unknown,Asuobiri
Greater Accra,Ga South,Besease
Greater Accra,Ga South,Mayera
Greater Accra,Ga South,Gyatoman
Greater Accra,Ga South,Obudakyire
Greater Accra,Ga South,Obeman
Greater Accra,Ga South,Ningoman
Greater Accra,Ga South,Katakaman
Greater Accra,Ga South,Okoman
Central,Awutu Senya,Mankumeda
Central,Awutu Senya,Yamoa
Central,Awutu Senya,Larbi
Central,Awutu Senya,Papase Number One
Central,Awutu Senya,Atukpui
Central,Awutu Senya East Municipal,Adwinhuhia
Central,Awutu Senya,Abro Nkwanta
Central,Awutu Senya East Municipal,Oklunkwanta
Central,Awutu Senya East Municipal,Kwadwo-Gada
Central,Awutu Senya East Municipal,Bletum
Central,Unknown,Minaekua
Central,Awutu Senya East Municipal,Akwele Nkwanta
Central,Unknown,Apeasu
Central,Gomoa East,Nyame Nadum
Central,Gomoa East,Fete Kakraba
Central,Gomoa East,Bantama
Central,Unknown,Okurudu
Greater Accra,Ga South,Omankope
Greater Accra,Ga South,Anotema
Greater Accra,Ga South,Oklu
Greater Accra,Ga South,Onyawonso
Greater Accra,Ga South,Agbon
Greater Accra,Unknown,Tsetsebula
Greater Accra,Unknown,Opinti
Greater Accra,Unknown,Kpowo
Greater Accra,Unknown,Tatwi
Greater Accra,Ga South,Hobor
Greater Accra,Ga South,Bukor
Greater Accra,Ga South,Akutuase
Greater Accra,Ga South,Obuom
Greater Accra,Ga South,Asifura
Greater Accra,Ga West,Kudamakope
Greater Accra,Ga West,Ayitekoto
Greater Accra,Ga West,Koteman
Greater Accra,Ga West,Nii-Aboman
Greater Accra,Ga West,Adaman
Greater Accra,Ga West,Kwasikumaman
Greater Accra,Unknown,Ntafrata
Greater Accra,Ga South,Konkon
Central,Unknown,Budubura
Greater Accra,Ga West,Painoklu
Greater Accra,Ga South,Alafai
Greater Accra,Unknown,Banka
Greater Accra,Unknown,Tenko
Greater Accra,Ga South,Galuluya
Greater Accra,Ga South,Tuba
Greater Accra,Ga South,New Tetegbu
Greater Accra,Unknown,Lake Naye
Greater Accra,Ga South,Jaman
Greater Accra,Unknown,Bawere
Greater Accra,Unknown,Yomo
Greater Accra,Ga West,Oduman
Greater Accra,Ga West,Olobu
Greater Accra,Unknown,Badwo
Greater Accra,Ga West,Abehenease
Greater Accra,Ga West,Toman
Greater Accra,Ga West,Agbon Number One
Greater Accra,Unknown,Kwasi Lonto
Greater Accra,Ga West,Akoto
Greater Accra,Ga West,Katakpo
Greater Accra,Ga West,Osofoman
Greater Accra,Unknown,Bukpo
Greater Accra,Unknown,Afibu
Greater Accra,Ga West,Kodwo Goku
Greater Accra,Ga West,Shikpantele
Greater Accra,Unknown,Oboakosua
Greater Accra,Ga West,Akyiato
Greater Accra,Ga West,Nsunfa
Greater Accra,Ga South,Malam Quarry
Greater Accra,Ga South,Mendskrom
Greater Accra,Unknown,Kyemu
Central,Unknown,Anafro
Greater Accra,Ga South,Wiejoshi
Greater Accra,Ga South,Kle
Greater Accra,Ga South,Sakumo
Greater Accra,Ga West,Bobomase
Greater Accra,Ga West,Sowutuom
Greater Accra,Ga South,Kokroko
Greater Accra,Accra,Chuim
Greater Accra,Accra,Sakaman
Greater Accra,Accra,Jonkobri
Greater Accra,Accra,Damba
Western,Unknown,Esui
Western,Unknown,Ajukwa
Western,Unknown,Nanwa
Western,Unknown,Awuku
Western,Unknown,Dudukwei
Western,Unknown,Panpan
Western,Unknown,Nyaye
Western,Unknown,Tika
Western,Unknown,Ayelga
Western,Unknown,Bongare
Western,Nzema East,Awukyere Nkwanta
Western,Nzema East,Menyihiazo
Western,Unknown,Mbema
Western,Unknown,Emakuro
Western,Unknown,Awodwonzule
Western,Nzema East,Awiasuazo
Western,Unknown,Awangazule
Western,Nzema East,Weurobo
Western,Unknown,Ahumen
Western,Ahanta West,Alabiza
Western,Ahanta West,Duani
Western,Ahanta West,Nsutagyina
Western,Unknown,Ehunli
Western,Nzema East,Axim Castle
Western,Ahanta West,Kake
Western,Unknown,Dawuronto
Western,Nzema East,Ekwansuazo
Western,Nzema East,Edelesuazo
Western,Unknown,Nyani
Western,Ahanta West,Tsibo
Western,Ahanta West,A. Lang
Western,Unknown,Kpangwani
Western,Ahanta West,Aboadwisuazo
Western,Ahanta West,Amukan
Western,Ahanta West,Kowokrom
Western,Unknown,Adara
Western,Ahanta West,Nyamebekyere
Western,Unknown,Bezi
Western,Unknown,Nakroba
Western,Ahanta West,Akodaa Fort
Western,Unknown,Apusire
Western,Unknown,Dangati
Western,Unknown,Yeresuro
Western,Ahanta West,Morrison Nkwanta
Western,Tarkwa Nsuaem,Morrison
Western,Unknown,Fanfi
Western,Unknown,Mamawiri
Western,Unknown,Awasan
Western,Nzema East,Amanboadiu
Western,Unknown,Ausiri
Western,Unknown,Asantiboni
Western,Unknown,Buruga
Western,Unknown,Nanade
Western,Unknown,Alengasuri
Western,Nzema East,Nkubem
Western,Unknown,Erazule
Western,Unknown,Kadabasua
Western,Unknown,Apua
Western,Unknown,Wuruwuru
Western,Unknown,Abosaka
Western,Unknown,Buaban
Western,Unknown,Ebure
Western,Unknown,Auransini
Western,Unknown,Mokaw
Western,Unknown,Nvintabaka
Western,Unknown,Aguniesuri
Western,Unknown,Junia
Western,Unknown,Anwiafuta
Western,Nzema East,Ahunyame
Western,Unknown,Aiyinabune
Western,Unknown,Anyin
Western,Unknown,Anga Aka
Western,Unknown,Esiasu
Western,Unknown,Enyabaka
Western,Unknown,Duasim
Western,Unknown,Anibre
Western,Unknown,Adubo
Western,Unknown,Enikawkaw
Western,Unknown,Sukusuku
Western,Unknown,Bakebre
Western,Unknown,Adakasuri
Western,Unknown,Ndejibaka
Western,Tarkwa Nsuaem,Atasi
Western,Unknown,Makro
Western,Unknown,Susa Asani
Western,Unknown,Kasaw
Western,Unknown,Nyabiri
Western,Ahanta West,Atabasi
Western,Unknown,Batim
Western,Unknown,Wurovani
Western,Unknown,Dumasi
Western,Unknown,Tibu
Western,Nzema East,Axim Waterworks
Western,Ahanta West,Anyaame
Western,Nzema East,Dikrom
Western,Unknown,Deni
Western,Unknown,Anshwere
Western,Unknown,Abusiensu
Western,Unknown,Bosumkra
Western,Unknown,Angoben
Western,Unknown,Ache
Western,Unknown,Akautaucheri
Western,Unknown,Subin
Western,Unknown,Ahuro
Western,Unknown,Mpontong
Western,Unknown,Adosu
Western,Unknown,Sutri
Western,Unknown,Akwa
Western,Unknown,Tufoi
Western,Unknown,Ouhinanwi
Western,Unknown,Asune
Western,Unknown,Mprempre
Western,Wassa Amenfi East,Ankwaoso
Western,Unknown,Ekuafa
Western,Unknown,Sen
Western,Unknown,Nkokonima
Western,Unknown,Abani
Western,Unknown,Mpre
Western,Unknown,Nsankau
Western,Wassa Amenfi East,Sankaso
Western,Wassa Amenfi East,Adeemmra
Western,Unknown,Enifufu
Western,Unknown,Supang
Western,Unknown,Ampontinanaa
Western,Unknown,Wurom
Western,Unknown,Anwasu
Western,Wassa Amenfi Central,Heman
Western,Unknown,Anhwiafutu
Western,Wassa Amenfi East,Subiriso
Western,Unknown,Krupa
Western,Wassa Amenfi East,Wasa Kumawu
Western,Wassa Amenfi East,Mameso
Western,Unknown,Aburantum
Western,Wassa Amenfi East,Sofokrom
Western,Unknown,Adwininyede
Western,Unknown,Anhwire
Western,Unknown,Baafra
Western,Wassa Amenfi East,Dadeeso Number Two
Western,Wassa Amenfi East,Papayebre
Western,Unknown,Wotadum
Western,Unknown,Akani
Western,Unknown,Ntentu
Western,Unknown,Kwakyiawura
Western,Unknown,Nhumanhuma
Western,Unknown,Brnuawura
Western,Unknown,Akai
Western,Unknown,Santaura
Western,Unknown,Brubrain
Western,Unknown,Enuensu
Western,Unknown,Kwatisianwia
Western,Unknown,Kukrakrukru
Western,Unknown,Abren
Western,Unknown,Asuamfo
Western,Unknown,Ajima
Ashanti,Atwima Mponua,Apopawso
Western North,Bibiani/Ahwiaso/Bekwai,Apampa
Ashanti,Unknown,Apenamdi
Ashanti,Amansie West,Trontre
Ashanti,Atwima Mponua,Yafokrom
Ashanti,Unknown,Akromanfao
Ashanti,Atwima Mponua,Kwajobenekrom
Ashanti,Atwima Mponua,Wawasi
Ashanti,Atwima Mponua,Bosie
Ashanti,Unknown,Esumtwibaw
Ashanti,Atwima Mponua,Mosikrom
Ashanti,Unknown,Same
Ashanti,Atwima Mponua,Samso
Ashanti,Atwima Mponua,Jakawsua
Ashanti,Atwima Mponua,Nyetina
Ashanti,Unknown,Dane
Ashanti,Unknown,Juri
Ashanti,Unknown,Chentia
Ashanti,Atwima Mponua,Murokrom
Ashanti,Unknown,Nwuso Nwusua
Ashanti,Amansie West,Pokukrom
Ashanti,Atwima Mponua,Ewukuasi
Ashanti,Amansie West,Dakranu
Ashanti,Amansie West,Kwamitawiakrom
Ashanti,Amansie West,Bwajua
Ashanti,Amansie West,Ejuniasi
Ashanti,Unknown,Edubia
Ashanti,Amansie West,Akatasi
Ashanti,Amansie West,Betinko
Ashanti,Amansie West,Nyedesekrom
Ashanti,Unknown,Menkwao
Ashanti,Amansie West,Kofikrakrom
Ashanti,Unknown,Basapo
Ashanti,Amansie West,Anyabi Amoame
Ashanti,Amansie West,Eduntia
Ashanti,Amansie West,Aduprimensakrom
Ashanti,Amansie West,Adupri
Ashanti,Amansie West,Nyamisenadi
Ashanti,Unknown,Ampofrago
Ashanti,Unknown,Kobi
Ashanti,Amansie West,Kodajwen
Ashanti,Amansie West,Suntio
Central,Upper Denkyira West,Ayiem
Central,Upper Denkyira West,Nchinkawso
Central,Upper Denkyira West,Plaso
Ashanti,Amansie West,Abrekua
Ashanti,Unknown,Ahinsu
Ashanti,Unknown,Asikantia
Ashanti,Atwima Mponua,Yaw Manu Kurom
Ashanti,Atwima Mponua,Kufuo Camp
Ashanti,Atwima Mponua,Sunkwa
Ashanti,Atwima Mponua,Kensakurom
Western North,Bibiani/Ahwiaso/Bekwai,Nakaba
Ashanti,Atwima Mponua,Kwamekurom
Western North,Bibiani/Ahwiaso/Bekwai,Basindere
Ashanti,Atwima Mponua,Buasikurom
Ashanti,Atwima Mponua,Fawuanyiwhe
Western North,Bibiani/Ahwiaso/Bekwai,Aniantintem
Western North,Bibiani/Ahwiaso/Bekwai,Nframakurom
Ashanti,Atwima Mponua,Bayerebon Number Two
Western,Unknown,Nkokoni
Ashanti,Atwima Mponua,Bayerebon Number One
Western North,Bibiani/Ahwiaso/Bekwai,Namburo
Western North,Bibiani/Ahwiaso/Bekwai,Domeabra
Western North,Bibiani/Ahwiaso/Bekwai,Bahyirenworo
Western North,Bibiani/Ahwiaso/Bekwai,Bukasa
Western North,Bibiani/Ahwiaso/Bekwai,Aboabo
Western,Unknown,Apampa
Ashanti,Atwima Mponua,Nyamekyekurom
Ashanti,Atwima Mponua,Bayerebon Number Three
Ashanti,Atwima Mponua,Domeabra
Ashanti,Atwima Mponua,Kakatre
Ashanti,Unknown,Anhwiafutu
Ashanti,Atwima Mponua,Kodwofodwokurom
Ashanti,Atwima Mponua,Bayerebon Number Four
Western,Unknown,Muoho
Ashanti,Atwima Mponua,Bayerebon Number Five
Ashanti,Atwima Mponua,Tawiakurom
Ashanti,Atwima Mponua,Okyirekurom
Ashanti,Atwima Mponua,Acquakurom
Ashanti,Atwima Mponua,Yaw Nsiakurom
Ashanti,Unknown,Nobenobe
Ashanti,Atwima Mponua,Bayirebon Dodowa
Ashanti,Atwima Mponua,Kramokurom Medina
Ashanti,Atwima Mponua,Kobinanyantekyikura
Ashanti,Atwima Mponua,Koakpablikurom
Ashanti,Atwima Mponua,Nyame Ye Hene
Ashanti,Atwima Mponua,Agoronamepekurom
Ashanti,Atwima Mponua,Kojo Mensa Kurom
Ashanti,Unknown,Asuokofi
Ashanti,Amansie West,Bayerebon Number Six
Ashanti,Amansie West,Bayerebon Number Seven
Ashanti,Amansie West,Nkwantabisakurom
Ashanti,Unknown,Tihunti
Ashanti,Amansie West,Nnipankyeremia
Ashanti,Amansie West,Pekyi
Western,Unknown,Amamuasu
Ashanti,Amansie West,Hiayeanisa
Ashanti,Amansie West,Nyamebekyere
Ashanti,Amansie West,Fantikurom
Central,Upper Denkyira West,Nkronua Anafu
Western North,Bibiani/Ahwiaso/Bekwai,Adeekurom
Ashanti,Amansie West,Edwenase
Ashanti,Unknown,Asratuasu
Ashanti,Unknown,Asuontem
Ashanti,Amansie West,Asumegya
Ashanti,Unknown,Asare
Ashanti,Atwima Mponua,Kwakuadeekurom
Ashanti,Atwima Mponua,Adwediekurom
Ashanti,Atwima Mponua,Kobenakumakurom
Ashanti,Atwima Mponua,Afipaye
Ashanti,Unknown,Asamoawura
Ashanti,Unknown,Asuntum
Ashanti,Unknown,Wurakese
Ashanti,Amansie West,Gyagyatreso
Ashanti,Amansie West,Fahiakobo
Ashanti,Amansie West,Nfakanfahu
Ashanti,Amansie West,Kobriso
Ashanti,Unknown,Dawusa
Ashanti,Amansie West,Kwankyiabo
Ashanti,Amansie West,Esienkyiem
Ashanti,Unknown,Wuramumu
Central,Unknown,Kwayebua
Central,Upper Denkyira West,Aburi
Central,Upper Denkyira West,Amoaman
Central,Upper Denkyira West,Pewodee
Central,Upper Denkyira West,Mepease
Central,Upper Denkyira West,Nkoransa
Central,Upper Denkyira West,Fananyami
Central,Upper Denkyira West,Buga
Central,Upper Denkyira West,Tafo
Ashanti,Unknown,Nkasu
Ashanti,Atwima Mponua,Oseiyaokrom
Ashanti,Atwima Mponua,Chusikrom
Ashanti,Atwima Mponua,Nkwadum
Ashanti,Unknown,Dansoa
Ashanti,Atwima Mponua,Anichirebo
Ashanti,Atwima Mponua,Kwachikrom
Ashanti,Atwima Mponua,Akromanfao
Ashanti,Atwima Mponua,Dansoa
Ashanti,Atwima Mponua,Kwajojesikrom
Ashanti,Atwima Mponua,Akawso
Ashanti,Atwima Mponua,Mawhu
Western North,Bibiani/Ahwiaso/Bekwai,Kwamintikrom
Ashanti,Atwima Mponua,Yaotanokrom
Western North,Bibiani/Ahwiaso/Bekwai,Kwajoakakrom
Ashanti,Atwima Mponua,Kwanchikrom
Western North,Bibiani/Ahwiaso/Bekwai,Kwajokukrom
Western North,Bibiani/Ahwiaso/Bekwai,Ampenkuro
Western North,Bibiani/Ahwiaso/Bekwai,Trakwa Akurasi
Western,Unknown,Amamadai
Western,Unknown,Amu
Western North,Bibiani/Ahwiaso/Bekwai,Behiangure
Western North,Bibiani/Ahwiaso/Bekwai,Boaso
Central,Unknown,Sumtwitwi Forest Reserve
Western North,Bibiani/Ahwiaso/Bekwai,Sumtwitwi
Western,Unknown,Abo
Central,Upper Denkyira West,Betriham
Western North,Bibiani/Ahwiaso/Bekwai,Echien
Ashanti,Amansie West,Abawkwasikrom
Ashanti,Amansie West,Ahiresu
Ashanti,Amansie West,Amamuasi
Ashanti,Amansie West,Basapo
Ashanti,Atwima Mponua,Kwasiatinokrom
Ashanti,Amansie West,Abakoasi
Ashanti,Atwima Mponua,Achiso
Ashanti,Unknown,Achisu
Ashanti,Atwima Mponua,Bofaso
Ashanti,Atwima Mponua,Adukrom
Ashanti,Atwima Mponua,Nsunyamiye
Ashanti,Unknown,Worakese
Ashanti,Atwima Mponua,Nplani
Ashanti,Unknown,Kwamensa
Ashanti,Atwima Mponua,Akwaboso
Ashanti,Atwima Mponua,Adosuaja
Ashanti,Atwima Mponua,Atwenya
Ashanti,Atwima Mponua,Ahinkro
Ashanti,Atwima Mponua,Nyinahinanafo
Ashanti,Atwima Mponua,Ntobrosonkwanta
Ashanti,Atwima Mponua,Nyinahin Krofonso
Ashanti,Atwima Mponua,Edupri
Ashanti,Atwima Mponua,Nyamibechere
Ashanti,Atwima Mponua,Ahahinkro
Ashanti,Atwima Mponua,Yaobosumpimkrom
Ashanti,Atwima Mponua,Boachekrom
Ashanti,Atwima Mponua,Akadum
Ashanti,Atwima Mponua,Pontin
Ashanti,Atwima Mponua,Asuadai
Ashanti,Atwima Mponua,Kusiapaw
Ashanti,Atwima Mponua,Abronkasi
Ashanti,Atwima Mponua,Nyinahinmu
Ashanti,Atwima Mponua,Yawtiakrom
Ashanti,Atwima Mponua,Apunapunaso
Ashanti,Atwima Mponua,Sadiasua
Ashanti,Atwima Mponua,Ntobrosonkwata
Ashanti,Atwima Mponua,Nyinahintifi
Ashanti,Atwima Mponua,Tadieso
Ashanti,Atwima Mponua,Kawkawtiasua
Ashanti,Atwima Mponua,Kwanware
Ashanti,Atwima Mponua,Boboaso
Ashanti,Atwima Mponua,Nchenchem
Ashanti,Unknown,Adiri
Ashanti,Atwima Mponua,Jenfikrom
Ashanti,Atwima Mponua,Afoduom
Ashanti,Atwima Mponua,Bepotifikuma
Ashanti,Atwima Mponua,Abaisua
Ashanti,Atwima Mponua,Nsisrem
Ashanti,Atwima Mponua,Bepotifi
Ashanti,Atwima Mponua,Kwamiesi
Ashanti,Atwima Mponua,Minimuruso
Ashanti,Atwima Mponua,Nchinchimso
Ashanti,Atwima Mponua,Kwakubuokrom
Ashanti,Atwima Mponua,Atakrom
Ashanti,Atwima Mponua,Ntatiem
Ashanti,Atwima Mponua,Ohianiyonkuo
Ashanti,Atwima Mponua,Adansi
Ashanti,Atwima Mponua,Ampenkro
Ashanti,Atwima Mponua,Dwenwohu
Ashanti,Atwima Mponua,Nobesu
Ashanti,Atwima Mponua,Agogoso
Ashanti,Atwima Mponua,Pewudie
Ashanti,Atwima Mponua,Kwasiyawkrom
Ashanti,Atwima Mponua,Antwiadjeikrom
Ashanti,Atwima Mponua,Asuaja
Ashanti,Atwima Mponua,Pambuokrom
Ashanti,Atwima Mponua,Adiriso
Ashanti,Atwima Mponua,Mawanimbre
Ashanti,Unknown,Ayisisukma
Ashanti,Unknown,Atronsua
Ashanti,Unknown,Nkroma
Ashanti,Unknown,Adobewora
Ashanti,Unknown,Ntatiasu
Ashanti,Atwima Mponua,Akomfori
Ashanti,Unknown,Chinchim
Ashanti,Unknown,Aburokwa
Ashanti,Unknown,Ango
Ashanti,Ahafo Ano South,Ango
Ashanti,Ahafo Ano South,Dotiem
Ashanti,Ahafo Ano South,Sikaneasem
Ashanti,Ahafo Ano South,Akyease
Ashanti,Ahafo Ano South,Kotrata
Ashanti,Unknown,Gyensukuma
Ashanti,Unknown,Otuasua
Ashanti,Ahafo Ano South,Gyensukuma
Ashanti,Ahafo Ano South,Akyikon
Ashanti,Unknown,Disrikuma
Ashanti,Unknown,Siseko
Ashanti,Unknown,Aboahrobo
Ashanti,Unknown,Kawtinton
Ashanti,Atwima Mponua,Krobo
Ashanti,Unknown,Apampramisu
Ashanti,Atwima Mponua,Awisesu
Ashanti,Unknown,Apampramisukuma
Ashanti,Unknown,Kra
Ashanti,Unknown,Bofa
Ashanti,Unknown,Kyiraya
Ashanti,Atwima Mponua,Pemuso
Ashanti,Atwima Mponua,Mantem
Ashanti,Atwima Mponua,Bofraso
Ashanti,Atwima Mponua,Twinasikurom
Ashanti,Unknown,Ahaninsu
Ashanti,Unknown,Akyesu
Ashanti,Unknown,Asenanyo River Forest Reserve
Ashanti,Unknown,Ntonko
Ashanti,Atwima Mponua,Baaneekurom
Ashanti,Atwima Mponua,Otaapanyinkurom
Ashanti,Atwima Mponua,Onyamebekyere
Ashanti,Atwima Mponua,Krakyekurom
Ashanti,Atwima Mponua,Kofintikurom
Ashanti,Atwima Mponua,Nagore-Beposo
Ashanti,Atwima Mponua,Bodiekurom
Ashanti,Atwima Mponua,Nagore
Ashanti,Atwima Mponua,Oforikurom
Ashanti,Atwima Mponua,Owusukurom
Ashanti,Atwima Mponua,Akwaboraso
Ashanti,Atwima Mponua,Nyamebekyere
Ashanti,Atwima Mponua,Adupiri
Ashanti,Unknown,Meduasu
Ashanti,Atwima Mponua,Akorabuokurom
Ashanti,Unknown,Atwenya
Ashanti,Atwima Mponua,Datanokurom
Ashanti,Unknown,Adosu
Ashanti,Unknown,Fodiasua
Ashanti,Unknown,Nyinahin
Ashanti,Unknown,Kyirikyin
Ashanti,Unknown,Menua
Ashanti,Unknown,Pronapon
Ashanti,Unknown,Asuadai
Ashanti,Unknown,Kusiapaw
Ashanti,Atwima Mponua,Yawbarimakar
Ashanti,Atwima Mponua,Kwame Mensakurom
Ashanti,Atwima Mponua,Kofidarkurom
Ashanti,Atwima Mponua,Akomeakurom
Ashanti,Atwima Mponua,Drebeku
Ashanti,Unknown,Kaw Kawnasua
Ashanti,Unknown,Boboa
Ashanti,Atwima Mponua,Baakonniaba
Ashanti,Atwima Mponua,Gyatokurom
Ashanti,Unknown,Medidua
Ashanti,Atwima Mponua,Sebekurom
Ashanti,Atwima Mponua,Kwasiananekurom
Ashanti,Atwima Mponua,Asamoakurom
Ashanti,Atwima Mponua,Kwako-Kurukurom
Ashanti,Unknown,Kunkusu
Ashanti,Unknown,Akan Tansu
Ashanti,Unknown,Kwakusu
Ashanti,Unknown,Apenimadi
Ashanti,Unknown,Kyinkyim
Ashanti,Atwima Mponua,Nnwerem
Ashanti,Atwima Mponua,Ataso
Ashanti,Atwima Mponua,Kyekyemso Number One
Ashanti,Unknown,Hwintado
Ashanti,Unknown,Panwi
Ashanti,Atwima Mponua,Boatenkurom
Ashanti,Atwima Mponua,Botireampa
Ashanti,Atwima Mponua,Mpanwe
Ashanti,Unknown,Bantena
Ashanti,Atwima Mponua,Nykenkemso Number Three
Ashanti,Atwima Mponua,Kofimanukurom
Ashanti,Unknown,Asunkwatia
Ashanti,Unknown,Worwaw
Ashanti,Unknown,Bakasuno
Ashanti,Atwima Mponua,Asibenkwanta
Ashanti,Atwima Mponua,Bantena
Ashanti,Unknown,Nyinasim
Ashanti,Atwima Mponua,Adumasa
Ashanti,Atwima Mponua,Adukrobone
Ashanti,Unknown,Kawpoku
Ashanti,Unknown,Enikawkaw
Ashanti,Unknown,Apesika
Ashanti,Atwima Mponua,Nyameye Adom
Ashanti,Unknown,Ahintu
Ashanti,Unknown,Gyeni
Ashanti,Unknown,Pumpui
Ashanti,Unknown,Akwabo
Ashanti,Ahafo Ano South,Jensokuma
Ashanti,Atwima Mponua,Apampramiso
Ashanti,Atwima Mponua,Nkodum
Ashanti,Atwima Mponua,Siseko
Ashanti,Atwima Mponua,Krahu
Ashanti,Atwima Mponua,Nframanjo
Ashanti,Atwima Mponua,Atasi
Ashanti,Atwima Mponua,Akokrom Bepo
Ashanti,Atwima Mponua,Akokrom
Ashanti,Atwima Mponua,Ankamam
Ashanti,Atwima Mponua,Pamunuso
Ashanti,Atwima Mponua,Kofikumakrom
Ashanti,Unknown,Esuoadei
Savannah,Bole,Tanyire
Northern,Unknown,Pale
Savannah,Bole,Buge
Savannah,Bole,Wabili
Savannah,Bole,Kolontoyire
Northern,Unknown,Gbungbun
Savannah,Bole,Talanyene
Savannah,Bole,Walensi
Savannah,Bole,Batawu
Northern,Unknown,Kulble
Savannah,Bole,Nsuna
Savannah,Bole,Chappa
Savannah,Bole,Jatakrom
Savannah,Bole,Mepeasam
Savannah,Bole,Kpanayire
Northern,Unknown,Gual
Savannah,Bole,Horiyire
Savannah,Bole,Kapayire
Savannah,Bole,Tomlyire
Savannah,Bole,Gonto
Savannah,Bole,Danabayire
Savannah,Sawla-Tuna-Kalba,Sombayiri
Savannah,Sawla-Tuna-Kalba,Lewuriyili
Savannah,Sawla-Tuna-Kalba,Bariteng
Savannah,Sawla-Tuna-Kalba,Kohiniyiri
Savannah,Sawla-Tuna-Kalba,Doarayiri
Savannah,Sawla-Tuna-Kalba,Chechiriyiri
Savannah,Sawla-Tuna-Kalba,Tontonyiri
Savannah,Sawla-Tuna-Kalba,Jinavori
Savannah,Sawla-Tuna-Kalba,Gbarikaryiri
Savannah,Sawla-Tuna-Kalba,Gbiniyiri
Savannah,Sawla-Tuna-Kalba,Bundi
Savannah,Sawla-Tuna-Kalba,Korle
Savannah,Sawla-Tuna-Kalba,Daliyiri
Savannah,Sawla-Tuna-Kalba,Yiriteyiri
Savannah,Sawla-Tuna-Kalba,Gondo
Savannah,Sawla-Tuna-Kalba,Gbunkuyiri
Savannah,Sawla-Tuna-Kalba,Donayiri
Savannah,Sawla-Tuna-Kalba,Bajureyiri
Savannah,Sawla-Tuna-Kalba,Baboriyiri
Savannah,Sawla-Tuna-Kalba,Sidayiri
Northern,Unknown,Sida
Savannah,Sawla-Tuna-Kalba,Tilayiri
Savannah,Sawla-Tuna-Kalba,Lorigbe
Savannah,Sawla-Tuna-Kalba,Nufiyiri
Savannah,Sawla-Tuna-Kalba,Doliyiri
Savannah,Sawla-Tuna-Kalba,Batemayiri
Savannah,Sawla-Tuna-Kalba,Tanyun
Savannah,Sawla-Tuna-Kalba,Dameyiri
Savannah,Sawla-Tuna-Kalba,Sonoyiri
Savannah,Sawla-Tuna-Kalba,Meka
Upper West,Nadowli,Bampana
Upper West,Nadowli,Meguo
Upper West,Nadowli,Montare
Upper West,Unknown,Siroba
Upper West,Nadowli,Kolpeni
Upper West,Nadowli,Bayalaw
Upper West,Nadowli,Selewo
Upper West,Wa West,Sanse
Upper West,Nadowli,Nili
Upper West,Unknown,Nandong
Upper West,Nadowli,Butele
Upper West,Wa West,Bulituo
Upper West,Wa West,Sukpare
Upper West,Wa West,Eggu
Upper West,Wa West,Dabozie
Upper West,Wa West,Tandabori
Upper West,Wa West,Kukpale
Upper West,Wa West,Tamare
Upper West,Wa West,Doli
Upper West,Wa West,Kolomuu
Upper West,Wa West,Konduoli
Upper West,Wa West,Guahe
Upper West,Wa West,Pase
Upper West,Wa West,Pasele
Upper West,Wa West,Dontanga
Upper West,Wa West,Domowa
Upper West,Wa West,Donkori
Upper West,Wa West,Nyose
Upper West,Wa West,Gbache
Upper West,Wa West,Guru-Nore
Upper West,Wa West,Nyagle
Upper West,Wa West,Asse
Upper West,Wa West,Zogli
Upper West,Wa West,Sela
Upper West,Wa West,Duasi
Upper West,Wa West,Charibile
Upper West,Nadowli,Nyimbale
Upper West,Nadowli,Guare
Upper West,Nadowli,Parpiani
Upper West,Nadowli,Samaligu
Upper West,Unknown,Gbale
Upper West,Nadowli,Kpaale
Upper West,Unknown,Konyabaa
Upper West,Nadowli,Bodole
Upper West,Nadowli,Loho
Upper West,Wa,Jingu
Upper West,Unknown,Bele
Upper West,Wa,Gberu
Upper West,Wa,Anhiwienu
Upper West,Wa,Sambo
Upper West,Wa,Kpaguri
Upper West,Wa,Duuli
Upper West,Wa,Konbiahe
Upper West,Nadowli,Kaleo Hill
Upper West,Nadowli,Bo
Upper West,Nadowli,Nyoglo
Upper West,Jirapa,Nambogo
Upper West,Jirapa,Podule
Upper West,Jirapa,Tansire
Upper West,Jirapa,Tanbore
Upper West,Jirapa,Bekpong
Upper West,Nadowli,Musama
Upper West,Nadowli,Pazia
Upper West,Nadowli,Kpanyang
Upper West,Nadowli,Kpayenga
Upper West,Nadowli,Nawuli
Upper West,Nadowli,Konkonpare
Upper West,Nadowli,Damba
Upper West,Nadowli,Tachiripie
Upper West,Nadowli,Masamo
Upper West,Nadowli,Gbierun
Upper West,Unknown,Yaala
Upper West,Nadowli,Zomachiri
Upper West,Nadowli,Dasi
Upper West,Nadowli,Domi
Upper West,Nadowli,Kontare
Upper West,Nadowli,Karbogu
Upper West,Nadowli,Kulukulu
Upper West,Nadowli,Natordori
Upper West,Nadowli,Goli
Upper West,Nadowli,Kantua
Upper West,Nadowli,Voggoni
Upper West,Nadowli,Dowiri
Upper West,Unknown,Kulupelo
Upper West,Nadowli,Junkakala
Upper West,Nadowli,Daa
Upper West,Daffiama Bussie Issa District,Kunzokola
Upper West,Nadowli,Goziri
Upper West,Nadowli,Bamkpongyili
Upper West,Jirapa,Tampaala
Upper West,Jirapa,Sekpayiri
Upper West,Daffiama Bussie Issa District,Wogbare
Upper West,Daffiama Bussie Issa District,Karne
Upper West,Daffiama Bussie Issa District,Votuori
Upper West,Daffiama Bussie Issa District,Dachea
Upper West,Daffiama Bussie Issa District,Bakpa
Upper West,Daffiama Bussie Issa District,Talagona
Upper West,Daffiama Bussie Issa District,Piliniri
Upper West,Daffiama Bussie Issa District,Wolo
Upper West,Nadowli,Bili
Upper West,Unknown,Duonganba
Upper West,Nadowli,Pireh
Upper West,Nadowli,Kango
Upper West,Nadowli,Gule
Upper West,Lawra,Baazing
Upper West,Lambussie Karni,Zomara
Upper West,Lambussie Karni,Iziri
Upper West,Jirapa,Sambieyiri
Upper West,Jirapa,Kane
Upper West,Jirapa,Konpol
Upper West,Jirapa,Nibar
Upper West,Jirapa,Nyenvaari
Upper West,Jirapa,Timpahie
Upper West,Jirapa,Kunzokala
Upper West,Jirapa,Koni
Upper West,Jirapa,Zokpanyiri
Upper West,Jirapa,Zage
Upper West,Jirapa,Wambal-yiri
Upper West,Jirapa,Saint Francis Secondary School
Upper West,Jirapa,Katang
Upper West,Jirapa,Zoor
Upper West,Jirapa,Kuukyeni
Upper West,Jirapa,Tangzu
Upper West,Jirapa,Zimpeni
Upper West,Jirapa,Vinving
Upper West,Lambussie Karni,Tayaguri
Upper West,Jirapa,Mwofo
Upper West,Jirapa,Ulogosu
Upper West,Unknown,Sumkpulo
Upper West,Jirapa,Ulokpong
Upper West,Jirapa,Zaguo
Upper West,Jirapa,Burbor
Upper West,Lawra,Ko
Upper West,Unknown,Nazia
Upper West,Sissala West,Gaper
Upper West,Sissala West,Nimoro
Upper West,Sissala West,Muosiyiri
Upper West,Sissala West,Chaparisi
Upper West,Sissala West,Kuochuuri
Upper West,Lambussie Karni,Dahile
Upper West,Lambussie Karni,Lambuo
Upper West,Lambussie Karni,Nabala
Upper West,Unknown,Bangwon-Barwo Forest Reserve
Upper West,Lambussie Karni,Nyango
Upper West,Nandom,Nandomkpee
Upper West,Lambussie Karni,Dambolteng
Upper West,Lambussie Karni,Kohuo
Upper West,Lambussie Karni,Kubing
Upper West,Lambussie Karni,Kanfori
Upper West,Nandom,Bilegangn
Upper West,Nandom,Karkar Plantation
Upper West,Lambussie Karni,Ketu
Upper West,Lambussie Karni,Kucha
Upper West,Nandom,Ko
Upper West,Lambussie Karni,Sentu
Upper West,Lawra,Nyugbule
Upper West,Nandom,Buko
Upper West,Nandom,Tokuo
Upper West,Lambussie Karni,Girigana
Upper West,Lambussie Karni,Kokoligu
Upper West,Lambussie Karni,Gbingbala
Upper West,Lambussie Karni,Lieberi-yiri
Upper West,Lambussie Karni,Gagni
Upper West,Lambussie Karni,Gberkuo
Upper West,Lambussie Karni,Bule
Upper West,Lambussie Karni,Kadiligu
Upper West,Lambussie Karni,Hiineteng
Upper West,Unknown,Chunuoba
Upper West,Lambussie Karni,Chunuogagn
Upper West,Sissala West,Kankanduoli
Upper West,Lambussie Karni,Dende
Upper West,Lambussie Karni,Bunkpal
Upper West,Unknown,Kamba Forest Reserve
Upper West,Lambussie Karni,Senna
Upper West,Lambussie Karni,Kongo
Upper West,Unknown,Polli Forest Reserve
Upper West,Lambussie Karni,Tapomo
Upper West,Nandom,Ko Mission
Western,Jomoro,Buakwaw
Western,Unknown,Ehuletile
Western,Jomoro,Ebembe Kpokezo
Western,Jomoro,Keyiwabo
Western,Unknown,Kafodi
Western,Unknown,Metika
Western,Unknown,Amanzule
Western,Unknown,Epokeazule
Western,Unknown,Anwiane-Anluonu
Western,Jomoro,Awiane Ahonozo
Western,Unknown,Kelapinli
Western,Unknown,Ekpuekyi
Western,Unknown,Ewulezule
Western,Unknown,Kwafubombo
Western,Unknown,Benviti
Western,Unknown,Ahobrenum
Western,Jomoro,Abotarye
Western,Jomoro,Bokakole Nkwanta
Western,Unknown,Enwule
Western,Unknown,Avenu
Western,Unknown,Ebobre
Western,Unknown,Chirabini
Western,Jomoro,Ngumaswaso
Western,Unknown,Nkasamba
Western,Unknown,Boatini
Western North,Aowin/Suaman,Nyamebekyere Number One
Western North,Aowin/Suaman,Dabiasem
Western North,Aowin/Suaman,Andokrom
Western North,Aowin/Suaman,Amoyaw
Western North,Aowin/Suaman,Anwea-Nkwanta
Western North,Aowin/Suaman,Akontomera-Nkwanta
Western North,Aowin/Suaman,Mawoabammu
Western North,Aowin/Suaman,Nnanokrom
Western North,Aowin/Suaman,Akuraakan
Western North,Aowin/Suaman,Osei-Curve Kesem
Western North,Aowin/Suaman,Nnsonyameye
Western North,Sefwi Akontobra,Kwakyirikrom
Western North,Sefwi Akontobra,Tandokrom
Western North,Aowin/Suaman,Antakyikrom
Western North,Aowin/Suaman,Yebre
Western North,Aowin/Suaman,Biamkrom
Western North,Aowin/Suaman,Tekyiman
Western North,Aowin/Suaman,Susan
Western North,Aowin/Suaman,Ngoakrom
Western North,Aowin/Suaman,Esuakrom
Western North,Aowin/Suaman,Boatenkrom
Western North,Aowin/Suaman,Enkyefokrom
Western North,Aowin/Suaman,ATP Camp
Western,Unknown,Aniagyie
Western,Unknown,Sumanden
Western,Unknown,Komkomanagi
Western,Unknown,Akuaberebuin
Western North,Aowin/Suaman,Sergantkrom
Western North,Aowin/Suaman,Baribato
Western North,Aowin/Suaman,Sakodiekrom
Western North,Aowin/Suaman,Oponkrom
Western North,Aowin/Suaman,Anofrokrom
Western North,Aowin/Suaman,Boadukrom
Western North,Aowin/Suaman,Baafokrom
Western North,Aowin/Suaman,Ahwiete
Western North,Aowin/Suaman,Donkor
Western North,Aowin/Suaman,Amoani
Western North,Aowin/Suaman,Mawukrom
Western North,Aowin/Suaman,Gyankrom
Western North,Aowin/Suaman,Apiakrom Number Two
Western North,Aowin/Suaman,Apiakrom Number One
Western,Unknown,Mpeasem
Western North,Aowin/Suaman,New Yakase
Western North,Aowin/Suaman,Fahiakotwe
Western North,Aowin/Suaman,Dawuda
Western,Unknown,Amiasue
Western North,Aowin/Suaman,Boahene
Western,Unknown,Bekyiakro
Western North,Aowin/Suaman,Abotarye Number One
Western,Unknown,Asuakro
Western North,Aowin/Suaman,Asuaakro Number One
Western North,Aowin/Suaman,Sunkwa
Western North,Aowin/Suaman,Nyameakrom
Western North,Aowin/Suaman,Krokro
Western,Unknown,Moseasu
Western North,Aowin/Suaman,Perimabuka
Western North,Aowin/Suaman,Ayibi
Western,Unknown,Kwohosu
Western,Unknown,Kukrukukru
Western,Unknown,Suhama
Western,Unknown,Ankamasu
Western North,Sefwi Akontobra,Kabiasue
Western North,Aowin/Suaman,Periso
Western,Unknown,Aura
Western,Unknown,Ahemasua
Western North,Aowin/Suaman,Twimasikrom
Western North,Aowin/Suaman,Kwasikojokrom
Western North,Aowin/Suaman,Ponkwakrom
Western North,Aowin/Suaman,Njachikrom
Western,Unknown,Asuafu
Western,Unknown,Danyame
Western,Unknown,Anobe
Western North,Aowin/Suaman,Kojokrom
Western,Unknown,Krokrukra
Western North,Aowin/Suaman,Asue
Western North,Aowin/Suaman,Nkrumakrom
Western North,Aowin/Suaman,Asuaakro
Western North,Unknown,Atiemu
Western,Unknown,Ebenebon
Western,Unknown,Odeifuo
Western North,Bodi,Besease
Western,Unknown,Asofi
Western,Unknown,Adoe
Western,Unknown,Asuaadei
Western,Unknown,Asaman
Western,Unknown,Enoku
Western,Unknown,Abosomakwesi
Western North,Bodi,Nkotoroso
Western,Unknown,Note
Western North,Bodi,Tumentu
Western North,Bodi,Ekuraakese
Western North,Bodi,Tunfuokrom
Western,Unknown,Asuaabena
Western North,Bodi,Senkore
Western North,Bodi,Bokabo
Western,Unknown,Kuekye
Western North,Suaman,Ohiampeanika
Western North,Suaman,Egyeikrom
Western,Unknown,Yaamuasue
Western North,Bodi,Mempeasem
Western,Unknown,Mmronsansu
Western,Unknown,Asuaba
Western,Unknown,Kobinabikromnsu
Western North,Sefwi Akontobra,Fawoman
Western,Unknown,Prosonsu
Western North,Sefwi Akontobra,Aburanahia
Western North,Suaman,Yawbikrom
Western North,Suaman,Kofi Dwira
Western North,Aowin/Suaman,Manhyia
Western North,Suaman,Asempanaye
Western North,Suaman,Yaw Mensakrom
Western North,Suaman,New Kintampo
Western North,Suaman,Onipa Ye De
Western North,Suaman,Awuku
Western North,Suaman,Look Yours
Western North,Suaman,Kofi Sika
Western North,Suaman,Onipa Hia Mmoa
Western North,Suaman,Yeboakrom
Western,Unknown,Akontobra
Western North,Sefwi Akontobra,Nkra
Western North,Sefwi Akontobra,Danyaase
Western North,Bodi,Nyamiaso
Western North,Bodi,Apiminim
Western North,Bodi,Adahwikrom
Western North,Bodi,Edukrom
Western North,Bodi,Adisei
Western North,Suaman,Beherenwire
Western North,Bodi,Dwiebu
Western North,Suaman,Kawkrokrom
Western North,Suaman,Ndorekrom
Western North,Suaman,Ataekukrom
Western North,Suaman,Makwabu
Western North,Bodi,Kwakudonkawkrom
Western North,Sefwi Akontobra,Monekrom
Western,Unknown,Abombosue
Western North,Suaman,Akakrom
Western,Unknown,Apresu
Western North,Sefwi Akontobra,Timbo
Western North,Suaman,Besuaferekrom
Western North,Suaman,Domwabu
Western North,Suaman,Punukrom
Western North,Suaman,Kobnabikrom
Western North,Suaman,Kwaminkranakrom
Western North,Suaman,Kwandahokrom
Western North,Suaman,Ajeikrom
Western North,Sefwi Akontobra,Anwiafutu
Western North,Sefwi Akontobra,Fanoma
Western North,Suaman,Afukakrom
Western North,Suaman,Kafodidi
Western North,Aowin/Suaman,Kwadubo
Western North,Aowin/Suaman,Kojonikrom
Western North,Aowin/Suaman,Amakukrom
Western North,Aowin/Suaman,Isuisu
Western North,Sefwi Akontobra,Yatribikrom
Western North,Sefwi Akontobra,Kwesikrom
Western North,Suaman,Kobirekrom
Western North,Sefwi Akontobra,Aiaboso
Western North,Sefwi Akontobra,Aniafutu
Western,Unknown,Aniafutu
Western North,Sefwi Akontobra,Nkumkrom
Western North,Sefwi Akontobra,Kwakukrom
Western North,Sefwi Akontobra,Kofikwahakrom
Western North,Sefwi Akontobra,Bombosian
Western North,Sefwi Akontobra,Chirimadeada
Western North,Sefwi Akontobra,Chirato
Western North,Bodi,Aniafatu
Western North,Bodi,Fihiankobaw
Western,Unknown,Kabe
Western,Unknown,Koni
Western North,Sefwi Akontobra,Taukwamkrom
Western North,Sefwi Akontobra,Kojoamwakrom
Western North,Sefwi Akontobra,Kadoafere
Western North,Sefwi Akontobra,Kofiowusukrom
Western North,Bodi,Bumaso
Western North,Sefwi Akontobra,Kwasitanokrom
Western North,Sefwi Akontobra,Kofiehikrom
Western North,Sefwi Akontobra,Sapokrom
Western North,Bodi,Ahikrom
Western,Unknown,Akaseku
Western North,Bodi,Esiembosuma
Western North,Bodi,Nsisiem
Western,Unknown,Kofi
Western North,Sefwi Akontobra,Akuakrom
Western North,Bodi,Damtikrom
Western North,Bodi,Kwaminkwakrom
Western North,Bodi,Kojoahikrom
Western,Unknown,Ajewia
Western North,Bodi,Yaoapimasukrom
Western North,Bodi,Yaojabinkrom
Western,Unknown,Supri
Western North,Bodi,Mpeasem
Western North,Bodi,Pokukrom
Western North,Bodi,Kwesincha
Western North,Bodi,Kofinkwakrom
Western,Unknown,Benumsu
Western North,Bodi,Kojousakrom
Western North,Bodi,Diumbo
Western,Unknown,Yayasa
Western North,Bodi,Esuanta
Western North,Bodi,Kwakochikrom
Western North,Bodi,Aniafutu
Western North,Bodi,Yayaso
Western North,Bodi,Sumprikrom
Western North,Bodi,Kokon
Western,Unknown,Ntresua
Western North,Bodi,Nteresia
Western North,Bodi,Andotoya
Western North,Bodi,Kokobonimasu
Western North,Bodi,Kantiabo
Western North,Bodi,Adienchin
Western,Unknown,Asuade
Western North,Bodi,Asuade
Western North,Bodi,Asiembosuno
Western North,Bodi,Akakrom
Western North,Bodi,Dwihebu
Western North,Bodi,Aiem Aiem
Western North,Bodi,Suajri
Western North,Sefwi Akontobra,Kwasikrom
Western,Unknown,Eyobri
Western North,Sefwi Akontobra,Probon
Western North,Sefwi Akontobra,Kwamikrom
Western North,Sefwi Akontobra,Kwabinakrom
Western,Unknown,Moayeiasue
Western,Unknown,Dodoabo
Western,Unknown,Kutusu
Western,Unknown,Memia
Western,Unknown,Achuisu
Upper West,Wa West,Talawona
Savannah,Sawla-Tuna-Kalba,Wonachiyiri
Bono,Dormaa,Benekwakukurom
Bono,Dormaa,Ahogono
Bono,Dormaa,Chemreso
Bono,Dormaa West,Yerusalem
Bono,Dormaa West,Adwenpanaye
Bono,Dormaa West,Bethleham
Bono,Dormaa West,Sunkwanansuade
Bono,Dormaa West,Nyamebekyere
Bono,Dormaa West,Kwasiananekurom
Bono,Dormaa West,Kwabenakrakurom
Bono,Dormaa West,Ndubem
Bono,Dormaa West,Bredi Number Two
Bono,Dormaa West,Kwabenatuakurom
Bono,Dormaa West,Kwameyeboakurom
Bono,Dormaa West,Bredi
Bono,Dormaa West,Kotokurom
Western North,Bia East,Sowodadiem
Western North,Bia East,Bredi Number One
Western North,Bia East,Kwakudekurom
Western North,Bia East,Diawukurom
Western North,Bia East,Atua
Bono,Dormaa West,Gyasi
Bono,Dormaa West,Asempanaye
Bono,Dormaa West,Mantukwa
Bono,Dormaa West,Sieho
Bono,Dormaa West,Biaasuontem
Western North,Bia East,Nyamebekyere
Western North,Bia East,Kofiyeboakurom
Western North,Bia East,Moshiehenekurom
Western North,Bia East,Brewuhuadi
Western North,Bia East,Nyamenti
Western,Unknown,Abenkro
Western North,Bia East,Kwaaten
Western North,Bia East,Kramokurom
Western North,Bia East,Brenyekwa
Western North,Bia East,Akwabinkurom
Western North,Bia East,Ahumakrom
Western North,Bia East,Kaikaikrom
Western North,Bia East,Trinsafuwa
Western North,Bia East,Amadukurom
Western North,Bia East,Gliksten Bungalow
Western North,Bia East,Ohiampennipa
Western North,Bia East,Kwasintemkurom
Western North,Bia East,Atakurom
Western North,Bia East,Gliksten Camp Number Fifteen
Western North,Bia East,Accra
Western North,Bia East,Kwasidonkorkurom
Western North,Bia East,Tema
Western North,Bia East,Mmaa Mpe Ohia Ntensere
Western North,Bia East,Kwasiasumakurom
Western North,Bia East,Boatenkurom
Western North,Bia East,Kodwodumkrom
Western North,Bia East,Owusukrom
Western North,Bia East,Etrukurom
Western North,Bia East,Oforikurom
Western North,Bia East,Yerepemso
Western North,Bia East,Thomas Kurom
Western North,Bia East,Fobrikurom
Western North,Bia East,Adinkyi
Western North,Bia East,Owunta
Western North,Bia East,Abosikurom
Western North,Bia East,Obidiaba
Western North,Bia East,Goka
Western North,Bia East,Siekobenkrom
Western North,Bia East,Akaakrom
Western North,Bia East,Kwadwo Amakurom
Western,Unknown,Nkatabua
Western North,Bia East,Akwasiatuakurom
Bono,Dormaa West,Dormaa Agogo
Bono,Dormaa West,Mmebonemee
Bono,Dormaa West,Tabirikurom
Bono,Dormaa West,Bommoden
Bono,Dormaa West,Merengyaa
Bono,Dormaa West,Goka
Ahafo,Asunafo North,Betinko
Ahafo,Asunafo North,Kofifofiekurom
Ahafo,Asunafo North,Tadieso
Bono,Dormaa West,Dwene Woho
Bono,Dormaa West,Kwesiaddaekurom
Bono,Dormaa West,Payiyena
Bono,Dormaa West,Damuakurom
Ahafo,Asunafo North,Adokurom
Bono,Dormaa West,Kusikurom
Bono,Dormaa West,Awona Number One
Bono,Dormaa West,Awona Number Two
Bono,Dormaa West,Kwadwokumakurom
Bono,Dormaa West,Amasufuokurom
Bono,Dormaa West,Kwame Twenekurom
Bono,Dormaa West,Kojoadokurom
Bono,Dormaa West,Yaw Asamoakurom
Bono,Dormaa West,Asuokokoo
Bono,Dormaa West,Kofikrakyikurom
Bono,Dormaa West,Yawasamoakurom
Bono,Dormaa West,Kyekyewere
Bono,Dormaa West,Jerusalem
Bono,Dormaa West,Abubakurom
Bono,Dormaa West,Gyankurom
Bono,Dormaa West,Adiemmra
Bono,Dormaa West,Kwakunyamekurom
Ahafo,Asunafo North,Adeeyepena
Ahafo,Asunafo North,Kwameamadiekurom
Ahafo,Asunafo North,Anaafikurom
Ahafo,Asunafo North,Peprakurom
Ahafo,Asunafo North,Amankwaa
Ahafo,Asunafo North,Kwamesaarakurom
Ahafo,Asunafo North,Asukawkaw
Ahafo,Asunafo North,Nnoben
Ahafo,Asunafo North,Bankyease
Ahafo,Asunafo North,Kasapen
Ahafo,Asunafo North,Abigyan
Ahafo,Asunafo North,Petuda
Ahafo,Asunafo North,Betoda
Ahafo,Asunafo North,Nyamebekyere
Ahafo,Asunafo North,Yerusalem
Ahafo,Asunafo North,Ampenkro
Ahafo,Asunafo North,Koforidua
Ahafo,Asunafo North,Baakurom
Ahafo,Asunafo North,Akoboahenekurom
Ahafo,Asunafo North,Boadikurom
Ahafo,Asunafo North,Gyengyene
Ahafo,Asunafo North,Yeboakurom
Ahafo,Asunafo North,Wam
Ahafo,Asunafo North,Peterkurom
Ahafo,Asunafo North,Mireku
Ahafo,Asunafo North,Aboaso
Ahafo,Asunafo North,Kofiminikurom
Ahafo,Asunafo North,Bofookurom
Ahafo,Asunafo North,Suntreso
Ahafo,Asunafo North,Mamakurom
Ahafo,Asunafo North,Kofi Nkrommakurom
Ahafo,Asunafo North,Nkronsa
Ahafo,Asunafo North,Adu Tutukurom
Ahafo,Asunafo North,Adenkyek
Bono,Dormaa West,Drabokrom
Bono,Dormaa West,Bisasi
Bono,Dormaa West,Amanasi
Western North,Bia East,Bonhunu
Bono,Dormaa West,Esiehu
Western,Unknown,Dahafefe
Western North,Bia East,Nkwakrom
Western North,Bia East,Nkatiboa
Western North,Bia East,Kwakuamoa
Western North,Bia East,Dumase
Western North,Bia East,Kwamkonkrom
Western North,Bia East,Tontokrom
Western North,Bia East,Nframaye
Western North,Bia East,Miyemawhirimiho
Western North,Bia East,Yaodonkokrom
Western North,Bia East,Kotoje
Western North,Bia East,Nkwadum
Western North,Bia East,Kwahinkrom
Western North,Bia East,Senyam
Western North,Bia East,Tontukrom
Western North,Bia,Nseseko
Western North,Bia East,Prekasiasi
Western North,Bia East,Bewiaji
Western North,Bia East,Aboajiwa
Western North,Bia East,Kobnafikrom
Ahafo,Asunafo North,Kobnabiakrom
Western North,Bia East,Kwesiedukrom
Ahafo,Asunafo North,Pukukrom
Ahafo,Asunafo North,Yaokwesikrom
Western North,Bia East,Kojofojokrom
Western,Unknown,Nunkunchi
Western,Unknown,Alafasu
Ahafo,Asunafo North,Apitibum
Western North,Bia East,Ababiokrom
Western,Unknown,Atromsu
Ahafo,Asunafo North,Adiambra
Ahafo,Asunafo North,Kwaminbengkrom
Bono,Dormaa West,Amemoso
Bono,Dormaa West,Nkwantang
Ahafo,Asunafo North,Ehianiguasi
Ahafo,Asunafo North,Mlenyai
Ahafo,Asunafo North,Asampaniye
Ahafo,Asunafo North,Atuadonko
Bono,Dormaa West,Bediitawkrom
Bono,Dormaa West,Kwesingamekrom
Bono,Dormaa West,Amoakrom
Bono,Dormaa West,Tadieso
Bono,Dormaa West,Pepiasi
Bono,Dormaa West,Ajapongkrom
Ahafo,Asunafo North,Abawso
Ahafo,Asunafo North,Nsuakaw
Ahafo,Asunafo North,Apaso
Ahafo,Asunafo North,Yiewiankrom
Ahafo,Asunafo North,Perehimpa
Ahafo,Asunafo North,Siseko
Ahafo,Asunafo North,Ahireso
Ahafo,Asunafo North,Bodumasi
Ahafo,Asunafo North,Breyou
Ahafo,Asunafo North,Mabedieso
Ahafo,Asunafo North,Kwakuadokrom
Ahafo,Asunafo North,Yawonikrom
Ahafo,Asunafo North,Ymesikrom
Ahafo,Asunafo North,Kobnakawkrom
Ahafo,Asunafo North,Kaseruku
Ahafo,Asunafo North,Subina
Ahafo,Asunafo North,Subriso
Ahafo,Asunafo North,Nkadum
Ahafo,Asunafo North,Wamasi
Ahafo,Asunafo North,Kwamjerakrom
Ahafo,Asunafo North,Atinim
Bono,Dormaa West,Domeabra
Western North,Bia East,Odumasi
Western North,Bia East,Bewiadwe
Bono,Jaman South,Momko
Bono,Dormaa,Borofoyeduru
Bono,Dormaa,Dababi
Bono,Dormaa,Asunso Number Two
Bono,Dormaa,Buchem
Bono,Dormaa,Agyemangkurom
Bono,Dormaa,Bondoyow
Bono,Dormaa,Benekurom
Bono,Dormaa,Bantoma
Bono,Dormaa,Kramokrom
Bono,Dormaa,Yow Boatinikrom
Bono,Dormaa,Himakura
Bono,Dormaa,Pamkesi
Bono,Dormaa,Ahanterasi
Bono,Dormaa,Kyereemekurom
Bono,Dormaa,Besease
Bono,Dormaa,Chiamikrom
Bono,Dormaa,Tafro
Bono,Dormaa,Binasua
Bono,Dormaa,Asufu
Bono,Dormaa,Chirehi
Bono,Jaman South,Atabene
Bono,Jaman South,Apenkuro
Bono,Dormaa,Achiwiresi
Bono,Dormaa,Dwen
Bono,Dormaa,Twum-Krom-Koradaso
Bono,Dormaa,Anyinaso
Bono,Dormaa,Senikrom
Bono,Dormaa,Dwaho
Bono,Dormaa,Abasi
Bono,Dormaa East,Subinkurom
Bono,Dormaa East,Kojina
Bono,Dormaa,Awiremum
Bono,Dormaa East,Kwamekumikurom
Bono,Dormaa East,Janikrom
Bono,Jaman North,Bahema
Bono,Jaman North,Domiabra
Bono,Jaman North,Ponko
Bono,Jaman North,Aua
Bono,Jaman South,Mpeasem
Bono,Jaman South,Adomesu Police Station
Bono,Jaman South,Domeabra
Bono,Jaman South,Kofigyiakurom
Bono,Jaman South,Adiako Number One
Upper West,Unknown,Komboggo
Upper West,Nadowli,Puni
Upper West,Nadowli,Namua
Upper West,Wa West,Kachuu
Upper West,Wa West,Kpila
Upper West,Wa West,Yipala
Upper West,Wa West,Gongo
Upper West,Wa West,Buka
Upper West,Wa West,Gongbile
Upper West,Wa West,Kusale
Upper West,Wa West,Mwatang
Upper West,Wa West,Jambusi
Upper West,Wa West,Nmaabase
Upper West,Lawra,Biro
Upper West,Jirapa,Guseri
Upper West,Jirapa,Krowuor
Upper West,Jirapa,Gbetuor
Upper West,Jirapa,Guorpuo
Upper West,Jirapa,Orifan
Upper West,Jirapa,Kpanyangha
Upper West,Jirapa,Nayiri
Upper West,Jirapa,Boiri
Upper West,Unknown,Kula
Upper West,Nadowli,Gabilli
Upper West,Nadowli,Sabili
Upper West,Nadowli,Tandori
Upper West,Nadowli,Benkeme
Upper West,Nadowli,Yaro
Upper West,Nadowli,Nayili
Upper West,Nadowli,Sabala
Upper West,Nadowli,Bulo
Upper West,Nadowli,Tokpa
Upper West,Nadowli,Koro
Upper West,Nadowli,Narago
Upper West,Nadowli,Kuo
Upper West,Nadowli,Bile
Upper West,Lawra,Tabier
Upper West,Unknown,Gbentem
Upper West,Lawra,Bure
Upper West,Lawra,Bompari
Upper West,Lawra,Nayiri
Upper West,Lawra,Yagra
Upper West,Lawra,Korkor
Upper West,Lawra,Kulbonuor
Upper West,Lawra,Gopare
Upper West,Lawra,Tangpuor
Upper West,Lawra,Nanyagri
Upper West,Lawra,Kondopie
Upper West,Lawra,Zukpure
Upper West,Lawra,Tampie
Upper West,Lawra,Tongo
Upper West,Lawra,Zakpe
Upper West,Unknown,Kunyukuo River
Upper West,Lawra,Gbolikaa
Upper West,Lawra,Yagtuori
Upper West,Jirapa,Guo
Upper West,Lawra,Koule
Upper West,Unknown,Fulo River
Upper West,Lawra,Kikila
Upper West,Lawra,Toto
Upper West,Lawra,Nawayele
Upper West,Jirapa,Guripala
Upper West,Lawra,Kumasal
Upper West,Lawra,Tanzeri
Upper West,Lawra,Zogpaala
Upper West,Lawra,Konwob
Upper West,Lawra,Gbembe
Upper West,Jirapa,Pokori
Upper West,Unknown,Zinkpie
Upper West,Jirapa,Djan
Upper West,Jirapa,Wuling
Upper West,Unknown,Lawra Forest Reserve
Upper West,Lawra,Zingkaa
Upper West,Lawra,Malba
Upper West,Jirapa,Kanne
Upper West,Jirapa,Boyele
Upper West,Jirapa,Kule
Upper West,Jirapa,Kpanguori
Upper West,Jirapa,Boe
Upper West,Lawra,Char
Upper West,Jirapa,Tie
Upper West,Lawra,Tankur
Upper West,Lawra,Nadu
Western North,Suaman,Baafukrom
Upper West,Unknown,Korpieli Stream
Upper West,Nandom,Loniteng
Upper West,Nandom,Bichiinteng
Upper West,Nandom,Guri
Upper West,Nandom,Zogpieli
Upper West,Nandom,Bapala
Upper West,Nandom,Daaberteng
Upper West,Nandom,Tampele
Upper West,Unknown,Pofien Stream
Upper West,Nandom,Dabagteng
Upper West,Nandom,Bataglu
Upper West,Nandom,Zodung
Upper West,Nandom,Biiregangn
Upper West,Nandom,Segru
Upper West,Nandom,Goziiri
Upper West,Unknown,Kopare River
Upper West,Nandom,Borchin
Upper West,Nandom,Taayaga
Upper West,Nandom,Kogle
Upper West,Nandom,Gyengegangn
Upper West,Nandom,Tobogru
Upper West,Nandom,Namdomle
Upper West,Nandom,Konyugangn
Upper West,Nandom,Danko
Upper West,Nandom,Kusele
Upper West,Nandom,Dungkuelu
Upper West,Nandom,Duotange
Upper West,Nandom,Kpiyagl
Upper West,Nandom,Domaje
Upper West,Nandom,Yipele
Upper West,Nandom,Wobzu
Upper West,Nandom,Kpeyogl
Upper West,Nandom,Magtange
Upper West,Nandom,Bakuwogr
Upper West,Nandom,Kamba
Upper West,Nandom,Sonne
Upper West,Nandom,Bezan
Upper West,Nandom,Tankyara
Western,Unknown,Basakondo
Western,Unknown,Bonsuadem
Western North,Bia,Adeeyepena
Western North,Bia,Mpesetum
Western North,Bia,Ohyiayeanisa
Western North,Bia,Akogyaba
Western North,Bia,Osee Kodwokrom
Western North,Bia,Kodwoaba
Western North,Bia,Amoakrom
Western North,Bia,Kwamearomekrom
Western North,Bia,Diasempa
Western North,Bia,Kwesiamoyawkrom
Western North,Bia,Kwametawia Nkwanta
Western North,Bia,New Debiso
Western North,Bia,Gliksten Camp Number Fourteen
Western,Unknown,Debisuasuo
Western North,Bia,Esikuma
Western North,Bia,Copol Nkwanta
Western,Unknown,Bobo
Western,Unknown,Asuoba
Western,Unknown,Agyesure
Western North,Suaman,Okyere
Western North,Suaman,Onipa Yemmobo
Western North,Suaman,Nyamebekyere
Western,Unknown,Pokua
Western North,Suaman,Bedieaben
Western North,Suaman,Adekrom
Western,Unknown,Fanomakume
Western North,Suaman,Otokrom
Western North,Suaman,Sunkwa
Western North,Suaman,Dumwumbo
Western North,Suaman,Nyabo
Western North,Juaboso,Nyanso
Western North,Suaman,Denchera
Western North,Suaman,Mawumbo
Western,Unknown,Nyaunsu
Western North,Suaman,Nyankomabo
Western North,Suaman,Anokukrom
Western North,Bodi,Mensakrom
Western North,Bodi,Warabo
Western North,Suaman,Jeheresua
Western North,Suaman,Saikrom
Western North,Suaman,Pokokromnkra
Western North,Suaman,Ahaisua
Western North,Suaman,Badebakechi
Western North,Suaman,Kojoalinikrom
Western North,Suaman,Dedemide
Western North,Suaman,Kwaso
Western North,Suaman,Jeukrom
Western North,Suaman,Kweku Nenchrekrom
Western North,Suaman,Asiedukrom
Western North,Suaman,Kankakrom
Western North,Suaman,Atakukrom
Western North,Suaman,Antukrom
Western North,Suaman,Tukokrom
Western North,Suaman,Atakwesikrom
Western North,Suaman,Atakojokrom
Western North,Suaman,Ntiakukrom
Western,Unknown,Esuepri
Western North,Suaman,Ajembrikrom
Western North,Suaman,Jisabawkawkrom
Western North,Suaman,Betingraw
Western North,Suaman,Kwantihun
Western North,Suaman,Dansualalie
Western North,Suaman,Asarekrom
Western North,Suaman,Akrakrom
Western North,Suaman,Tando
Western North,Juaboso,Ebusua
Western North,Juaboso,Mfakamfahu
Western North,Juaboso,Kakobaw
Western North,Juaboso,Nsonhym
Western North,Juaboso,Kwamindrukrom
Western,Unknown,Kotokuayara
Western North,Juaboso,Jeohikrom
Western North,Juaboso,Akapuna
Western North,Bia,Susai
Western North,Bia,Abedensuom
Western North,Bia,Kwakumintakrom
Western North,Juaboso,Odumase
Western North,Juaboso,Seso
Western North,Juaboso,Syasukrom
Western,Unknown,Tahina
Western North,Juaboso,Anwyafutu
Western North,Juaboso,Bamanaden
Western North,Juaboso,Akuntanm
Western North,Juaboso,Dibore
Western North,Juaboso,Nyamadom
Western North,Juaboso,Debe
Western North,Bia,Tawta
Western North,Juaboso,Tuamikam
Western North,Juaboso,Nyem
Western,Unknown,Banabye
Western,Unknown,Amirichi
Western North,Juaboso,Kofiusakrom
Western North,Juaboso,Kwesiusakrom
Western,Unknown,Edumia
Western North,Juaboso,Kasakrom
Western North,Juaboso,Pataboabo
Western North,Juaboso,Edumia
Western North,Juaboso,Yakrakrom
Western North,Bia,Mbemu
Western North,Bia,Genkobu
Western North,Bia,Jewu
Western North,Bia,Anunum
Western,Unknown,Ifubuja
Western North,Bia,Brohihinasi
Western North,Bia,Adakum
Western North,Bia,Mpancheraso
Western North,Bia,Dedinanum
Western North,Bia,Kotokrom
Western North,Bia,Kwausakrom
Western North,Bia,Atakrom
Western North,Bia,Ohianyeda
Western North,Bia,Framasi
Western North,Bia,Bensirikrom
Western North,Bia,Obenekwakrom
Western,Unknown,Ntosua
Western North,Bia,Kwakukrom
Western North,Bia,Mibu
Western North,Bia,Afrukro
Western,Unknown,Namaya
Western North,Bia,Kwabinatunakrom
Western North,Bia,Cheikrom
Western,Unknown,Kumoa
Western,Unknown,Kwansabo
Western North,Bia,Bosumpimkrom
Western North,Bia,Kwesiaba
Western North,Bia,Ekumani
Western North,Bia,Tawakro
Western North,Bia,Kwamidu
Western North,Bia,Pesebro
Western North,Bia,Kwansabo
Western North,Bia,Edukrom
Western North,Bia,Kwajomakro
Western North,Bia,Nkasakro
Western North,Bia,Bakoti
Western North,Bia,Kajamrakrom
Western North,Bia,Atechem
Western North,Bia,Chamekrom
Western North,Bia,Mekrom
Western North,Bia,Adokam
Western North,Bia,Mensakrom
Western North,Bia,Kwaminakrom
Western North,Bia,Panabo
Western North,Bia,Ajeponu
Western North,Bia,Kakowbaw
Western North,Bia,Sukusuku
Western North,Bia,Ahinasa
Western North,Bia,Kwaku Adakrom
Western North,Bia,Beposo
Western North,Bia,Kakanabo
Western North,Bia,Anyuromu
Western North,Bia,Atabu
Western North,Juaboso,Asotrom
Western North,Bia,Kwajakrom
Western North,Bia,Kwampawkrom
Western North,Bia,Nyinabo
Western North,Bia,Kwesibokrom
Western North,Bia,Mensahkrom
Western North,Bia,Anoaboye
Western North,Bia,Kwambedukrom
Western North,Bia,Nkrah
Western,Unknown,Mpesetum
Western North,Bia,Nkra
Western North,Bia,Adadekrom
Ashanti,Unknown,Katabo
Ashanti,Ahafo Ano North,Dodeeasua
Ashanti,Unknown,Wiawura
Ashanti,Unknown,Bepotuntum
Ashanti,Ahafo Ano North,Kateinkwanta
Ashanti,Ahafo Ano North,Owaebegyahwan Junction
Ashanti,Unknown,Akresu
Ashanti,Ahafo Ano North,Boagyaa
Ashanti,Ahafo Ano North,Kwamedonkorkurom
Ashanti,Ahafo Ano North,Mantukwa
Ashanti,Ahafo Ano North,Kaniago
Ashanti,Ahafo Ano North,Onyamebekyere
Ashanti,Ahafo Ano North,Nyamekyekurom
Ashanti,Ahafo Ano North,Mmoframfaadwene Number Two
Ashanti,Ahafo Ano North,Manfobredi
Ashanti,Unknown,Kodwotiaku
Ashanti,Ahafo Ano North,Asantekurom
Ashanti,Ahafo Ano North,Mmoframfaadwene Number One
Ashanti,Ahafo Ano North,Suponagya
Ashanti,Ahafo Ano North,Suponso
Ashanti,Unknown,Nkwansuanu
Ashanti,Ahafo Ano North,Daasaa
Ashanti,Ahafo Ano North,Betiako
Ashanti,Ahafo Ano North,Wiosokurom
Ashanti,Unknown,Bonsua
Ashanti,Ahafo Ano North,Gyaakye
Ashanti,Ahafo Ano North,Agyeikurom
Ashanti,Ahafo Ano North,Tabirikurom
Ashanti,Ahafo Ano North,Nsoadeem
Ashanti,Ahafo Ano North,Kwakuduakurom
Ashanti,Ahafo Ano North,Kwakumensakurom
Ashanti,Ahafo Ano South,Onyamebekyere
Ashanti,Ahafo Ano North,Okrakurom
Ashanti,Ahafo Ano North,Asenkyem
Ashanti,Unknown,Senkyem
Ashanti,Ahafo Ano North,Dannyame Number One
Ashanti,Ahafo Ano South,Dokurom
Ashanti,Unknown,Akunsua
Ashanti,Unknown,Nsukasi
Ashanti,Unknown,Ntokwia
Ashanti,Ahafo Ano North,Nyameadom
Ashanti,Ahafo Ano North,Benimso
Ashanti,Unknown,Ahrisu
Ashanti,Unknown,Esuapoku
Ashanti,Ahafo Ano North,Adokurom
Ashanti,Ahafo Ano North,Dannyame Number Three
Ashanti,Ahafo Ano North,Katapei
Ashanti,Unknown,Atonsua
Ashanti,Ahafo Ano South,Adiembra Junction
Ashanti,Ahafo Ano South,Kefibuorkurom
Ashanti,Ahafo Ano South,Sunkwa
Ashanti,Ahafo Ano South,Manhyia
Ashanti,Unknown,Ampakami
Ashanti,Unknown,Angumesua
Ashanti,Unknown,Peyie
Ashanti,Ahafo Ano South,Oseikurom
Ashanti,Unknown,Sabiesua
Ashanti,Ahafo Ano South,Meyeden
Ashanti,Unknown,Adamasu
Ashanti,Ahafo Ano South,Adopekurom
Ashanti,Ahafo Ano North,Dannyame Number Two
Ashanti,Unknown,Kodwoaferi
Ashanti,Ahafo Ano South,Adeemmra
Ashanti,Ahafo Ano South,Ofirikurom
Ashanti,Unknown,Esuhiae
Ashanti,Ahafo Ano South,Oforikurom
Ashanti,Ahafo Ano South,Hiamankwa
Ashanti,Ahafo Ano South,Bonsukurom
Ashanti,Ahafo Ano South,Asuogya
Ashanti,Ahafo Ano North,Tadeeso
Ashanti,Ahafo Ano North,Sawua
Ashanti,Ahafo Ano North,Yawpensakurom
Ashanti,Ahafo Ano North,Dwamenakurom
Ashanti,Unknown,Suyie
Ashanti,Ahafo Ano South,Adumatakurom
Ashanti,Ahafo Ano South,Odikrokurom
Ashanti,Ahafo Ano North,Peaase
Ashanti,Ahafo Ano North,Mamponkurom
Ashanti,Ahafo Ano North,Kasayeadifuoe
Ashanti,Unknown,Kyekyebon
Ashanti,Ahafo Ano North,Nkrommakurom Number One
Ashanti,Ahafo Ano North,Nkrommakurom Number Two
Ashanti,Unknown,Damrepoa
Ashanti,Ahafo Ano South,Nyeaborc
Ashanti,Unknown,Nkwantakyi
Ashanti,Ahafo Ano South,Heman
Ashanti,Unknown,Asamuo
Ashanti,Ahafo Ano South,Kofifakurom
Ashanti,Ahafo Ano South,Kwabenansiakurom
Ashanti,Ahafo Ano South,Nyamebekyere Number Two
Ashanti,Ahafo Ano North,Anyinasu
Ashanti,Ahafo Ano North,Mmeredane
Ashanti,Ahafo Ano North,Kwasikwai
Ashanti,Ahafo Ano North,Oldman Junction
Ashanti,Ahafo Ano South,Aniantentem
Ashanti,Ahafo Ano North,Obookurom Number One
Ashanti,Ahafo Ano South,Tariata
Ashanti,Ahafo Ano South,Dungyakurom
Ashanti,Ahafo Ano South,Adwoodwoo
Ashanti,Unknown,Akotwi
Ashanti,Ahafo Ano South,Anitenfi
Ashanti,Ahafo Ano North,Boagya Number Two
Ashanti,Ahafo Ano North,Boankra
Ashanti,Unknown,Kyikyiwere
Ashanti,Ahafo Ano North,Baneekurom
Ashanti,Ahafo Ano North,Oldmankurom
Ashanti,Ahafo Ano North,Nkumefie
Ashanti,Ahafo Ano South,Sikafrebogya
Ashanti,Ahafo Ano North,Obookuron Number Two
Ashanti,Ahafo Ano South,Asukese
Ashanti,Unknown,Adakunsua
Ashanti,Ahafo Ano South,Kwamekumakurom
Ashanti,Ahafo Ano North,Hiahwete
Ashanti,Ahafo Ano North,Kwasikurom
Ashanti,Ahafo Ano North,Abotanso
Ashanti,Unknown,Abruyie
Ashanti,Ahafo Ano South,Ekaaobinko
Ashanti,Unknown,Bragu
Ashanti,Ahafo Ano South,Esaase
Ashanti,Ahafo Ano North,Kofinkrumankwania
Ashanti,Ahafo Ano North,Odikro Nkwanta
Ashanti,Unknown,Kwakuni
Ashanti,Ahafo Ano North,Nsakasu Number One
Ashanti,Ahafo Ano North,Nsakasu Number Two
Ashanti,Unknown,Samesua
Ashanti,Ahafo Ano North,Dupri
Ashanti,Ahafo Ano South,Domaa Number One
Ashanti,Ahafo Ano South,Asamasuaso
Ashanti,Ahafo Ano South,Kwadwokokurom
Ashanti,Ahafo Ano South,Domaa Number Two
Ashanti,Unknown,Ntinwi
Ashanti,Ahafo Ano North,Betenko
Ashanti,Ahafo Ano North,Kasuso
Ashanti,Ahafo Ano South,Somudade
Ashanti,Ahafo Ano South,Obrayebona
Ashanti,Ahafo Ano South,Muawano
Ashanti,Ahafo Ano South,Kwasiwurokurom
Ashanti,Ahafo Ano South,Adukurom
Ashanti,Unknown,Agyinfrikyua
Ashanti,Ahafo Ano North,Bomkurom
Ashanti,Ahafo Ano South,Wioso Kurofoforom
Ashanti,Ahafo Ano South,Aboabogya
Ashanti,Unknown,Muasu
Ashanti,Ahafo Ano South,Fawanintu
Ashanti,Ahafo Ano South,Fodworkurom
Ashanti,Ahafo Ano South,Mantukwa
Ashanti,Unknown,Sahumakra
Ashanti,Unknown,Bentukwa
Ashanti,Unknown,Tanojulaye
Ashanti,Unknown,Asuanwia
Ashanti,Unknown,Tale
Ashanti,Ahafo Ano South,Bomkurom
Ashanti,Ahafo Ano South,Yawhene
Ashanti,Atwima Mponua,Barimawua
Ashanti,Unknown,Yapenin
Ashanti,Ahafo Ano North,Kawdi
Ashanti,Ahafo Ano North,Dienyamibeka
Ashanti,Ahafo Ano North,Abuja
Ashanti,Ahafo Ano North,Akontonsu
Ashanti,Ahafo Ano North,Mesu
Ashanti,Ahafo Ano North,Pesemkuminya
Ashanti,Ahafo Ano North,Mitimibabi
Ashanti,Ahafo Ano North,Dianyamidiwuasi
Ashanti,Ahafo Ano North,Chwiapiasi
Ashanti,Ahafo Ano North,Hiamanchini
Ashanti,Ahafo Ano North,Jerusalem
Ashanti,Ahafo Ano North,Bakuyeden
Ashanti,Ahafo Ano North,Nyamibechere
Ashanti,Ahafo Ano North,Ohiampenika
Ashanti,Ahafo Ano North,Manhusa
Ashanti,Ahafo Ano North,Bredi
Ashanti,Ahafo Ano North,Nsonyamiye
Ashanti,Ahafo Ano North,Mbadani
Ashanti,Ahafo Ano North,Domiabra
Ashanti,Ahafo Ano North,Nyamiyehene
Ashanti,Ahafo Ano North,Nipaniaye
Ashanti,Ahafo Ano North,Pobisukuma
Ashanti,Ahafo Ano North,Kwesimantekrom
Ashanti,Ahafo Ano North,Pobisupenin
Ashanti,Ahafo Ano North,Ehiamanchini
Ashanti,Ahafo Ano North,Atonsuaso
Ashanti,Ahafo Ano North,Aniantintem
Ashanti,Ahafo Ano North,Boahung
Ashanti,Ahafo Ano North,Mofranfadjwin
Ashanti,Ahafo Ano North,Danyamikuma
Ashanti,Ahafo Ano North,Samanache
Ashanti,Ahafo Ano North,Pampaso
Ashanti,Ahafo Ano South,Nyamiadom
Ashanti,Ahafo Ano South,Churayasi
Ashanti,Ahafo Ano South,Mutungu
Ashanti,Unknown,Apotosua
Ashanti,Atwima Mponua,Mpancheraso
Ashanti,Ahafo Ano South,Ehiamankwa
Ashanti,Ahafo Ano South,Hianimaguasi
Ashanti,Ahafo Ano South,Mpenkro
Ashanti,Ahafo Ano North,Kawbeda
Ashanti,Ahafo Ano North,Bepotuntum
Ashanti,Ahafo Ano North,Abodai
Ashanti,Ahafo Ano North,Kubeasi
Ashanti,Ahafo Ano North,Abuanafo
Ashanti,Ahafo Ano North,Misrenyami
Ashanti,Ahafo Ano North,Odumtingasi
Ashanti,Ahafo Ano South,Bieso
Ashanti,Atwima Mponua,Apapayem
Ashanti,Ahafo Ano South,Sabiesua
Ashanti,Ahafo Ano South,Suponganafo
Ashanti,Ahafo Ano South,Bawdisinakawnaw
Ashanti,Ahafo Ano South,Bragu
Ashanti,Ahafo Ano North,Jayaakontabuo
Ashanti,Ahafo Ano North,Asuofri
Ashanti,Ahafo Ano North,Bepoayasi
Ashanti,Unknown,Kojoaferi
Ashanti,Ahafo Ano North,Kasi
Ashanti,Ahafo Ano South,Nyeso
Ashanti,Ahafo Ano North,Dakwai
Ashanti,Ahafo Ano North,Abuso
Ashanti,Ahafo Ano North,Nyamiadom
Ashanti,Ahafo Ano North,Asemasa
Ashanti,Ahafo Ano North,Betemanu
Ashanti,Ahafo Ano North,Asuiadai
Ashanti,Ahafo Ano North,Asempaye
Ashanti,Ahafo Ano North,Nsukese
Ashanti,Ahafo Ano South,Chichibong
Ashanti,Ahafo Ano South,Pewodie
Ashanti,Ahafo Ano South,Nyinatasi
Ashanti,Unknown,Chichibong
Ashanti,Unknown,Nkwantachi
Ashanti,Ahafo Ano South,Yabeni
Ashanti,Ahafo Ano South,Adakunsua
Ashanti,Ahafo Ano North,Jayakontabuo
Ashanti,Ahafo Ano North,Abetinsu
Ashanti,Ahafo Ano North,Anwiafutu
Ashanti,Ahafo Ano South,Doma
Ashanti,Ahafo Ano North,Kwekuniechi
Ashanti,Ahafo Ano North,Mpetebihin
Ashanti,Ahafo Ano South,Mampong
Ashanti,Ahafo Ano North,Bayerem
Ashanti,Ahafo Ano North,Hianimaguasi
Ashanti,Ahafo Ano North,Hiamankwa
Ashanti,Ahafo Ano South,Asamuo
Ashanti,Ahafo Ano North,Ntinwi
Ashanti,Ahafo Ano South,Aboaboso
Ashanti,Ahafo Ano South,Nyinasi
Ashanti,Ahafo Ano South,Dunkorakora
Ashanti,Ahafo Ano North,Rogoso
Ashanti,Ahafo Ano South,Wawase
Ashanti,Ahafo Ano South,Supongaja
Ashanti,Ahafo Ano South,Miawanikaw
Ashanti,Ahafo Ano South,Akpa
Ashanti,Ahafo Ano South,Jiniawhie
Ashanti,Ahafo Ano South,Brochiri
Ashanti,Ahafo Ano South,Benumsuo
Ashanti,Ahafo Ano South,Ntenko
Ashanti,Ahafo Ano South,Bepochiri
Ashanti,Ahafo Ano South,Mpamproasi
Ashanti,Ahafo Ano South,Chenchengasi
Ashanti,Ahafo Ano South,Yago
Ashanti,Atwima Mponua,Bredi
Ashanti,Ahafo Ano North,Amakurom
Ashanti,Unknown,Mangoase
Ashanti,Ahafo Ano North,Wankanentem
Ashanti,Unknown,Patapei
Ashanti,Unknown,Tadiesu
Ashanti,Ahafo Ano North,Patapei
Ashanti,Unknown,Dumasa
Ashanti,Unknown,Krubuo
Ashanti,Ahafo Ano South,Domaa Number Three
Ashanti,Ahafo Ano North,Anwiam
Ashanti,Ahafo Ano North,Nkatiakurom
Ashanti,Atwima Mponua,Apanimade
Ashanti,Unknown,Hiatiadru
Ashanti,Atwima Mponua,Barimayenakurom
Ashanti,Unknown,Measi
Ashanti,Ahafo Ano North,Konkore
Ashanti,Unknown,Bonkro
Western North,Aowin/Suaman,Bonkaw
Western,Unknown,Mbanyia
Western,Unknown,Bomfa
Western,Unknown,Tokosia
Western,Unknown,Ahiria
Western,Unknown,Kwaseri
Western,Unknown,Teme
Western North,Aowin/Suaman,Alatakrom
Western North,Aowin/Suaman,Gyesikrom
Western,Unknown,Kankaboin
Western,Unknown,Kusuru
Western,Unknown,Ajasa
Western,Unknown,Peresu
Western,Unknown,Mtekejan
Western,Unknown,Abrukua
Western North,Bia,Kramokrom
Western,Unknown,Esuokwami
Western North,Bia,Dwenenyameho
Western North,Bia,Manhuntem
Western North,Bia,Nyamebekyere
Western,Unknown,Nobe
Western North,Bia,Towoboase
Western North,Bia,Awutubreku
Western North,Bia,Onyamentsi
Western North,Bia,Mfantiman
Western,Unknown,Amoya
Western North,Bia,Camp Number Eleven
Western North,Bia,Gliksten Workshop
Western,Unknown,Awulesua
Western,Unknown,Mrekro
Western North,Bia,Sikanyeasem
Western North,Bia,Matwemeho
Western North,Bia East,Asemanyinakrom
Western North,Bia East,Akyease
Western North,Bia East,Camp
Western North,Bia East,Nyamennae
Western North,Bia East,Nyamentsi
Western North,Bia East,Mangoase
Western North,Bia East,Punpunso
Western North,Bia East,Apronseemission
Ahafo,Asunafo North,Antwiegyeikrom
Western,Unknown,Bewiadwe
Western,Unknown,Agobewen
Western,Unknown,Abenasua
Western North,Juaboso,Dome
Western North,Bia,Mim
Western North,Bia,Acherabuanda
Western North,Bia East,Kisiepa
Western North,Bia,Makonseni
Western North,Bia East,Esuade
Western North,Bia East,Ntetiem
Western North,Bia East,Debia
Western North,Bia,Ndetiem
Western North,Bia,Kusiasi
Western North,Bia,Kwacherekrom
Western North,Bia,Kwambokrom
Western North,Bia,Yaonyanokrom
Western North,Bia,Nonkokrom
Western North,Bia,Kutukrom
Western North,Bia,Anomakrom
Western North,Bia East,Chuchumamda
Western North,Bia East,Tachikrom
Western North,Bia East,Papasi
Western North,Bia,Duadaso
Western North,Bia,Kofiakakrom
Western,Unknown,Nsesekaw
Western North,Bia,Kanchabo
Western North,Bia,Esuohu
Western North,Bia,Domiabra
Western North,Bia,Pamparamasi
Western North,Bia,Chapiasi
Western North,Bia,Besibuasi
Western North,Bia,Yaoneifikrom
Western North,Bia,Adiembra
Western,Unknown,Asuentaa
Western,Unknown,Kwesijani
Western North,Bia,Yaomintakrom
Western North,Bia,Kofiakrom
Western North,Juaboso,Nebum
Western North,Juaboso,Nkwanta
Western North,Juaboso,Nsuawkaw
Western North,Juaboso,Abowere
Western North,Juaboso,Senejakrom
Western North,Juaboso,Abrodium
Western North,Bia,Nankitiwa
Western North,Juaboso,Achekrom
Western North,Juaboso,Esaman
Western North,Juaboso,Kofidonkokrom
Western North,Juaboso,Mosua
Western North,Juaboso,Akajaku
Western North,Juaboso,Numnkwanta
Western North,Juaboso,Mewunu
Western North,Juaboso,Kotokum
Western North,Bia,Sumawjei
Western North,Bia,Abinam
Western North,Juaboso,Pawiaso
Western North,Juaboso,Obinekrom
Western North,Juaboso,Moku
Ahafo,Asunafo South,Apiakrom
Western North,Bia East,Nonkokrom
Western,Unknown,Anyimaye
Western North,Bia East,Kwandahokrom
Western North,Bia East,Chapiasi
Western North,Bia East,Framasi
Western North,Bia East,Wiawso
Ahafo,Asunafo North,Kojokuma-krom
Ahafo,Asunafo North,Kokokrom
Ahafo,Asunafo North,Kobnajimikrom
Ahafo,Asunafo North,Abairem
Ahafo,Asunafo North,Ediwium
Ahafo,Asunafo North,Adunkwakrom
Ahafo,Asunafo North,Ekoso
Ahafo,Asunafo North,Donkokrom
Ahafo,Asunafo North,Anankasu
Ahafo,Asunafo North,Waseikrom
Ahafo,Asunafo South,Kotieti
Ahafo,Asunafo South,Kotopra
Ahafo,Asunafo South,Kwasikrom
Western North,Juaboso,Kanchabo
Western North,Juaboso,Daimofo
Western North,Juaboso,Breweikrom
Western North,Juaboso,Kwablahukrom
Western North,Juaboso,Bribinim
Western North,Juaboso,Nsuta
Western North,Juaboso,Aboboya
Western North,Juaboso,Abofrim
Western North,Juaboso,Asiribukrom
Western North,Juaboso,Kofiyamekrom
Western North,Juaboso,Isasi
Western North,Juaboso,Tariaso
Ahafo,Asunafo North,Ataturum
Ahafo,Asunafo North,Auratara
Ahafo,Asunafo North,Tipokrom
Ahafo,Asunafo North,Mboframfaadwen
Ahafo,Asunafo North,Awiwuhu Manhyia
Ahafo,Asunafo North,Sampakrom
Ahafo,Asunafo North,Nyameyeadom
Ahafo,Asunafo North,Ebenezer
Ahafo,Asunafo North,Anyimaye
Ahafo,Asunafo North,Asubura
Ahafo,Asunafo North,Boakyiasua
Ahafo,Asunafo North,Twiapiasi
Ahafo,Asunafo North,Kroboline
Ahafo,Asunafo North,Mepemasem
Ahafo,Asunafo North,Nfanti
Ahafo,Asunafo North,Kwamiagyikrom
Ahafo,Asunafo North,Manukrom
Ahafo,Asunafo South,Nakete
Ahafo,Asunafo South,Anhweaso
Ahafo,Asunafo South,Wagyakrom
Ahafo,Asunafo South,Nyamebekyere
Ahafo,Asunafo South,Sekyikrom
Ahafo,Asunafo South,Dwobokrom
Ahafo,Asunafo South,Anibirikrom Number Two
Ahafo,Asunafo South,Anibirikrom Number One
Western North,Bia,Sefwi Adeembra
Western North,Bia East,Akyease Nkwanta
Western North,Bia,Esimakwodoboro
Western North,Bia,Bakumahara
Western North,Bia East,Watrem
Western,Unknown,Kotoje
Ahafo,Asunafo North,Akwetiakrom
Ahafo,Asunafo South,Bosia
Western North,Bia,Camp Number Twelve
Western,Unknown,Domeabra
Western North,Bia,Adonkwanta
Western North,Bia,Yerepemso
Western North,Bia,Kyianokrom
Western North,Bia,Akwaekrom
Western North,Bia,Kumikrom
Western North,Bia,Meseho
Western North,Bia,Manhyia
Western North,Juaboso,Berekrom
Western,Unknown,Ayeaso
Western North,Juaboso,Nyamebekyere Number Two
Western North,Juaboso,Mansokrom
Western North,Juaboso,Menntukwa
Western,Unknown,Boizan
Western North,Juaboso,Adwowafuokrom
Western North,Juaboso,Nyamebekyere Number One
Western,Unknown,Bosombisa
Western North,Juaboso,Kwesi Addaekrom
Western,Unknown,Pruhuru
Western North,Juaboso,Santase
Western,Unknown,Fodwo
Western,Unknown,Ampengro
Western North,Juaboso,Danyame
Western North,Juaboso,Abron
Western,Unknown,Abron
Western,Unknown,Akoda
Western,Unknown,Maniaye
Western North,Juaboso,Elubo
Western North,Juaboso,Adeembra
Western,Unknown,Nzabaka
Western,Unknown,Wayiwa
Western,Unknown,Fowuboluo
Western,Unknown,Kumako
Western,Unknown,Gyomoi
Western,Unknown,Kabiakole
Western,Unknown,Gybinka
Western North,Juaboso,Kwawkrom
Western,Unknown,Nyabuodua
Western,Unknown,Asuada
Western,Unknown,Akokobenumnsu
Western,Unknown,Bempon
Western North,Juaboso,Kwesianntokrom
Western,Unknown,Asuopri
Western,Unknown,Asukokoo
Western,Unknown,Alanda
Western,Unknown,Ahumasie
Western North,Juaboso,Kantankrobo Number Two
Western North,Juaboso,Kantankrobo Number One
Western,Unknown,Abesin
Western North,Juaboso,Tibanti Number One
Western North,Juaboso,Tibanti Number Two
Western,Unknown,Bokakonkrono
Western,Unknown,Huhue
Western,Unknown,Bento
Western,Unknown,Bowurasi
Western North,Bodi,Okrayawkrom
Western North,Bodi,Suiano
Western North,Juaboso,Animkinim
Western,Unknown,Proproy
Western North,Juaboso,Chichiwere
Western North,Juaboso,Nkra
Western North,Juaboso,Kanianko
Western North,Juaboso,Adekrom
Western North,Juaboso,Dinkinikrom
Western North,Juaboso,Japonukrom
Western North,Juaboso,Amoakrom
Western,Unknown,Kosoysa
Western North,Juaboso,Kwamiamia
Western North,Juaboso,Yafuakrom
Western North,Juaboso,Bumaso
Western North,Juaboso,Biano
Western,Unknown,Anwafutu
Western North,Juaboso,Etiabotu
Western North,Juaboso,Ewalibu
Western North,Juaboso,Amantinaso
Western North,Juaboso,Ankaso
Western North,Juaboso,Kokosantikrom
Western North,Juaboso,Domiabra
Western North,Bodi,Bukurukrom
Western,Unknown,Otasua
Western North,Bodi,Dome
Western North,Bodi,Maham
Western North,Bodi,Amiakrom
Western North,Juaboso,Akaitiatri
Western North,Bodi,Ejabekrom
Western North,Bodi,Dodoabo
Western North,Bodi,Benumso
Western North,Bodi,Didiminti
Western North,Bodi,Nyinahin
Western,Unknown,Esuanta
Western North,Bodi,Bokaso
Western North,Juaboso,Dumbo
Western North,Juaboso,Kwakotandokrom
Western,Unknown,Tnatna
Western North,Juaboso,Sangoko
Western North,Juaboso,Sumiakrom
Western North,Juaboso,Ayinam
Western North,Juaboso,Bakabratua
Western North,Juaboso,Aswenta
Western North,Juaboso,Hunukwamikrom
Western North,Juaboso,Amwakrom
Western North,Juaboso,Kirakrom
Western North,Juaboso,Kwafiachikrom
Western North,Juaboso,Nyaminiasem
Western,Unknown,Ihiamutiu
Western,Unknown,Enisika
Western North,Juaboso,Yankomabo
Western North,Juaboso,Metamano
Western North,Juaboso,Enisika
Western North,Juaboso,Edamasi
Western,Unknown,Pachuwisua
Western North,Juaboso,Pachuwisua
Western North,Juaboso,Jebi
Western North,Juaboso,Aboabo
Western North,Juaboso,Ewawso
Western,Unknown,Ewawsu
Western North,Juaboso,Edumasi
Western,Unknown,Miniura
Western North,Juaboso,Subiriso
Western,Unknown,Yenchema
Western North,Juaboso,Yabodua
Western North,Juaboso,Bosumburokrom
Western North,Juaboso,Aseamakrom
Western North,Juaboso,Ajemum
Western North,Juaboso,Atakrom
Western North,Juaboso,Ayimakrom
Western,Unknown,Akokobenuminsu
Western,Unknown,Akosuasika
Western North,Bodi,Domiabo
Western North,Bodi,Kotiamuami
Western,Unknown,Adwo
Western,Unknown,Dudoesua
Western,Unknown,Aferewa
Western,Unknown,Safosua
Western North,Bodi,Etinbu
Western,Unknown,Praboampri
Western North,Bodi,Kofinyantuakrom
Western North,Bodi,Kwatandokrom
Western North,Bodi,Krayawkrom
Western North,Bodi,Aferenguakrom
Western North,Bodi,Kwesikumkrom
Western North,Bodi,Buate
Western,Unknown,Worasua
Western North,Bodi,Aferewa
Western North,Juaboso,Nuhu
Western,Unknown,Nuhu
Western,Unknown,Anfereasuba
Western North,Bodi,Neherasude
Western,Unknown,Pebru
Western,Unknown,Ayehi
Western,Unknown,Nyonkumachin
Western,Unknown,Mmoroi
Western,Unknown,Abena
Western,Unknown,Dafuo
Western,Unknown,Dwahene
Western,Unknown,Nwurana
Western North,Juaboso,Gliksten Bungalow
Western North,Juaboso,Komeamaa
Western,Unknown,Boama
Western North,Juaboso,Seniagyakrom
Bono,Jaman South,Kwameprakurom
Bono,Jaman South,Konsia
Bono,Dormaa,Danyame
Bono,Dormaa,Yaw Adadekurom
Bono,Dormaa,Debaabi Yeboa
Bono,Dormaa,Kwado-Apaw
Bono,Dormaa West,Kwakuanya
Upper West,Nadowli,Konne
Bono,Dormaa West,Oponyawkrom
Bono,Dormaa West,Nyamebekyere Number Two
Bono,Dormaa West,Nyamebekyere Number One
Western North,Bia East,Akufokrom
Bono,Dormaa West,Apeakurom
Bono,Dormaa West,Yawdadikrom
Bono,Dormaa West,Tiwobabi
Western North,Bia East,Manukrom
Western North,Bia East,Tabirikrom
Western North,Bia East,Bondukukrom
Western North,Bia East,Adumkrom
Western,Unknown,Wawasu
Western North,Bia East,Kasabi
Western North,Bia East,Amoatinkrom
Western North,Bia East,Gyingyinkofikrom
Western North,Bia East,Kaase
Western North,Bia East,Nyamemadiembra
Western North,Bia East,Pewodee
Bono,Dormaa West,Akwadakrom
Bono,Dormaa West,Boatekrom
Bono,Dormaa West,Duakrawbeng
Western North,Bia East,Kumkumso
Western North,Bia East,Samanso
Western North,Bia East,Kwaokrom
Western North,Bia East,Dudujakrom
Western North,Bia East,Kofitokrom
Western North,Bia East,Owamkrom
Western,Unknown,Krobonsue
Western North,Bia,Yepokukrom
Western,Unknown,Bewi
Western North,Bia East,Bejiutu
Western North,Bia East,Pekasasi
Western North,Bia East,Ginkobu
Western,Unknown,Atifikro
Western North,Bia East,Ahemakrom Nkwanta
Western North,Bia East,Nyamentsi Kwadwokrakrom
Western North,Bia,Nyamebekyere Soka
Western North,Bia East,Amanfokrom
Bono,Dormaa,Aboabo
Bono,Dormaa West,Nyameamakurom
Bono,Dormaa West,Brofoyeduru
Bono,Dormaa West,Kwakuahinfiekurom
Bono,Dormaa,Yabatankrom
Bono,Dormaa West,Akusakrom
Bono,Dormaa West,Yaw Owusukrom
Ashanti,Ahafo Ano South,Kawjuokrom
Western,Unknown,Dajuen
Western,Unknown,Mpokuadai
Western,Unknown,Minta
Western,Unknown,Abrobani
Western,Unknown,Bakata
Western,Unknown,Wuwusu
Western,Mpohor/Wassa East,Ayikrom
Western,Unknown,Subriasu
Western,Mpohor,Hwiniso
Western,Unknown,Hwiniwasu
Western,Unknown,Denyami
Western,Unknown,Apitisu
Western,Unknown,Prudem
Western,Mpohor/Wassa East,Ajaw
Western,Unknown,Kranakruna
Western,Mpohor,Isansi
Western,Unknown,Aboabula
Western,Unknown,Asukesi
Western,Unknown,Dawkta
Western,Mpohor,Yayakrom
Western,Mpohor,Buasi
Western,Mpohor,Dawkta
Western,Unknown,Nkoto
Western,Shama,Osumakrom
Western,Unknown,Anukwakuma
Western,Shama,Ntontowura
Western,Unknown,Kwesikwa
Western,Shama,Ahurudo
Western,Shama,Ncherechi
Western,Shama,Etumado
Western,Unknown,Botawjwina
Western,Shama,Ewuechiri
Western,Shama,Echuma
Western,Shama,Awiabim
Western,Shama,Antu
Western,Shama,Antutre
Western,Shama,Yabiukwanta
Western,Shama,Besiasi
Western,Shama,Boiapia
Western,Shama,Thirteen Mile
Western,Shama,Brukora
Western,Shama,Daboasi-Kwanta
Western,Shama,Mafia
Western,Unknown,Anyum
Western,Shama,Kakokrom
Western,Unknown,Ankronu
Western,Shama,Edwinasa
Western,Mpohor/Wassa East,Akropong
Western,Shama,Atuasi
Western,Unknown,Ataniata
Western,Shama,Afranse
Western,Unknown,Anikawkaw
Central,Unknown,Benimbewu
Western,Unknown,Kuakwa
Western,Unknown,Kuekue
Western,Unknown,Abotusu
Western,Mpohor/Wassa East,Mpaitri
Western,Unknown,Amuaya
Western,Unknown,Otodum
Western,Unknown,Prasubri
Western,Unknown,Aboubo
Western,Mpohor/Wassa East,Mpentemsiri
Western,Mpohor/Wassa East,Sumunum
Western,Mpohor/Wassa East,Apachia
Western,Unknown,Epunu
Western,Unknown,Amoawura
Western,Mpohor/Wassa East,Damoakrom
Western,Unknown,Sweja
Western,Unknown,Prad
Western,Unknown,Abuoso
Western,Mpohor/Wassa East,Huntajedua
Central,Komenda/Edina/Eguafo/Abirem,Mpeasem
Central,Komenda/Edina/Eguafo/Abirem,Twiapiasi
Western,Shama,Chichiwere
Western,Shama,Musumkwa
Central,Unknown,Nintra
Central,Komenda/Edina/Eguafo/Abirem,Echisorodo
Western,Shama,Obronikrom
Central,Komenda/Edina/Eguafo/Abirem,Achirimo
Central,Komenda/Edina/Eguafo/Abirem,Kwachekrom
Western,Unknown,Ehoa
Western,Mpohor/Wassa East,Adams Camp
Western,Mpohor/Wassa East,Mensakrom
Western,Shama,Abotarye
Western,Shama,Anopaensu
Western,Shama,Dompem Number Two
Western,Shama,Graveldo
Western,Shama,Kumase
Western,Shama,Asem Asa Number Two
Western,Shama,Alavanyo
Central,Komenda/Edina/Eguafo/Abirem,Epawano
Western,Shama,Boronyikrom
Western,Shama,Kwabena Anokrom
Western,Shama,Ohiamaadwen
Western,Shama,Annto
Western,Shama,Chief Gakpokrom
Western,Shama,Daboase Nkwanta Number One
Western,Shama,Obinyimikyina
Western,Shama,Asemasa
Western,Shama,Bedukrom
Western,Mpohor/Wassa East,Kodwokrom
Western,Shama,Ata-Na-Ata
Western,Shama,Apeakrom
Western,Shama,Apreko
Western,Shama,Philipkrom
Western,Mpohor/Wassa East,Kumase
Central,Komenda/Edina/Eguafo/Abirem,Kwamekrom
Central,Komenda/Edina/Eguafo/Abirem,Komfokrom
Central,Komenda/Edina/Eguafo/Abirem,Ateambua
Central,Komenda/Edina/Eguafo/Abirem,Kwodokrom
Western,Mpohor/Wassa East,Adeankyewoden
Western,Mpohor/Wassa East,Kwaa Baa Krom
Western,Mpohor/Wassa East,Aboaboso
Western,Mpohor/Wassa East,Kofi Ahyiakrom
Western,Mpohor/Wassa East,Apetebi
Western,Mpohor/Wassa East,Adukwaa
Western,Mpohor/Wassa East,Adeembra
Western,Mpohor/Wassa East,Asumanikrom
Western,Unknown,Akuapam
Western,Mpohor/Wassa East,Kwabena Yeboakrom
Western,Mpohor/Wassa East,Akrofikrom
Western,Mpohor/Wassa East,Ata-Na-Ata
Western,Unknown,Adahansu
Western,Unknown,Kwajirifi
Western,Mpohor/Wassa East,Obrapayedew
Western,Mpohor/Wassa East,Mkapem
Western,Mpohor/Wassa East,Sekondi
Western,Mpohor/Wassa East,Kwanuama Number Two
Central,Komenda/Edina/Eguafo/Abirem,Atekyemu Number Two
Central,Komenda/Edina/Eguafo/Abirem,Atekyemu Number Three
Central,Komenda/Edina/Eguafo/Abirem,Mawokpor
Western,Mpohor/Wassa East,Kwanuama Number One
Western,Mpohor/Wassa East,Atekyemu Number One
Central,Komenda/Edina/Eguafo/Abirem,Kwasiakaakrom
Central,Komenda/Edina/Eguafo/Abirem,Diiballase
Central,Komenda/Edina/Eguafo/Abirem,Kofibenkrom
Central,Komenda/Edina/Eguafo/Abirem,Asaagor
Central,Unknown,Adwoa Krana
Central,Komenda/Edina/Eguafo/Abirem,Nyinaase
Central,Komenda/Edina/Eguafo/Abirem,Akweikrom
Western,Unknown,Supehene
Western,Unknown,Abuosu
Western,Unknown,Kwamawkwanta
Central,Komenda/Edina/Eguafo/Abirem,Nkrang
Western,Mpohor/Wassa East,Kwakyekrom
Western,Shama,Fort Saint Sebastian Point
Western,Unknown,Faukabra
Western,Unknown,Amoana
Western,Unknown,Aponapon
Central,Unknown,Anankasua
Western,Unknown,Adahasu
Western,Unknown,Chwenenwiri
Western,Unknown,Sribuo
Western,Unknown,Danyami
Western,Unknown,Wantakra
Western,Unknown,Noinoi
Western,Unknown,Bawnaw
Western,Unknown,Bonie
Western,Unknown,Ehiauntuo
Western,Unknown,Anwiasa
Western,Unknown,Ahiresu
Western,Unknown,Mfahawkaw
Western,Unknown,Sukoko
Western,Unknown,Asuehyiamitini
Western,Unknown,Ahabantetere
Western,Mpohor/Wassa East,Ahesu
Western,Unknown,Asuokofi
Western,Unknown,Bechemauru
Western,Unknown,Tantama
Western,Unknown,Adaham
Western,Unknown,Musua
Western,Unknown,Atoronsu
Western,Unknown,Siaboa
Western,Unknown,Enikarokaw
Western,Unknown,Esisienye
Western,Unknown,Akantansu
Western,Unknown,Ntamango
Western,Unknown,Akotosu
Western,Unknown,Fufufu
Western,Unknown,Asuopria
Western,Unknown,Asikani
Western,Unknown,Abura
Western,Unknown,Yanechi
Western,Unknown,Nkukosika
Western,Unknown,Ntonkom
Western,Unknown,Ankawsu
Western,Unknown,Mankransu
Western,Unknown,Kawkawtamriwa
Western,Unknown,Kwabinachum
Western,Unknown,Mintimrim
Western,Unknown,Krakaw
Western,Unknown,Krakwabina
Central,Unknown,Anumfra
Central,Twifo Hemang Lower Denkyira,Ahumfraso
Western,Unknown,Alahasu
Western,Unknown,Dubumadam
Central,Unknown,Bukra
Central,Unknown,Notineti
Central,Unknown,Dumaibi
Central,Unknown,Asuasu Bepoayasi
Central,Twifo Hemang Lower Denkyira,Akurafofro
Central,Unknown,Amifuku
Central,Unknown,Wawfasi
Central,Twifo Hemang Lower Denkyira,Bawjwiasi
Central,Unknown,Anifufu
Central,Unknown,Dakyi
Central,Unknown,Titamtam
Central,Unknown,Ahiresu
Central,Unknown,Nchuchwesuo
Central,Unknown,Aboabo
Central,Unknown,Abokosu
Western,Unknown,Apata
Western,Unknown,Akesu
Western,Unknown,Kotokwa
Western,Unknown,Akokobenumsu
Western,Unknown,Aurakofi
Western,Unknown,Abomani
Western,Unknown,Enibrabra
Western,Unknown,Suampong
Western,Unknown,Anwansu
Western,Unknown,Kostadum
Ashanti,Adansi South,Abobonyu
Western,Unknown,Abetemasu
Western,Mpohor/Wassa East,Asumenan
Western,Mpohor/Wassa East,Adukrom
Western,Mpohor/Wassa East,Yakubukrom
Western,Mpohor/Wassa East,Bukuru
Western,Mpohor/Wassa East,Anyamkrom
Western,Unknown,Ntontonsu
Western,Mpohor/Wassa East,Kodwodrivernkwanta
Western,Mpohor/Wassa East,Doama
Central,Unknown,Ogyegfufu
Central,Unknown,Nemesu
Central,Unknown,Gyahenkyi
Central,Twifo Hemang Lower Denkyira,Amanpe
Central,Unknown,Anweaanwea
Central,Twifo Hemang Lower Denkyira,Esukese Ekyir
Central,Twifo Hemang Lower Denkyira,Amakrom
Central,Twifo Hemang Lower Denkyira,Kwamoano
Western,Mpohor/Wassa East,Manhia
Western,Unknown,Dahomasum
Western,Mpohor/Wassa East,Owummpesika
Western,Mpohor/Wassa East,Owumenam
Western,Mpohor/Wassa East,Beenuye
Western,Mpohor/Wassa East,Famanye
Western,Mpohor/Wassa East,Anhuntem
Western,Unknown,Obomma
Western,Unknown,Pra Suhien Block Two Forest Reserve Portion D
Western,Unknown,Toe
Western,Unknown,Asuohyiame
Central,Unknown,Deyan
Central,Unknown,Suben
Central,Unknown,Kyerenkum
Central,Unknown,Kwatekyi
Ashanti,Unknown,Sukuma
Central,Upper Denkyira East,Abusuankuwoa
Central,Upper Denkyira East,Akosakurom
Central,Upper Denkyira East,Sunkwa
Central,Upper Denkyira East,Owusumensa Nkwanta
Central,Unknown,Bauben
Central,Upper Denkyira East,Subriso
Central,Unknown,Nsamansuo
Central,Unknown,Nsuansa
Central,Unknown,Kyekyewere
Central,Unknown,Amawaniwora
Central,Upper Denkyira East,Mmoframfaadwen
Central,Upper Denkyira East,Ntontonmu
Central,Upper Denkyira East,Kwasi Kyeikurom
Central,Upper Denkyira East,Marfo Kurom
Central,Twifo Ati-Morkwa,Adadekofikurom
Central,Upper Denkyira East,Kumakurom
Central,Upper Denkyira East,Latekurom
Central,Twifo Ati-Morkwa,Atakurom
Central,Twifo Ati-Morkwa,Kofi Nsia
Central,Twifo Ati-Morkwa,Krumagei
Central,Twifo Ati-Morkwa,Papa Anninakura
Central,Assin North,Obrayeko
Central,Assin North,Forsonkurom
Central,Twifo Ati-Morkwa,Kyerenkum
Central,Twifo Ati-Morkwa,Abbeykurom
Central,Assin North,Dansokurom
Central,Assin North,Bukarikurom
Central,Assin North,Domeabra
Central,Upper Denkyira East,Zion
Central,Upper Denkyira East,Nyamebekyere
Central,Upper Denkyira East,Mensa-Kurom
Central,Upper Denkyira East,Obinnimnna
Central,Upper Denkyira East,Abotareye
Central,Upper Denkyira East,Akyenekurom
Central,Upper Denkyira East,Nipa Nawieye
Central,Upper Denkyira East,Jameskurom
Central,Assin North,Ogyamkurom
Central,Assin North,Atuahenekurom
Central,Assin North,Budukurom
Central,Upper Denkyira East,Opanin Tawia Kurom
Central,Unknown,Akrasu
Central,Upper Denkyira East,Alatakurom
Central,Upper Denkyira East,Simawoho
Central,Unknown,Subi
Central,Unknown,Aworapenipa
Central,Unknown,Aprapon
Central,Unknown,Nebesu
Central,Upper Denkyira East,Gyaenkota
Central,Upper Denkyira East,Premprekurom
Ashanti,Adansi South,Prabonso
Ashanti,Adansi South,Mintakurom
Ashanti,Adansi South,Asiedukurom
Ashanti,Adansi South,Bekawopa
Ashanti,Adansi South,Nyamebekyere
Ashanti,Adansi South,Manhuntem
Ashanti,Adansi South,Agada
Ashanti,Adansi South,Yawdro
Ashanti,Adansi South,Kokooko
Ashanti,Adansi South,Kokwaado
Ashanti,Unknown,Kayeya
Ashanti,Adansi South,Agyaponkurom
Ashanti,Adansi South,Dwendabiasem
Ashanti,Adansi South,Boakyekurom
Ashanti,Adansi South,Baakonua
Ashanti,Adansi South,Makyinmabre
Ashanti,Adansi South,Adu Gba Kurom
Central,Upper Denkyira East,Gyetuakurom
Central,Upper Denkyira East,Bosomase
Central,Assin North,Kumikwakurom
Central,Assin North,Aboaboso
Central,Unknown,Akotosu
Central,Assin North,Kumananta
Central,Assin North,Assin Asaman
Central,Assin North,Adeikurom
Central,Assin North,Yawamutukurom
Central,Assin North,Afedaeye
Central,Assin North,Kyeikurom
Central,Assin North,Twereboanna
Central,Assin North,Kwameduro
Central,Unknown,Simiworaa
Central,Assin North,Senkyiem
Central,Unknown,Denyame
Central,Assin North,Fonfokurom
Central,Assin North,Anum Nkwanta
Ashanti,Adansi South,Asantekrom
Central,Unknown,Yaya
Central,Unknown,Ankomatre
Central,Unknown,Aboadi
Central,Unknown,Aponapon
Central,Unknown,Ajunsu
Central,Twifo Ati-Morkwa,Wurapakrom
Central,Unknown,Suhien
Central,Unknown,Apotrua
Central,Twifo Ati-Morkwa,Mbanpehia
Central,Twifo Ati-Morkwa,Aworoso
Central,Twifo Ati-Morkwa,Mintakura
Central,Twifo Ati-Morkwa,Kofiajeikrom
Central,Twifo Ati-Morkwa,Brodede
Central,Assin North,Aponaponso
Central,Assin North,Eniakra
Central,Assin North,Ntomantoma
Central,Upper Denkyira East,Dotom
Ashanti,Unknown,Abanai
Central,Twifo Ati-Morkwa,Yadejan
Ashanti,Adansi South,Subia
Central,Assin North,Besedruasi
Central,Upper Denkyira East,Aniantentem
Central,Twifo Ati-Morkwa,Dankwakurom
Central,Upper Denkyira East,Praprababida Number One
Central,Upper Denkyira East,Praprababida Number Two
Central,Upper Denkyira East,Praprababida Number Three
Central,Upper Denkyira East,Camp Number Two
Central,Upper Denkyira East,Zion Number Two
Central,Upper Denkyira East,Badowa Number Two
Central,Assin North,Akwanhyiamu Number Two
Central,Assin North,Akwanhyiamu Number One
Central,Assin North,Bungalow Number Two
Central,Assin North,Asenekurom
Ashanti,Obuasi,Nyinafroasidada
Ashanti,Adansi North,Biakwaso
Ashanti,Unknown,Akroma
Ashanti,Unknown,Adapo
Ashanti,Unknown,Buaman
Ashanti,Amansie Central,Abigyine
Ashanti,Unknown,Abgyine
Ashanti,Obuasi,Binsere
Ashanti,Obuasi,Nyamso
Ashanti,Obuasi,Gausu
Ashanti,Obuasi,Ramia
Ashanti,Obuasi,Ponkobi
Ashanti,Obuasi,Dunkwa Nkwanta
Ashanti,Adansi North,Kyekyewere
Ashanti,Adansi North,Dadwen
Ashanti,Obuasi,Kofikurom
Ashanti,Obuasi,Apitikokoo
Ashanti,Obuasi,Hansowodea
Ashanti,Adansi South,Okyerekurom
Ashanti,Adansi South,Kofiwikurom
Ashanti,Adansi South,Dwenewoho
Ashanti,Adansi South,Kwadwokurom
Ashanti,Unknown,Monson
Ashanti,Adansi South,Nkoransa
Ashanti,Adansi South,Kwabenadonkokurom
Ashanti,Adansi South,Owusukurom
Ashanti,Obuasi,Wonnipaninadue
Ashanti,Obuasi,Boete
Ashanti,Unknown,Akapon
Ashanti,Obuasi,Tutuka
Ashanti,Obuasi,Kwiabrafoso
Ashanti,Obuasi,Asankore
Ashanti,Obuasi,Atayawkurom
Ashanti,Unknown,Dwete
Ashanti,Unknown,Anwora
Ashanti,Unknown,Tweanea
Ashanti,Adansi North,Apomposo
Ashanti,Unknown,Eko
Ashanti,Unknown,Pompo Headwaters Forest Reserve
Ashanti,Unknown,Nyankomaso
Ashanti,Unknown,Nyasuahena
Ashanti,Unknown,Aramo
Ashanti,Adansi North,Denyase
Ashanti,Unknown,Nsamansua
Ashanti,Adansi North,Yawdankwakurom
Ashanti,Obuasi,Krofufrom
Ashanti,Obuasi,Nyamesomyede
Ashanti,Unknown,Krodua
Ashanti,Adansi North,Pewodee
Ashanti,Unknown,Kykapa
Ashanti,Adansi North,Fakafehu
Ashanti,Adansi North,Anwona
Ashanti,Adansi South,Esonkurom
Ashanti,Obuasi,Bribiyeman
Ashanti,Obuasi,Kokotesua
Ashanti,Obuasi,Kurinka
Ashanti,Unknown,Finanane
Ashanti,Obuasi,Yariyeya
Ashanti,Obuasi,Buedukawkaw
Ashanti,Obuasi,Anyinasi
Ashanti,Obuasi,Bakuyedin
Ashanti,Adansi North,Kwesi-Asiki
Ashanti,Adansi North,Adiembra
Ashanti,Amansie Central,Penipa
Ashanti,Amansie Central,Adiembra
Ashanti,Amansie Central,Chichiwere
Ashanti,Amansie Central,Kwajowuokrom
Ashanti,Obuasi,Yaopumakrom
Ashanti,Obuasi,Checha
Ashanti,Obuasi,Satuasi
Ashanti,Obuasi,Yaomensakrom
Ashanti,Obuasi,Anwiaso
Ashanti,Obuasi,Esasi
Ashanti,Unknown,Setampa
Ashanti,Obuasi,Adieso
Ashanti,Obuasi,Bidiem
Ashanti,Obuasi,Jameskrom
Ashanti,Obuasi,Bleble
Ashanti,Obuasi,Kaso
Ashanti,Obuasi,Anwiem
Ashanti,Obuasi,Nkeso
Ashanti,Amansie Central,Beposo
Ashanti,Adansi South,Kawtawpre
Ashanti,Unknown,Kawtawpre
Ashanti,Unknown,Ajinsu
Ashanti,Unknown,Adebensu
Ashanti,Adansi South,Amrem
Ashanti,Unknown,Chubla
Ashanti,Adansi South,Sriwafe
Ashanti,Adansi South,Ejuafo
Ashanti,Adansi South,Fremisinasi
Ashanti,Adansi South,Kojofojokura
Ashanti,Adansi South,Kwami-Anochikrom
Ashanti,Adansi South,Bepoasi
Ashanti,Adansi South,Kweku-Mensakrom
Ashanti,Adansi South,Adoso
Ashanti,Adansi South,Kukuabene
Ashanti,Adansi South,Wawasi
Ashanti,Adansi South,Eniatintem
Ashanti,Adansi South,Netikangkngso
Ashanti,Obuasi,Akotokrom
Ashanti,Obuasi,Ohene-Kokom
Ashanti,Obuasi,Ohianimguasi
Ashanti,Unknown,Praa
Ashanti,Obuasi,Behie
Ashanti,Obuasi,Suraw
Ashanti,Unknown,Asiribuo
Ashanti,Obuasi,Moabonum
Ashanti,Obuasi,Titifi
Ashanti,Obuasi,Aboajikrom
Ashanti,Unknown,Kwaberafo
Ashanti,Obuasi,Achochobuoso
Ashanti,Obuasi,Chichiwere
Ashanti,Obuasi,Adiembra
Ashanti,Obuasi,Sini Anachikrom
Ashanti,Obuasi,Kwaku Ankama Kurasi
Ashanti,Obuasi,Sanopei
Ashanti,Obuasi,Chibai
Ashanti,Obuasi,Ohianiyonku
Ashanti,Adansi North,Feti
Ashanti,Adansi North,Tunfokrom
Ashanti,Adansi North,Nyasempankachirewoyire
Ashanti,Adansi North,Apemsuso
Ashanti,Adansi North,Tasilima
Ashanti,Obuasi,Brofoadum
Ashanti,Adansi North,Fawoasempakaw
Ashanti,Adansi North,Sitra
Ashanti,Adansi North,Kobeda
Ashanti,Obuasi,Saniajakrom
Ashanti,Adansi North,Kwajo Dogo
Ashanti,Unknown,Jita
Ashanti,Obuasi,Asankori
Ashanti,Adansi North,Tebikura
Ashanti,Adansi North,Nguamasi
Ashanti,Adansi North,Ataniataso
Ashanti,Adansi South,Kojojangkrom
Ashanti,Adansi South,Denyansa
Ashanti,Unknown,Siroboma
Ashanti,Adansi South,Nyinafraw
Ashanti,Adansi North,Nyamebekyere Number Two
Ashanti,Adansi North,Adiemmra Number One
Ashanti,Obuasi,Apitiso Number One
Ashanti,Obuasi,Mensakurom Number One
Ashanti,Adansi South,Alata Number Two
Ashanti,Obuasi,Kwameduokurom
Ashanti,Adansi North,Mensakurom Number Two
Ashanti,Adansi North,Nyamebekyere Number Three
Ashanti,Unknown,Ntinankaw
Ashanti,Unknown,Achuchusu
Ashanti,Amansie Central,Aboabo
Ashanti,Amansie Central,Ataase
Ashanti,Unknown,Fiankuma
Ashanti,Amansie Central,Behenease
Ashanti,Amansie Central,Patabo
Ashanti,Adansi North,Kwafia
Ashanti,Amansie Central,Krodua
Ashanti,Amansie Central,Pennipa
Ashanti,Amansie Central,Kagyaase
Ashanti,Bekwai,Prabon
Ashanti,Bekwai,Achiasi
Ashanti,Bekwai,Kokopata
Ashanti,Bekwai,Abankyen
Ashanti,Bekwai,Feyiase
Ashanti,Bekwai,Nkyekyem
Ashanti,Bekwai,Odumuse
Ashanti,Amansie West,Cobbinankwanta
Ashanti,Bekwai,Kwabenakurom
Ashanti,Bekwai,Safokurom
Ashanti,Bekwai,Bekwaifakurom
Ashanti,Bekwai,Daban
Ashanti,Bekwai,Sikafiriham
Ashanti,Bekwai,Ayirebekurom
Ashanti,Bekwai,Gyatokurom
Ashanti,Bekwai,Pentenpina
Ashanti,Amansie Central,Gyaneawu
Ashanti,Amansie Central,Dawudakurom
Ashanti,Amansie Central,Atuahenekurom
Ashanti,Amansie Central,Okoroase
Ashanti,Amansie Central,Domenase
Ashanti,Amansie Central,Besease
Ashanti,Amansie Central,Betensin
Ashanti,Amansie Central,Kyebi
Ashanti,Amansie Central,Akuapim
Ashanti,Amansie Central,Domeabra
Ashanti,Amansie Central,Akekoaso
Ashanti,Amansie Central,New Akokoaso
Ashanti,Amansie Central,Esareso
Ashanti,Bekwai,New Kyekyewere
Ashanti,Bekwai,Sisikuro
Ashanti,Amansie Central,Womaase
Ashanti,Amansie Central,Akuroforom
Ashanti,Bekwai,Bodoma
Ashanti,Bekwai,Faaman
Ashanti,Bekwai,Seweaba
Ashanti,Bekwai,Mpasem
Ashanti,Bekwai,Abrade
Ashanti,Bekwai,Bedomase
Ashanti,Bekwai,Abesewa
Ashanti,Bekwai,Mantukwa
Ashanti,Bekwai,Kotwia
Ashanti,Unknown,Aduam
Ashanti,Bekwai,Nnerebehi
Ashanti,Unknown,Abamda
Ashanti,Bekwai,Asempanaye
Ashanti,Adansi North,New-Ayasi
Ashanti,Amansie West,Dotum
Ashanti,Bekwai,Akejeso
Ashanti,Bekwai,Jesikrom
Ashanti,Bekwai,Akotokuoso
Ashanti,Bekwai,Anibriba
Ashanti,Bekwai,Kija
Ashanti,Bekwai,Kwablanimokora
Ashanti,Bekwai,Mpeasem
Ashanti,Bekwai,Kenimisro
Ashanti,Bekwai,Asribuoso
Ashanti,Bekwai,Yareyare
Ashanti,Bekwai,Kenimisre
Ashanti,Bekwai,Tadieso
Ashanti,Bekwai,Kwamfosukrom
Ashanti,Bekwai,Adeamra
Ashanti,Bekwai,Anankesianu
Ashanti,Bekwai,Nubuatenten
Ashanti,Bekwai,Mahamaha
Ashanti,Unknown,Ebonsu
Ashanti,Bekwai,Chiabante
Ashanti,Bekwai,Bakoti
Ashanti,Bekwai,Mramra
Ashanti,Bekwai,Oseikokookurom
Ashanti,Bekwai,Dentekurom
Ashanti,Bekwai,Akowiakrom
Ashanti,Bekwai,Nibona
Ashanti,Bekwai,Ampeyo
Ashanti,Bekwai,Nyamimpebra
Ashanti,Unknown,Mohima
Ashanti,Bekwai,Krobono
Ashanti,Bekwai,Brechere
Ashanti,Amansie Central,Ntoti
Ashanti,Amansie Central,Dwenewoho
Ashanti,Amansie Central,Kwanchiabo
Ashanti,Unknown,Aturunsu
Ashanti,Bekwai,Fosukro
Ashanti,Bekwai,Aworoso
Ashanti,Bekwai,Abedinsebi
Ashanti,Bekwai,Okurasi
Ashanti,Amansie Central,Yorobunso
Ashanti,Amansie Central,Ampahima
Ashanti,Unknown,Akasu
Ashanti,Amansie Central,Metemanu
Ashanti,Amansie Central,Bampatia
Ashanti,Amansie Central,Chiribuma
Ashanti,Amansie Central,Apieso
Ashanti,Unknown,Tiepele
Ashanti,Amansie Central,Wurakesi
Ashanti,Amansie Central,Jana
Ashanti,Amansie Central,Abomasuso
Ashanti,Amansie Central,Kwaemonomu
Ashanti,Amansie Central,Nhieso
Ashanti,Amansie Central,Kwanting
Ashanti,Unknown,Abumabum
Ashanti,Amansie Central,Ntrobie
Ashanti,Amansie Central,Kwamang
Ashanti,Amansie Central,Brekaso
Ashanti,Amansie Central,Abasi
Ashanti,Unknown,Efiefi
Ashanti,Adansi North,Aprobonsua
Ashanti,Adansi North,Atiekrom
Ashanti,Adansi North,Patasi
Ashanti,Adansi North,Hendua
Ashanti,Adansi North,Aboaua
Ashanti,Amansie Central,Kobriku
Ashanti,Amansie Central,Ampebami
Ashanti,Amansie Central,Nkwatin
Ashanti,Amansie Central,Boafokrom
Ashanti,Amansie Central,Kokoro
Ashanti,Amansie Central,Donkoase
Ashanti,Amansie Central,Dewu
Ashanti,Amansie Central,Asoan
Ashanti,Bekwai,Kodua
Ashanti,Amansie Central,Hwibang
Ashanti,Amansie Central,Mankonoahogon
Ashanti,Bekwai,Adesua
Ashanti,Bekwai,Dituom
Ashanti,Bekwai,Yawkrom
Ashanti,Bekwai,Aiyinabrim
Ashanti,Unknown,Asuako
Ashanti,Bekwai,Amrasi
Ashanti,Bekwai,Wam
Ashanti,Bekwai,Brosanse
Ashanti,Bekwai,Nsutem
Ashanti,Bekwai,Nanankaw
Ashanti,Bekwai,Takoroasi
Ashanti,Bekwai,Nyamibechire
Ashanti,Bekwai,Amantin
Ashanti,Bekwai,Asebu
Ashanti,Bekwai,Esuaso
Ashanti,Bekwai,Atoko
Ashanti,Bekwai,Beposo
Ashanti,Bekwai,Ohiabonsua
Ashanti,Bekwai,Chrika
Ashanti,Bekwai,Kawbeda
Ashanti,Unknown,Suadwin
Ashanti,Unknown,Sujanta
Ashanti,Bekwai,Sebedie
Ashanti,Unknown,Akorasu
Ashanti,Bekwai,Ashantimanso
Ashanti,Bekwai,Tapechi
Ashanti,Bekwai,Bentiko
Ashanti,Bekwai,Adomanu
Ashanti,Bekwai,Anwiem
Ashanti,Bekwai,Anyinam
Ashanti,Bekwai,Dumakroma
Ashanti,Unknown,Aprapong
Ashanti,Bekwai,Abisua
Ashanti,Unknown,Dantabong
Ashanti,Bekwai,Kwaman
Ashanti,Bekwai,Abuoso
Ashanti,Bekwai,Kuma
Ashanti,Unknown,Tinkwang
Ashanti,Bekwai,Adidasi
Ashanti,Bekwai,Enebeni
Ashanti,Amansie Central,Moinsa
Ashanti,Unknown,Pimpim
Ashanti,Bekwai,Biribiwomanmu
Ashanti,Bekwai,Detiem
Ashanti,Unknown,Dankram
Ashanti,Bekwai,Kwasiapiakrom
Ashanti,Bekwai,Edwinsa
Ashanti,Bekwai,Dejuaeduma
Ashanti,Adansi North,Akokoso
Ashanti,Unknown,Ayamonyuma
Ashanti,Unknown,Subonting
Ashanti,Unknown,Ebinibing
Ashanti,Adansi North,Wueniebri
Ashanti,Adansi North,Anwiaso
Ashanti,Adansi North,Akwaso
Ashanti,Adansi North,Soyirabe
Ashanti,Adansi North,Bran
Ashanti,Adansi North,Kwakudonkokrom
Ashanti,Adansi North,Adukofi
Ashanti,Unknown,Buakese
Ashanti,Adansi North,Botoso
Ashanti,Adansi North,Suntuaso
Ashanti,Adansi North,Kwae
Ashanti,Unknown,Akrusu
Ashanti,Unknown,Abanmai
Ashanti,Bekwai,Adibra
Ashanti,Bekwai,Wioso
Ashanti,Amansie Central,Beguasi
Ashanti,Bekwai,Akwabetosu
Ashanti,Unknown,Humakrobom
Ashanti,Unknown,Ago
Ashanti,Unknown,Sankoto
Ashanti,Unknown,Trede
Ashanti,Unknown,Saman
Ashanti,Unknown,Akawaso
Ashanti,Atwima Nwabiagya,Mmaakuro
Ashanti,Kumasi,Edwenase
Ashanti,Kumasi,Krumuase
Ashanti,Kumasi,Behinase
Ashanti,Kumasi,Fankyenebra
Ashanti,Atwima Kwanwoma,Kyekyebon
Ashanti,Atwima Kwanwoma,Apemanim
Ashanti,Atwima Kwanwoma,Afrentia
Ashanti,Atwima Kwanwoma,Adumase
Ashanti,Atwima Kwanwoma,Sebina Akrofrom
Ashanti,Atwima Kwanwoma,Kyekyewere
Ashanti,Atwima Kwanwoma,Kantinchiri
Ashanti,Atwima Kwanwoma,Dentekurom
Ashanti,Atwima Kwanwoma,Nkwanta
Ashanti,Atwima Kwanwoma,Amoafo
Ashanti,Unknown,Bohen
Ashanti,Amansie West,Abom
Ashanti,Amansie West,Mantukwa
Ashanti,Unknown,Nkutua
Ashanti,Amansie West,Asasintanbi
Ashanti,Bekwai,Kwaim
Ashanti,Unknown,Akosua
Ashanti,Bekwai,Brusanko
Ashanti,Bekwai,Monno
Ashanti,Bekwai,Adwuampon
Ashanti,Bekwai,Kyiransa
Ashanti,Unknown,Awuruwu
Ashanti,Atwima Kwanwoma,Bedase
Ashanti,Atwima Kwanwoma,Esipon
Ashanti,Atwima Kwanwoma,Odumase
Ashanti,Bosomtwe,Behenase
Ashanti,Unknown,Abibri
Ashanti,Atwima Kwanwoma,Duopam
Ashanti,Unknown,Korko
Ashanti,Atwima Kwanwoma,Aboabo
Ashanti,Kumasi,Asago
Ashanti,Kumasi,Ampeyoo
Ashanti,Unknown,Nkanto
Ashanti,Bosomtwe,Esereso
Ashanti,Kumasi,Apirabo
Ashanti,Kumasi,Dabanpanin
Ashanti,Kumasi,Daban
Ashanti,Kumasi,Konkromase
Ashanti,Kumasi,Asukwa
Ashanti,Asokore Mampong Municipal,Mesuom
Ashanti,Asokore Mampong Municipal,Asabi
Ashanti,Asokore Mampong Municipal,Sepetimpom
Ashanti,Asokore Mampong Municipal,Owusu Ansa
Ashanti,Unknown,Akuosu
Ashanti,Kumasi,Abrepo
Ashanti,Kumasi,Atafua
Ashanti,Kumasi,Mpatasee
Ashanti,Kumasi,Abrepokese
Ashanti,Unknown,Bunkumfuo
Ashanti,Unknown,Sukobri
Ashanti,Kwabre District,Boyiasi
Ashanti,Unknown,Bomine
Ashanti,Kwabre District,Brofoyeduru
Ashanti,Unknown,Atonsu
Ashanti,Ejisu Juaben,Ekyem
Ashanti,Ejisu Juaben,Gyakye
Ashanti,Ejisu Juaben,Kokobra
Ashanti,Asokore Mampong Municipal,Aperade
Ashanti,Kumasi,Bebiri
Ashanti,Kumasi,Duom
Ashanti,Kumasi,Boadi
Ashanti,Kumasi,Kokoben
Ashanti,Unknown,Bohenwura
Ashanti,Kumasi,Agogo
Ashanti,Bosomtwe,Ayuom
Ashanti,Unknown,Watre
Ashanti,Unknown,Agyamfa
Ashanti,Bosomtwe,Aboaso
Ashanti,Unknown,Atetesu
Ashanti,Unknown,Abesu
Ashanti,Unknown,Subri
Ashanti,Bosomtwe,Worakese
Ashanti,Atwima Nwabiagya,Kodwobiowuokurom
Ashanti,Unknown,Awasu
Ashanti,Unknown,Owabi Waterworks
Ashanti,Atwima Nwabiagya,Koforidua
Ashanti,Unknown,Akrobontu
Ashanti,Unknown,Gyaniakua
Ashanti,Unknown,Owabi Waterworks Forest Reserve
Ashanti,Unknown,Kakawere
Ashanti,Kumasi,Apatrapa
Ashanti,Unknown,Ntikyei
Ashanti,Unknown,Abowinsua
Ashanti,Unknown,Anyankama
Ashanti,Unknown,Fosuwura
Ashanti,Unknown,Patapon
Ashanti,Unknown,Nsuoabina
Ashanti,Kumasi,Amanfrom
Ashanti,Unknown,Buabina
Ashanti,Atwima Kwanwoma,Aponsakwa Kwanwoma
Ashanti,Kumasi,Akyeremade
Ashanti,Unknown,Wiewie
Ashanti,Unknown,Kokoroma
Ashanti,Unknown,Amuakua
Ashanti,Unknown,Ayakwa
Ashanti,Unknown,Tetim
Ashanti,Unknown,Adare
Ashanti,Unknown,Dununyi
Ashanti,Atwima Kwanwoma,Ampetua
Ashanti,Unknown,Anwia
Ashanti,Unknown,Kodu
Ashanti,Unknown,Brapon
Ashanti,Unknown,Abosu
Ashanti,Unknown,Kantinko
Ashanti,Unknown,Ajaware
Ashanti,Atwima Kwanwoma,Kotei
Ashanti,Atwima Kwanwoma,Nkroransa
Ashanti,Unknown,Anwomasu
Ashanti,Atwima Kwanwoma,New Ahenema Kokoben
Ashanti,Kumasi,Anyinam
Ashanti,Unknown,Monu
Ashanti,Atwima Kwanwoma,Kurofoforom
Ashanti,Kumasi,Aprabon
Ashanti,Unknown,Asamansua
Ashanti,Kumasi,Apere
Ashanti,Kumasi,Dakodwo
Ashanti,Unknown,Wahyai
Ashanti,Kumasi,Nhiaso
Ashanti,Unknown,Atasine
Ashanti,Unknown,Daban
Ashanti,Kumasi,Ahodwo
Ashanti,Unknown,Suatem
Ashanti,Unknown,Kumasi Forest Reserve
Ashanti,Unknown,Nyiagka
Ashanti,Unknown,Nyaa
Ashanti,Unknown,Kwadasu
Ashanti,Kumasi,Old Soldiers Settlement
Ashanti,Kumasi,Bohen
Ashanti,Unknown,Punpunasi
Ashanti,Asokore Mampong Municipal,Nyameyehene
Ashanti,Unknown,Akyeanpom
Ashanti,Unknown,Asuowirentuo
Ashanti,Unknown,Ahyiresu
Ashanti,Unknown,Akokosua
Ashanti,Unknown,Agonofuna
Ashanti,Unknown,Surutwi
Ashanti,Asokore Mampong Municipal,Buabai
Ashanti,Unknown,Posabre
Ashanti,Unknown,Kosa
Ashanti,Unknown,Nyime
Ashanti,Unknown,Betinko
Ashanti,Unknown,Kesiafi
Ashanti,Unknown,Kantinkronu
Ashanti,Unknown,Akoasu
Ashanti,Unknown,Adoti
Ashanti,Unknown,Akokronai
Ashanti,Unknown,Nkyifra
Ashanti,Unknown,Ankoni
Ashanti,Unknown,Aponsua
Ashanti,Unknown,Humadama
Ashanti,Unknown,Abresua
Ashanti,Unknown,Yaya
Ashanti,Unknown,Denkyiremani
Ashanti,Unknown,Abrampon
Ashanti,Unknown,Otu
Ashanti,Unknown,Adapa
Ashanti,Unknown,Abosomtwiwa
Ashanti,Unknown,Ashire
Ashanti,Bosomtwe,Swedru
Ashanti,Atwima Nwabiagya,Brentin
Ashanti,Atwima Nwabiagya,Tata
Ashanti,Atwima Nwabiagya,Nchichirechi
Ashanti,Atwima Nwabiagya,Adahumasi
Ashanti,Unknown,Esuefu
Ashanti,Kumasi,Kokoso
Ashanti,Kumasi,Abasi
Ashanti,Atwima Nwabiagya,Dadiasi
Ashanti,Atwima Nwabiagya,Nyinasinasi
Ashanti,Atwima Kwanwoma,Kofikrom
Ashanti,Atwima Nwabiagya,Echi
Ashanti,Atwima Nwabiagya,Apimasi
Ashanti,Kumasi,Nta
Ashanti,Kumasi,Kokode
Ashanti,Unknown,Angankama
Ashanti,Atwima Kwanwoma,Seidi
Ashanti,Unknown,Anakesu
Ashanti,Atwima Kwanwoma,Wiabra
Ashanti,Unknown,Kotobong
Ashanti,Unknown,Kwadutiri
Ashanti,Atwima Kwanwoma,Setiasi
Ashanti,Unknown,Inyedum
Ashanti,Unknown,Aseche
Ashanti,Atwima Kwanwoma,Tabiri
Ashanti,Atwima Kwanwoma,Fahiakotwire
Ashanti,Atwima Kwanwoma,Kwesi Bohinikrom
Ashanti,Atwima Kwanwoma,Nyinasi
Ashanti,Unknown,Efia
Ashanti,Atwima Kwanwoma,Odumasi
Ashanti,Atwima Kwanwoma,Bokrom
Ashanti,Atwima Kwanwoma,Twinibuaso
Ashanti,Amansie West,Ejumem-Yaobrobe
Ashanti,Amansie West,Yana
Ashanti,Atwima Kwanwoma,Kaniagro
Ashanti,Atwima Kwanwoma,Oseikofikrom
Ashanti,Unknown,Opinteng
Ashanti,Atwima Kwanwoma,Tontokrom
Ashanti,Atwima Kwanwoma,Kuwuka-Sampedaikrom
Ashanti,Unknown,Duakom
Ashanti,Atwima Kwanwoma,Mbofranjuin
Ashanti,Amansie West,Ampa
Ashanti,Amansie West,Mpeheneasa
Ashanti,Amansie West,Atankaso
Ashanti,Bekwai,Ekaseneko
Ashanti,Unknown,Pawora
Ashanti,Atwima Kwanwoma,Sefuasi
Ashanti,Bosomtwe,Mangoasi
Ashanti,Bekwai,Kwanyako
Ashanti,Atwima Kwanwoma,Moabota
Ashanti,Atwima Kwanwoma,Mankonahogo
Ashanti,Atwima Kwanwoma,Adumasa
Ashanti,Atwima Kwanwoma,Odaso
Ashanti,Atwima Kwanwoma,Kwaso
Ashanti,Bosomtwe,Odamensa
Ashanti,Bosomtwe,Agogo
Ashanti,Unknown,Kuoko
Ashanti,Unknown,Ahire
Ashanti,Atwima Kwanwoma,Abibriso
Ashanti,Kumasi,Pechuda
Ashanti,Kumasi,Apaso
Ashanti,Unknown,Boko
Ashanti,Kumasi,Mereadan
Ashanti,Kumasi,Sintreso
Ashanti,Kumasi,Patasi
Ashanti,Unknown,Dichem
Ashanti,Kumasi,Tuasi
Ashanti,Asokore Mampong Municipal,Kotonponiaferi
Ashanti,Asokore Mampong Municipal,Edukrom
Ashanti,Kumasi,Aketego
Ashanti,Kumasi,Oforikrom
Ashanti,Kumasi,Sisaiso
Ashanti,Asokore Mampong Municipal,Anyinam
Ashanti,Kumasi,Adumenu
Ashanti,Kumasi,Esuoja
Ashanti,Kumasi,Makro
Ashanti,Unknown,Santang
Ashanti,Kumasi,Apraprem
Ashanti,Kumasi,Mawabanjo
Ashanti,Kumasi,Ohiaminohini
Ashanti,Unknown,Awuro
Ashanti,Kumasi,Buahwini
Ashanti,Unknown,Apenpensu
Ashanti,Kwabre District,Akwesitre
Ashanti,Kumasi,Nsenie
Ashanti,Ejisu Juaben,Akokoamon
Ashanti,Kumasi,Benimasi
Ashanti,Kumasi,Chumeduasi
Ashanti,Kumasi,Kodiekrom
Ashanti,Unknown,Dache
Ashanti,Kumasi,Nahinso
Ashanti,Bosomtwe,Kafodidi
Ashanti,Unknown,Nchiriban
Ashanti,Bosomtwe,Asioja
Ashanti,Bosomtwe,Nfejonba
Ashanti,Unknown,Suede
Ashanti,Bosomtwe,Prenyinasi
Ashanti,Bosomtwe,Kukuado
Ashanti,Bosomtwe,Brodiasi
Ashanti,Unknown,Amai
Ashanti,Unknown,Sukobi
Ashanti,Bosomtwe,Ajwiso
Ashanti,Unknown,Bankuonu
Ashanti,Kumasi,Sipe
Ashanti,Kumasi,Wesley College
Ashanti,Bekwai,Asankare
Ashanti,Unknown,Tuatum
Ashanti,Atwima Kwanwoma,Twindruasi
Ashanti,Adansi North,Kyeaboso
Ashanti,Unknown,Akai
Western,Mpohor,Obirikrom
Western,Mpohor,Memunakrom
Western,Mpohor,Abudukrom
Western,Mpohor,Kodwokrom
Western,Mpohor,Esikrom Obeyeyie
Western,Mpohor,Tsintsimhwe
Western,Unknown,Buantre
Western,Ahanta West,Tetremu
Western,Ahanta West,Apimanim
Western,Ahanta West,Sankrakrom
Western,Mpohor,Sentinyon-Nkwanta
Western,Ahanta West,Nyame Yawkrom
Western,Ahanta West,Nyaibekyire
Western,Unknown,Alato
Western,Ahanta West,Nkwantaesia
Western,Ahanta West,Adukuakrom
Western,Ahanta West,Friti
Western,Ahanta West,Pertsea Camp Number Four
Western,Ahanta West,Atwokwae
Western,Ahanta West,Aketenkye
Western,Ahanta West,Tontu
Western,Ahanta West,Fort Batenstein
Western,Ahanta West,Sofokrom
Western,Ahanta West,Mmpeasem
Western,Ahanta West,Enyinaase
Western,Ahanta West,Huntumano
Western,Ahanta West,Anteamua
Western,Ahanta West,Kodwodagaatekrom
Western,Ahanta West,Bofun
Western,Unknown,Nfuma
Western,Unknown,Busua
Western,Ahanta West,Aboadzi
Western,Ahanta West,Alatakrom
Western,Ahanta West,Atakrom
Western,Ahanta West,Kubekul
Western,Unknown,Fante Agyan
Western,Unknown,Sese
Western,Unknown,Mewu
Western,Unknown,Atwiwa
Western,Ahanta West,Kekamati
Western,Ahanta West,Medwuapim
Western,Ahanta West,Tobola
Western,Ahanta West,Busum Ampayin
Western,Ahanta West,Anwiwpo
Western,Ahanta West,Atatsir
Western,Ahanta West,Obimpe
Western,Ahanta West,Grotto
Western,Ahanta West,Ankyernyin
Western,Unknown,Asukutia
Western,Unknown,Onolimeleme
Western,Ahanta West,Yebikrom
Western,Unknown,Kagyabil
Western,Ahanta West,Nakabakrom
Western,Unknown,Aboaba
Western,Ahanta West,Ewusiadwo Nkwanta
Western,Ahanta West,Bokro
Western,Ahanta West,Akatakyi
Western,Unknown,Ata
Western,Unknown,Fakoba
Western,Ahanta West,Warabeba
Western,Unknown,Agyingyake
Western,Unknown,Bama
Western,Mpohor,Pertsea Camp Number Three
Western,Ahanta West,Nyamepebiara
Western,Ahanta West,Adabokrom
Western,Mpohor,Pertsea Camp Number Two
Western,Ahanta West,Pertsea Nkwanta
Western,Ahanta West,Efurapokrom
Western,Unknown,Akromanto
Western,Ahanta West,Kwekutsiakrom
Western,Unknown,Putukasa
Western,Secondi Takoradi,Mpatado
Western,Secondi Takoradi,Adiamtem
Western,Unknown,Kansawura
Western,Secondi Takoradi,Fijai
Western,Secondi Takoradi,Anagya Camp
Western,Secondi Takoradi,Effia-Kuma Estate
Western,Unknown,Buiwan
Western,Secondi Takoradi,Anagye-Effia Estate
Western,Secondi Takoradi,Myohaung Army Barracks
Western,Mpohor,Kofikrom
Western,Mpohor,Ankasi
Western,Mpohor,Akaikrom
Western,Mpohor,Kwesikrom
Western,Mpohor,Mutubi
Western,Mpohor,Woyakrom
Western,Mpohor,Atakrom
Western,Mpohor,Asiakrom
Western,Mpohor,Nyaminkuwo
Western,Mpohor,Eyiaraye
Western,Unknown,Kokobaka
Western,Unknown,Firam
Western,Ahanta West,Mamponso
Western,Ahanta West,Obiara-Mpeh
Western,Ahanta West,Brahababum
Western,Ahanta West,Okumkrom
Western,Unknown,Tanaya
Western,Ahanta West,Asini
Western,Ahanta West,Ansa
Western,Ahanta West,Adiakakrom
Western,Ahanta West,Anpoyoe
Western,Ahanta West,Enumasa
Western,Ahanta West,Jwenenyamihu
Western,Ahanta West,Chwenebuakrom
Western,Ahanta West,Wonkanseru
Western,Ahanta West,Mpeasem
Western,Ahanta West,Nfiasi
Western,Unknown,Ngrenene
Western,Unknown,Kofrin
Western,Ahanta West,Afrumikrom
Western,Unknown,Nanka
Western,Ahanta West,Nkwantado
Western,Ahanta West,Sankekrom
Western,Unknown,Beniel
Western,Ahanta West,Padiri
Western,Ahanta West,Akakrom
Western,Unknown,Aboabokuma
Western,Ahanta West,Ensunyamiye
Western,Unknown,Fomvako
Western,Ahanta West,Bedukrom
Western,Ahanta West,Damti
Western,Ahanta West,Jambeakrom
Western,Unknown,Susuani
Western,Ahanta West,Bogukrom
Western,Ahanta West,Bremang
Western,Ahanta West,Posikrom
Western,Ahanta West,Ebinkeyehwe
Western,Unknown,Achinaha
Western,Ahanta West,Mensakrom
Western,Unknown,Kanieyire
Western,Unknown,Baben
Western,Unknown,Etifianke
Western,Ahanta West,Beakakrom
Western,Unknown,Piabo
Western,Mpohor,Impohawyabi
Western,Ahanta West,Esukaw
Western,Ahanta West,Esiakrom
Western,Ahanta West,Fosukrom
Western,Unknown,Yekumsa
Western,Mpohor,Jaipapaye
Western,Mpohor,Batanbogun
Western,Ahanta West,Bakuntira
Western,Mpohor,Asuboni
Western,Ahanta West,Machuohu
Western,Ahanta West,Brokukrom
Western,Ahanta West,Popiama
Western,Mpohor,Mensa Oseikrom
Western,Mpohor,Forikrom
Western,Mpohor,Sebokrom
Western,Mpohor,Aposemkrom
Western,Unknown,Kwabota
Western,Mpohor,Hawhoyeyaw
Western,Mpohor,Adumtokuro
Western,Secondi Takoradi,Kanchabo
Western,Secondi Takoradi,Atamakrom
Western,Mpohor,Abuawso
Western,Secondi Takoradi,Abutare
Western,Mpohor,Kwabota
Western,Unknown,Hwinkwa
Western,Mpohor,Obrayeku
Western,Mpohor,Nkatiakrom
Western,Secondi Takoradi,Osakrom
Western,Secondi Takoradi,Fahiakochure
Western,Secondi Takoradi,Dukukrom
Western,Secondi Takoradi,Afrumikrom
Western,Secondi Takoradi,Kofikrom
Western,Unknown,Ekwa
Western,Secondi Takoradi,Wonkansrew
Western,Unknown,Afri
Western,Secondi Takoradi,Kojokrom
Western,Secondi Takoradi,Mokum
Western,Secondi Takoradi,Ademkrom
Western,Unknown,Trepowuna
Western,Secondi Takoradi,Benyakrom
Western,Ahanta West,Ntiakukrom
Western,Unknown,Musobura
Western,Secondi Takoradi,Kwaobonekrom
Western,Unknown,Nvale
Western,Unknown,Adwowa
Western,Secondi Takoradi,Medianyeye
Western,Secondi Takoradi,Nyamiasi
Western,Unknown,Nuyena
Western,Ahanta West,Bosumprakrom
Western,Ahanta West,Ebenkrom
Western,Unknown,Cherema
Western,Ahanta West,Dompoasi
Western,Ahanta West,Amawkrom
Western,Unknown,Dabagyin
Western,Ahanta West,Amanfokrom
Western,Secondi Takoradi,Adawkro
Western,Unknown,Duku
Western,Secondi Takoradi,Bronikrom
Western,Mpohor,Dajikrom
Western,Unknown,Asikuma
Western,Unknown,Ananuma
Western,Unknown,Abrebo
Western,Ahanta West,Kwekubenyakrom
Western,Unknown,Wanawana
Western,Mpohor,Wusem
Western,Unknown,Adenchenkai
Western,Mpohor,Afibiyesa
Western,Mpohor,Eninanye
Western,Ahanta West,Ahwobon
Western,Mpohor,Bonianwi
Western,Ahanta West,Kojokrom
Western,Ahanta West,Ekrekrom
Western,Unknown,Asubom
Western,Ahanta West,Abotelye
Western,Ahanta West,Angukrom
Western,Ahanta West,Kwedu Awudua
Western,Mpohor,Ohenekrom
Western,Unknown,Nwenua
Western,Unknown,Antike
Western,Ahanta West,Enyamekrom
Western,Unknown,Anuasu
Western,Unknown,Apebiabaka
Western,Unknown,Agorobaka
Western,Unknown,Suniwura
Western,Unknown,Asutsintsin
Western,Unknown,Nzamde
Western,Ahanta West,Wari Village Number Two
Western,Ahanta West,Kamse
Western,Ahanta West,Efutu
Western,Ahanta West,Aboabo
Western,Unknown,Aledoa
Western,Ahanta West,Awurada
Western,Unknown,Amponketsia
Western,Ahanta West,Fort Metal Cross
Western,Unknown,Anam
Western,Ahanta West,Asanti
Western,Tarkwa Nsuaem,Nyinasi
Western,Unknown,Kawere
Western,Unknown,Dehabaka
Western,Unknown,Kukrokro
Western,Unknown,Bisi
Western,Tarkwa Nsuaem,Nyamibechere
Western,Unknown,Mesa Mesa
Western,Unknown,Nsamkaw
Western,Unknown,Kwahunsa
Western,Unknown,Bontiware
Western,Unknown,Kojonyubakem
Western,Unknown,Cheremikru
Western,Unknown,Esuesu
Western,Unknown,Esabaka
Western,Mpohor,Butreatifi
Western,Mpohor,Ahinkrom
Western,Unknown,Nsuansa
Western,Unknown,Awhiawhia
Western,Unknown,Bayirepa
Western,Mpohor,Ayinasi
Western,Mpohor,Brawso
Western,Mpohor,Chiawanirohe
Western,Unknown,Bonsamaka
Western,Unknown,Mreturia
Western,Mpohor,Sefwi Anwiaso
Western,Mpohor,Ojainuaenyeie
Western,Unknown,Atija
Western,Unknown,Abibre
Western,Mpohor,Tarkwa
Western,Unknown,Ntrawa
Western,Unknown,Bumuna
Western,Mpohor,Patase
Western,Unknown,Dimbom
Western,Mpohor,Takorase
Western,Unknown,Esubonfofro
Western,Mpohor,Bosuatrejuma
Western,Mpohor,Ekayenibaw
Western,Mpohor,Bakotua
Western,Mpohor,Sawodadiem
Western,Mpohor,Nyinasi
Western,Unknown,Supong
Western,Unknown,Dadebre
Western,Unknown,Esubonkese
Western,Mpohor,Asasetre
Western,Mpohor,Adiembra
Western,Mpohor,Akaminko
Western,Mpohor,Minyimdeodiba
Western,Mpohor,Kwasiabeyenda
Western,Mpohor,Sikayehine
Western,Mpohor,Sikafonkaw
Western,Mpohor,Ashireshire
Western,Mpohor,Sentia
Western,Unknown,Jebuabaka
Western,Unknown,Adinse
Western,Unknown,Bonouogum
Western,Mpohor,Ekayefi
Western,Unknown,Dachere
Western,Unknown,Chechere Awura
Western,Unknown,Aboskensu
Western,Unknown,Krobun
Western,Unknown,Ayisikaw
Western,Unknown,Kodiatano
Western,Mpohor,Adankasa
Western,Mpohor,Bekwai
Western,Unknown,Nkasu
Western,Unknown,Anta
Western,Unknown,Aboabu
Western,Unknown,Akokrabo
Western,Unknown,Subrikawkaw
Western,Unknown,Dunkwao
Western,Unknown,Aboshensu
Western,Unknown,Nyeresi
Western,Mpohor,Nhwiniso
Western,Unknown,Dokuri
Western,Unknown,Mankoni
Western,Unknown,Achida
Western,Unknown,Nkuta
Western,Unknown,Nhwiniajei
Western,Unknown,Chiriboyuma
Western,Unknown,Sekondi Waterworks Catchment Area Block Three Forest Reserve
Western,Mpohor,Kofi Nipa Kura
Western,Mpohor,Enedinaye
Western,Mpohor,Enibakoso
Western,Unknown,Edisibaka
Western,Mpohor,Chiapiasi
Western,Unknown,Adadem
Western,Mpohor,Miriyeni
Western,Secondi Takoradi,Pepekrom
Western,Mpohor,Asasi Bome Bosia
Western,Mpohor,Detieso
Western,Unknown,Apunapon
Western,Mpohor,Abuoso
Western,Mpohor,Apunapunoso
Western,Mpohor,Yasechere
Western,Mpohor,Nyehiakuneku
Western,Unknown,Pompum
Western,Mpohor,Mereyeni
Western,Mpohor,Miradang
Western,Unknown,Bukru
Western,Mpohor,Amponketia
Western,Secondi Takoradi,Donkokrom
Western,Mpohor,Akromakrom
Western,Secondi Takoradi,Brofoyedru
Western,Unknown,Aiyim
Western,Mpohor,Akyaakrom
Western,Mpohor,Awonakrom
Western,Unknown,Aboabaka
Western,Mpohor,Oseekrom
Western,Mpohor,Tumentu
Western,Mpohor,Cheremakrom
Western,Unknown,Atofuo
Western,Unknown,Wuratie
Western,Unknown,Tetia
Western,Unknown,Nyua
Western,Unknown,Prabong
Western,Unknown,Tinterntempa
Western,Unknown,Awurakofi
Western,Unknown,Nsawtaw
Western,Unknown,Ashien
Western,Unknown,Euakabua
Western,Unknown,Deja
Western,Unknown,Bankabuakwa
Western,Unknown,Bawdie
Western,Unknown,Aboajeawura
Western,Unknown,Pimkuma
Western,Prestea-Huni Valley,Kwakrumakrom
Western,Unknown,Futabra
Western,Unknown,Fulanchu
Western,Unknown,Kwapong
Western,Unknown,Petesu
Western,Prestea-Huni Valley,Tsimtsimhwe
Western,Prestea-Huni Valley,Benso
Western,Prestea-Huni Valley,Bensafaw
Western,Unknown,Kwaklunklu
Western,Unknown,Mpetijei
Western,Unknown,Temang
Western,Unknown,Kwaminapim
Western,Unknown,Asuasu
Western,Unknown,Apeisumang
Western,Unknown,Asunyako
Central,Unknown,Akankansu
Central,Unknown,Apeisumang
Central,Unknown,Aiyin
Western,Unknown,Punpunasu
Western,Wassa Amenfi East,Mawfrabesu
Western,Wassa Amenfi East,Enifu
Western,Wassa Amenfi East,Fakokrom
Central,Unknown,Adaka Nsamia
Western,Unknown,Arwiaso
Western,Unknown,Anankadi
Western,Unknown,Nkonto-Ben Forest Reserve
Western,Unknown,Fofo
Western,Unknown,Abentinsu
Western,Prestea-Huni Valley,Bobkrom
Western,Unknown,Owurakese
Western,Unknown,Mojabon
Western,Unknown,Ojiusakang
Western,Unknown,Nkuntun
Western,Wassa Amenfi East,Famanyami
Western,Unknown,Atechesu
Western,Wassa Amenfi East,Nkaso Mpetemsire
Western,Wassa Amenfi East,Chiagun
Western,Wassa Amenfi East,Wuowuo
Western,Unknown,Asintiri
Western,Unknown,Bejwa
Western,Unknown,Wuwu
Central,Upper Denkyira East,Peterkrom
Western,Unknown,Namesu
Western,Wassa Amenfi East,Brepraw
Central,Unknown,Bopoasi
Central,Upper Denkyira East,Ajankamado
Western,Prestea-Huni Valley,Nyamibuo
Western,Unknown,Suhiem
Western,Unknown,Nsuta
Western,Unknown,Abnabna
Central,Upper Denkyira West,Nfaohianwu
Western,Unknown,Wawa
Western,Unknown,Sutre
Western,Unknown,Nsufufu
Western,Unknown,Ajaku
Western,Wassa Amenfi East,Ncwinchwina
Western,Unknown,Lake Brose
Western,Unknown,Boti
Western,Unknown,Eku
Western,Unknown,Ayar
Western,Unknown,Bompaja
Western,Unknown,Tetiasu
Central,Unknown,Anikawkaw
Central,Upper Denkyira East,Bebianiha
Central,Unknown,Wuwu
Central,Unknown,Buadua
Central,Unknown,Sasraku
Central,Upper Denkyira East,Famayo
Central,Unknown,Tuatam
Central,Upper Denkyira East,Impenkuro
Central,Upper Denkyira East,Kwekunsiakrom
Central,Upper Denkyira East,Chebi
Central,Upper Denkyira East,Bremang
Ashanti,Adansi South,Samoakrom
Central,Upper Denkyira West,Aijmpaboa
Central,Unknown,Siana
Central,Unknown,Chiresamena
Central,Unknown,Awuronsu
Central,Unknown,Chirebra
Central,Unknown,Danyami
Central,Unknown,Mpachua
Ashanti,Adansi South,Anyinam
Central,Upper Denkyira West,Kwamplekrom
Western,Unknown,Chesika
Western,Wassa Amenfi East,Agukrom
Western,Unknown,Asa
Central,Unknown,Asua
Central,Unknown,Nsanka
Central,Upper Denkyira West,Domiabra
Central,Upper Denkyira West,Bokiteso
Central,Upper Denkyira West,Bokitiso
Central,Upper Denkyira West,Nerebehi
Central,Upper Denkyira West,Enikawkawso
Ashanti,Adansi South,Kwekuadaikrom
Ashanti,Adansi South,Tiheneti
Central,Upper Denkyira West,Antaso
Central,Unknown,Akodiawua
Central,Upper Denkyira East,Apenpetia
Central,Upper Denkyira East,Naimakrom
Central,Upper Denkyira East,Abesiwa
Ashanti,Unknown,Denyau
Ashanti,Unknown,Ahankaw
Ashanti,Unknown,Kokesi
Ashanti,Ahafo Ano South,Brenya
Ashanti,Atwima Mponua,Papaye
Ashanti,Atwima Mponua,Kukuboso
Ashanti,Atwima Mponua,Mofrafajwin
Ashanti,Atwima Mponua,Abompe
Ashanti,Ahafo Ano South,Kwaminsiakrom
Ashanti,Unknown,Nkontankontan
Ashanti,Unknown,Dinchini
Ashanti,Unknown,Kukubo
Ashanti,Unknown,Dakukato
Ashanti,Unknown,Muramura
Ashanti,Unknown,Abamu
Ashanti,Unknown,Kropong
Ashanti,Unknown,Chuwa
Ashanti,Unknown,Nkansawi
Ashanti,Unknown,Achwiasu
Ashanti,Unknown,Afawtawkaw
Ashanti,Atwima Mponua,Kantinchreng
Ashanti,Atwima Mponua,Kwanfinfi
Ashanti,Unknown,Angwamasu
Ashanti,Unknown,Gyemera Extention Forest Reserve
Ashanti,Unknown,Anankasu
Ashanti,Unknown,Pusuwuro
Ashanti,Amansie West,Jeniasi
Ashanti,Unknown,Jetwi
Ashanti,Amansie West,Breman
Ashanti,Amansie West,Brepraw
Ashanti,Amansie West,Asempaneye
Ashanti,Amansie West,Nkaka
Ashanti,Amansie West,Dankwaso
Ashanti,Amansie West,Aniantentem
Ashanti,Amansie West,Esaneso
Ashanti,Amansie West,Aboabo
Ashanti,Unknown,Aduaya
Ashanti,Amansie West,Nsuontem
Ashanti,Amansie West,Chemsotano
Ashanti,Amansie West,Chemso
Ashanti,Amansie West,Briniben
Ashanti,Unknown,Jimira
Ashanti,Unknown,Atronsu
Ashanti,Unknown,Jimira Forest Reserve
Ashanti,Unknown,Amangu
Ashanti,Unknown,Bedru
Ashanti,Unknown,Abisiwa
Ashanti,Unknown,Akuntin
Ashanti,Unknown,Ahawtawsu
Ashanti,Unknown,Brobeasua
Ashanti,Unknown,Ayawhu
Ashanti,Unknown,Bedifi
Ashanti,Atwima Mponua,Inwirem
Ashanti,Unknown,Boratanto
Ashanti,Atwima Mponua,Brikwaja
Ashanti,Atwima Mponua,Mansaso
Ashanti,Unknown,Abotankaw
Ashanti,Unknown,Mansa
Ashanti,Atwima Mponua,Mpasem
Ashanti,Atwima Nwabiagya,Mansaso
Ashanti,Atwima Nwabiagya,Patako Mansaso
Ashanti,Atwima Nwabiagya,Abotankaw
Ashanti,Unknown,Suansa
Ashanti,Unknown,Ahinfo
Ashanti,Unknown,Konkonkaw
Ashanti,Atwima Mponua,Hiamasika
Ashanti,Unknown,Mosiakaw
Ashanti,Unknown,Nonchowa
Ashanti,Unknown,Kontomre
Ashanti,Unknown,Ahantamua
Ashanti,Unknown,Wawadaso
Ashanti,Atwima Nwabiagya,Kontomre
Ashanti,Unknown,Kasanim
Ashanti,Atwima Nwabiagya,Nyamibechere
Ashanti,Atwima Nwabiagya,Chriyaei
Ashanti,Atwima Nwabiagya,Dichre
Ashanti,Atwima Nwabiagya,Nyamiani
Ashanti,Unknown,Amponsa
Ashanti,Atwima Nwabiagya,Afija
Ashanti,Unknown,Awuaboni
Ashanti,Unknown,Ajentidua
Ashanti,Atwima Nwabiagya,Awansanfu
Ashanti,Unknown,Nsesekaw
Ashanti,Unknown,Dwehen
Ashanti,Unknown,Ayankama
Ashanti,Atwima Nwabiagya,Donkoasi
Ashanti,Unknown,Tanansi
Ashanti,Atwima Nwabiagya,Sonkori
Ashanti,Atwima Nwabiagya,Nyerise
Ashanti,Unknown,Sama
Ashanti,Atwima Nwabiagya,Asuminja
Ashanti,Unknown,Asuonwini
Ashanti,Unknown,Sukusuku
Ashanti,Unknown,Amampamsu
Ashanti,Atwima Nwabiagya,Ampeyo
Ashanti,Unknown,Jankoba
Ashanti,Atwima Kwanwoma,Ampenkro
Ashanti,Atwima Kwanwoma,Kutukrom
Ashanti,Unknown,Duadaso
Ashanti,Atwima Nwabiagya,Brofuyasemoa
Ashanti,Atwima Nwabiagya,Mfankumawi
Ashanti,Atwima Nwabiagya,Kojokrom
Ashanti,Atwima Nwabiagya,Jasikrom
Ashanti,Atwima Nwabiagya,Sankwamso
Ashanti,Unknown,Awansansu
Ashanti,Atwima Nwabiagya,Tadieso
Ashanti,Atwima Kwanwoma,Kwajo Mere Akura
Ashanti,Atwima Kwanwoma,Motanfo
Ashanti,Unknown,Muchwi
Ashanti,Amansie West,Koku
Ashanti,Unknown,Dompo
Ashanti,Unknown,Tasuama
Ashanti,Atwima Kwanwoma,Adiyepena
Ashanti,Atwima Kwanwoma,Adabohweso
Ashanti,Amansie West,Ekrukroso
Ashanti,Unknown,Apnasu
Ashanti,Amansie West,Sefwi
Ashanti,Atwima Nwabiagya,Kotochiwa
Ashanti,Atwima Nwabiagya,Bobafahu
Ashanti,Atwima Nwabiagya,Nkwakom
Ashanti,Unknown,Baguro
Ashanti,Atwima Kwanwoma,Ajeikrom
Ashanti,Amansie West,Baguroso
Ashanti,Amansie West,Bankroso
Ashanti,Amansie West,Nyamibechere
Ashanti,Atwima Kwanwoma,Abenue
Ashanti,Unknown,Awiawi
Ashanti,Atwima Kwanwoma,Awiawi
Ashanti,Unknown,Adahasu
Ashanti,Atwima Kwanwoma,Techikrom
Ashanti,Atwima Kwanwoma,Oseikrom
Ashanti,Atwima Kwanwoma,Bompeja
Ashanti,Unknown,Mfanhamawi
Ashanti,Unknown,Asuabina
Ashanti,Atwima Nwabiagya,Mereadan
Ashanti,Atwima Nwabiagya,Biredi
Ashanti,Unknown,Esuoajua
Ashanti,Atwima Nwabiagya,Ampenkro
Ashanti,Atwima Nwabiagya,Abojwisango
Ashanti,Atwima Nwabiagya,Mim
Ashanti,Atwima Nwabiagya,Huruye
Ashanti,Atwima Nwabiagya,Amuabin
Ashanti,Atwima Nwabiagya,Chichiwere
Ashanti,Atwima Nwabiagya,Nkwanua
Ashanti,Unknown,Awrontena
Ashanti,Unknown,Disri
Ashanti,Unknown,Osom
Ashanti,Unknown,Fansu
Ashanti,Unknown,Asuoybua
Ashanti,Unknown,Amisare
Ashanti,Unknown,Pampramadai
Ashanti,Atwima Nwabiagya,Kumi
Ashanti,Unknown,Suma
Ashanti,Afigya-Kwabre District,Bomso
Ashanti,Afigya-Kwabre District,Sasa
Ashanti,Unknown,Anomako
Ashanti,Offinso Municipal District,Antoa
Ashanti,Unknown,Sua
Ashanti,Unknown,Akrasu
Ashanti,Unknown,Subi
Ashanti,Afigya-Kwabre District,Bomfa
Ashanti,Unknown,Akokosu
Ashanti,Offinso Municipal District,Odeso
Ashanti,Unknown,Pare
Ashanti,Offinso Municipal District,Dagadukrom
Ashanti,Unknown,Apejayesua
Ashanti,Unknown,Afuto
Ashanti,Unknown,Osudesuo
Ashanti,Offinso Municipal District,Ataniata
Ashanti,Unknown,Ataniata
Ashanti,Offinso Municipal District,Anyinebun
Ashanti,Offinso Municipal District,Seseko
Ashanti,Offinso Municipal District,Mansira
Ashanti,Offinso Municipal District,Mawfrafajwen
Ashanti,Offinso Municipal District,Bobra
Ashanti,Unknown,Akwasua
Ashanti,Offinso Municipal District,Hianisa
Ashanti,Offinso Municipal District,Aboaboja
Ashanti,Unknown,Dodon
Ashanti,Offinso Municipal District,Kawbeda
Ashanti,Unknown,Bakunkum
Ashanti,Offinso Municipal District,Abisim
Ashanti,Offinso Municipal District,Desuo
Ashanti,Offinso Municipal District,Domiabra
Ashanti,Unknown,Amosua
Ashanti,Offinso Municipal District,Akodum
Ashanti,Offinso Municipal District,Sina
Ashanti,Offinso Municipal District,Tanfoasre
Ashanti,Offinso Municipal District,Kokoasa
Ashanti,Offinso Municipal District,Fahiakawchwi
Ashanti,Offinso Municipal District,Prabong
Ashanti,Unknown,Etimetim
Ashanti,Offinso Municipal District,Busuachrika
Ashanti,Unknown,Aboawmu
Ashanti,Offinso Municipal District,Kokwabe
Ashanti,Offinso Municipal District,Pewuhuwisu
Ashanti,Offinso Municipal District,Asantipeni
Ashanti,Offinso Municipal District,Momuso
Ashanti,Unknown,Yechreni
Ashanti,Offinso Municipal District,Nsuakaw
Ashanti,Offinso Municipal District,Akuntam
Ashanti,Unknown,Edukro
Ashanti,Unknown,Kunsi
Ashanti,Unknown,Esuobri
Ashanti,Unknown,Atoronsua
Ashanti,Offinso Municipal District,Ekapai
Ashanti,Offinso Municipal District,Manpehia
Ashanti,Offinso Municipal District,Pewudia
Ashanti,Offinso Municipal District,Mpeyo
Ashanti,Atwima Nwabiagya,Nipaneye
Ashanti,Unknown,Sambong
Ashanti,Atwima Nwabiagya,Bredi
Ashanti,Atwima Nwabiagya,Ekwabedu
Ashanti,Atwima Nwabiagya,Tumasua
Ashanti,Unknown,Safochi
Ashanti,Offinso Municipal District,Jayemiya
Ashanti,Offinso Municipal District,Sambong
Ashanti,Atwima Nwabiagya,Yentuminka
Ashanti,Offinso Municipal District,Mahami
Ashanti,Unknown,Nsuta
Ashanti,Offinso Municipal District,Ntumano
Ashanti,Unknown,Chiraya
Ashanti,Offinso Municipal District,Bredi
Ashanti,Unknown,Nantia
Ashanti,Unknown,Abotonsu
Ashanti,Offinso Municipal District,Hupi
Ashanti,Unknown,Bisinsu
Ashanti,Atwima Nwabiagya,Adieyepena
Ashanti,Unknown,Adieyepena
Ashanti,Atwima Nwabiagya,Pewudia
Ashanti,Unknown,Kentia
Ashanti,Atwima Nwabiagya,Abetinsua
Ashanti,Unknown,Bumasua
Ashanti,Offinso Municipal District,Asuoja
Ashanti,Unknown,Aboawsu
Ashanti,Atwima Nwabiagya,Kenta
Ashanti,Unknown,Bopkeu
Ashanti,Unknown,Kankabin
Ashanti,Unknown,Ajuinesu
Ashanti,Unknown,Akrosu
Ashanti,Unknown,Asuboni
Ashanti,Unknown,Bobonsehunu
Ashanti,Atwima Nwabiagya,Ntinsre
Ashanti,Unknown,Anuresu
Ashanti,Atwima Nwabiagya,Bobonsehunu
Ashanti,Atwima Nwabiagya,Niamoakrom
Ashanti,Unknown,Echrekesu
Ashanti,Afigya-Kwabre District,Fokuokrom
Ashanti,Afigya-Kwabre District,Tosaso
Ashanti,Afigya-Kwabre District,Sisanso
Ashanti,Unknown,Ekuyeku
Ashanti,Unknown,Akawsua
Ashanti,Afigya-Kwabre District,Kotokuom
Ashanti,Unknown,Arna
Ashanti,Unknown,Abuesua
Ashanti,Unknown,Dochuwa
Ashanti,Atwima Nwabiagya,Abuom
Ashanti,Atwima Nwabiagya,Kawbra
Ashanti,Atwima Nwabiagya,Amananjo
Ashanti,Atwima Nwabiagya,Krobo
Ashanti,Atwima Nwabiagya,Hwiba
Ashanti,Atwima Nwabiagya,Tokukrom
Ashanti,Unknown,Patabin
Ashanti,Atwima Nwabiagya,Asante
Ashanti,Atwima Nwabiagya,Abrewa
Ashanti,Atwima Nwabiagya,Bantang
Ashanti,Atwima Nwabiagya,Ampabami
Ashanti,Unknown,Esuakaw
Ashanti,Unknown,Ankransa
Ashanti,Unknown,Brebenum
Ashanti,Atwima Nwabiagya,Kuntunko
Ashanti,Atwima Nwabiagya,Jamachi
Ashanti,Atwima Nwabiagya,Krua
Ashanti,Unknown,Anfra
Ashanti,Atwima Nwabiagya,Matindo
Ashanti,Atwima Nwabiagya,Aboaso
Ashanti,Atwima Nwabiagya,Sasraku
Ashanti,Atwima Nwabiagya,Amia
Ashanti,Kumasi,Adade
Ashanti,Kumasi,Mentia
Ashanti,Atwima Nwabiagya,Adiembra
Ashanti,Afigya-Kwabre District,Franwasi
Ashanti,Afigya-Kwabre District,Abutentia
Ashanti,Afigya-Kwabre District,Chirasi
Ashanti,Unknown,Jiniebun
Ashanti,Unknown,Chreye
Ashanti,Unknown,Prabo
Ashanti,Unknown,Nkadai
Ashanti,Unknown,Dusua
Ashanti,Afigya-Kwabre District,Adubinsua
Ashanti,Unknown,Tipro
Ashanti,Afigya-Kwabre District,Tabuo
Ashanti,Afigya-Kwabre District,Akawsua
Ashanti,Unknown,Asuensu
Ashanti,Afigya-Kwabre District,Pra
Ashanti,Unknown,Ankani
Ashanti,Kwabre District,Yasori
Ashanti,Unknown,Krua
Ashanti,Unknown,Esueye
Ashanti,Unknown,Bobunsu
Ashanti,Afigya-Kwabre District,Kwadene
Ashanti,Afigya-Kwabre District,Antonikrom
Ashanti,Unknown,Abompobo
Ashanti,Unknown,Abasu
Ashanti,Unknown,Achichi
Ashanti,Unknown,Supong
Ashanti,Afigya-Kwabre District,Fahiakawchwi
Ashanti,Unknown,Nsuabina
Ashanti,Unknown,Amoadai
Ashanti,Afigya-Kwabre District,Bisiasi
Ashanti,Afigya-Kwabre District,Enianti
Ashanti,Unknown,Ayem
Ashanti,Afigya-Kwabre District,Nyamimamichere
Ashanti,Afigya-Kwabre District,Yaokawkawkrom
Ashanti,Afigya-Kwabre District,Ehiaminchini
Ashanti,Unknown,Otimsu
Ashanti,Unknown,Batuaw
Ashanti,Afigya-Kwabre District,Bafuaw
Ashanti,Unknown,Afwirensu
Ashanti,Afigya-Kwabre District,Akwesu
Ashanti,Unknown,Nobesu
Ashanti,Afigya-Kwabre District,Kensre
Ashanti,Afigya-Kwabre District,Sachrawusu
Ashanti,Afigya-Kwabre District,Nibriba
Ashanti,Unknown,Dompa
Ashanti,Afigya-Kwabre District,Tumkrom
Ashanti,Unknown,Bakuwredu
Ashanti,Offinso Municipal District,Nsuano
Ashanti,Unknown,Abonsua
Ashanti,Unknown,Ajempra
Ashanti,Afigya-Kwabre District,Monsa
Ashanti,Afigya-Kwabre District,Fwiremuasi
Ashanti,Afigya-Kwabre District,Bonkawkaw
Ashanti,Afigya-Kwabre District,Ahuntem
Ashanti,Unknown,Ata
Ashanti,Afigya-Kwabre District,Adiembra
Ashanti,Unknown,Kedinai
Ashanti,Afigya-Kwabre District,Kedinai
Ashanti,Unknown,Ayira
Ashanti,Afigya-Kwabre District,Ayiratifi
Ashanti,Unknown,Nwana
Ashanti,Offinso Municipal District,Abankroso
Ashanti,Offinso Municipal District,Asempasa
Ashanti,Offinso Municipal District,Koforidua
Ashanti,Afigya-Kwabre District,Kamani
Ashanti,Afigya-Kwabre District,Pewuhuwisu
Ashanti,Afigya-Kwabre District,Mawfrafajwen
Ashanti,Afigya-Kwabre District,Nipahuyehu
Ashanti,Offinso Municipal District,Asempaneye
Ashanti,Afigya-Kwabre District,Hianimgwasi
Ashanti,Unknown,Faa
Ashanti,Afigya-Kwabre District,Hiahieda
Ashanti,Afigya-Kwabre District,Odoyefe
Ashanti,Unknown,Anensu
Ashanti,Unknown,Fekuma
Ashanti,Afigya-Kwabre District,Faaho
Ashanti,Afigya-Kwabre District,Duakon
Ashanti,Unknown,Oyira
Ashanti,Afigya-Kwabre District,Koforidua
Ashanti,Afigya-Kwabre District,Minimabre
Ashanti,Unknown,Asribusu
Ashanti,Afigya-Kwabre District,Abesiwusua
Ashanti,Sekyere South,Owusukrom
Ashanti,Sekyere South,Abokosua
Ashanti,Sekyere South,Oheneakamfo
Ashanti,Sekyere South,Ayewa
Ashanti,Sekyere South,Mawdodai
Ashanti,Sekyere South,Owiesua
Ashanti,Sekyere South,Sriboaw
Ashanti,Sekyere South,Oseikrom
Ashanti,Unknown,Abokosua
Ashanti,Sekyere South,Kojokrom
Ashanti,Sekyere South,Mahuntem
Ashanti,Sekyere South,Akroso
Ashanti,Sekyere South,Nibriba
Ashanti,Unknown,Akatosu
Ashanti,Sekyere South,Nyamiyadom
Ashanti,Sekyere South,Adumatakrom
Ashanti,Unknown,Nkwabin
Ashanti,Unknown,Akesu
Ashanti,Unknown,Nsensensu
Ashanti,Sekyere South,Adieyepena
Ashanti,Sekyere South,Ajeikrom
Ashanti,Sekyere South,Jeyesuaso
Ashanti,Sekyere South,Pokukrom
Ashanti,Sekyere South,Ohianpenika
Ashanti,Unknown,Anensuo
Ashanti,Sekyere South,Jumokrom
Ashanti,Unknown,Afuntuwa
Ashanti,Sekyere South,Nfawreho
Ashanti,Sekyere South,Boatenckrom
Ashanti,Sekyere South,Sebewie
Ashanti,Sekyere South,Kokwado
Ashanti,Sekyere South,Januma
Ashanti,Sekyere South,Akosakrom
Ashanti,Sekyere South,Kafonimde
Ashanti,Unknown,Montosua
Ashanti,Afigya-Kwabre District,Nyaminti
Ashanti,Afigya-Kwabre District,Nyamikum
Ashanti,Afigya-Kwabre District,Brepro
Ashanti,Afigya-Kwabre District,Sufrenyami
Ashanti,Afigya-Kwabre District,Kwisikrom
Ashanti,Afigya-Kwabre District,Chreboanda
Ashanti,Afigya-Kwabre District,Mawuwurenho
Ashanti,Afigya-Kwabre District,Adahasu
Ashanti,Unknown,Akwaysua
Ashanti,Unknown,Kesua
Ashanti,Unknown,Jeyesua
Ashanti,Unknown,Esuokuma
Ashanti,Sekyere South,Esuokumaso
Ashanti,Unknown,Oyon
Ashanti,Sekyere South,Mefwenyami
Ashanti,Unknown,Aduma
Ashanti,Sekyere South,Bonkawkaw
Ashanti,Unknown,Abawshu
Ashanti,Sekyere South,Kwanowa
Ashanti,Sekyere South,Katawudieso
Ashanti,Afigya-Kwabre District,Abawyeano
Ashanti,Afigya-Kwabre District,Mankesimu
Ashanti,Unknown,Mposu
Ashanti,Sekyere South,Brahabebumi
Ashanti,Sekyere South,Kwayem
Ashanti,Afigya-Kwabre District,Kwekunsiakrom
Ashanti,Afigya-Kwabre District,Josefkrom
Ashanti,Afigya-Kwabre District,Abetinsua
Ashanti,Afigya-Kwabre District,Chriba
Ashanti,Afigya-Kwabre District,Atiakofikrom
Ashanti,Afigya-Kwabre District,Esasi
Ashanti,Afigya-Kwabre District,Nsunyamye
Ashanti,Afigya-Kwabre District,Mposu
Ashanti,Afigya-Kwabre District,Mfakanfehu
Ashanti,Afigya-Kwabre District,Bakuyeya
Ashanti,Afigya-Kwabre District,Senihia
Ashanti,Unknown,Frensiu
Ashanti,Afigya-Kwabre District,Enitimfi
Ashanti,Afigya-Kwabre District,Bomodin
Ashanti,Unknown,Esuofu
Ashanti,Afigya-Kwabre District,Esuofu
Ashanti,Afigya-Kwabre District,Ampaha
Ashanti,Unknown,Buesiwa
Ashanti,Sekyere South,Mpeasem
Ashanti,Sekyere South,Mambehiao
Ashanti,Sekyere South,Asridiano
Ashanti,Sekyere South,Bako
Ashanti,Sekyere South,Echampongkrom
Ashanti,Afigya-Kwabre District,Oseiyaokrom
Ashanti,Unknown,Akawsu
Ashanti,Afigya-Kwabre District,Duadumako
Ashanti,Unknown,Abibisu
Ashanti,Afigya-Kwabre District,Enyetina
Ashanti,Afigya-Kwabre District,Kurakan
Ashanti,Unknown,Bosumoaw
Ashanti,Unknown,Ntunkum
Ashanti,Sekyere South,Ntunkuja
Ashanti,Sekyere South,Esuano
Ashanti,Sekyere South,Apiedukrom
Ashanti,Sekyere South,Ankawdon
Ashanti,Kwabre District,Tiwubabi
Ashanti,Kwabre District,Nsunyamiyo
Ashanti,Kwabre District,Anyinesu
Ashanti,Afigya-Kwabre District,Yaobiokrom
Ashanti,Afigya-Kwabre District,Kukrem
Ashanti,Unknown,Akotie
Ashanti,Unknown,Kuakwa
Ashanti,Kwabre District,Akotosu
Ashanti,Kwabre District,Domiabra
Ashanti,Unknown,Bisi
Ashanti,Unknown,Abobinsu
Ashanti,Unknown,Akotosu
Ashanti,Unknown,Ayamai
Ashanti,Offinso Municipal District,Sakamukurom
Ashanti,Unknown,Buko
Ashanti,Unknown,Tekyibiri
Ashanti,Unknown,Achinsi Classification Range
Ashanti,Afigya-Kwabre District,Ahodwo
Ashanti,Unknown,Ahwresu
Ashanti,Unknown,Abura
Ashanti,Offinso Municipal District,New Ofenso
Ashanti,Afigya-Kwabre District,Afua Kuntukurom
Ashanti,Unknown,Nkawkaw
Ashanti,Unknown,Akafi
Ashanti,Kwabre District,Kinkasi
Ashanti,Unknown,Buta
Ashanti,Unknown,Ntesua
Ashanti,Afigya-Kwabre District,Mami
Ashanti,Unknown,Ensesa
Ashanti,Atwima Nwabiagya,Barekese Water Works
Ashanti,Unknown,Aduasu
Ashanti,Unknown,Kowabe
Ashanti,Unknown,Putusu
Ashanti,Unknown,Asesua
Ashanti,Unknown,Akusua
Ashanti,Unknown,Abotua
Ashanti,Unknown,Abrenponada
Ashanti,Unknown,Ampato
Ashanti,Unknown,Obidanbi
Ashanti,Unknown,Achichiri
Ashanti,Offinso Municipal District,Afatom
Ashanti,Offinso Municipal District,Mansra
Ashanti,Atwima Nwabiagya,Bariauo
Ashanti,Unknown,Pantu
Ashanti,Unknown,Adusua
Ashanti,Kumasi,Hwediem
Ashanti,Atwima Nwabiagya,Nkatia
Ashanti,Afigya-Kwabre District,Afrantwo
Ashanti,Afigya-Kwabre District,Krobobuoho
Ashanti,Atwima Nwabiagya,Amoaman
Ashanti,Afigya-Kwabre District,Seyimo
Ashanti,Afigya-Kwabre District,Patase
Ashanti,Afigya-Kwabre District,Pampatia
Ashanti,Atwima Nwabiagya,Kintabuo
Ashanti,Unknown,Sasea
Ashanti,Afigya-Kwabre District,Chinikurom
Ashanti,Unknown,Asensu
Ashanti,Afigya-Kwabre District,Adubensobea
Ashanti,Afigya-Kwabre District,Adubensokese
Ashanti,Afigya-Kwabre District,Ebom
Ashanti,Afigya-Kwabre District,Edwenase
Ashanti,Afigya-Kwabre District,Agyaakobooho
Ashanti,Afigya-Kwabre District,Besease
Ashanti,Afigya-Kwabre District,Atimatim
Ashanti,Kwabre District,Mmedoma
Ashanti,Kwabre District,Bosore
Ashanti,Kwabre District,Nwomasi
Ashanti,Kwabre District,Sisirase
Ashanti,Kwabre District,Akyease
Ashanti,Afigya-Kwabre District,Abrade
Ashanti,Unknown,Nsundan
Ashanti,Kwabre District,New Nsoromaso
Ashanti,Unknown,Ahasu
Ashanti,Kwabre District,Gyamfi Wono
Ashanti,Kwabre District,Aketebommo
Ashanti,Offinso Municipal District,Bonsua Number One
Ashanti,Unknown,Krokro
Ashanti,Unknown,Anomakosa
Ashanti,Atwima Nwabiagya,Asaman
Ashanti,Kumasi,Amanforom
Ashanti,Afigya-Kwabre District,Buonkabin
Ashanti,Afigya-Kwabre District,Adubenso Besease
Ashanti,Afigya-Kwabre District,Wioso
Ashanti,Unknown,Asubri
Ashanti,Unknown,Gyanuma
Ashanti,Unknown,Bisibri
Western,Prestea-Huni Valley,Jedua
Western,Prestea-Huni Valley,Tintina
Western,Prestea-Huni Valley,Nkaso
Western,Prestea-Huni Valley,Siasi
Western,Unknown,Supani
Western,Unknown,Akubri
Western,Unknown,Nkokoa
Western,Prestea-Huni Valley,Aponaponso
Western,Unknown,Mampehia
Western,Unknown,Adaham-Awura
Western,Unknown,Abowu
Western,Prestea-Huni Valley,Alikura
Western,Prestea-Huni Valley,Tawakrom
Western,Unknown,Mesamesa
Western,Prestea-Huni Valley,Kpetewume
Western,Prestea-Huni Valley,Mampehia
Western,Unknown,Mojawi
Western,Prestea-Huni Valley,Dompim
Western,Prestea-Huni Valley,Bowiekrom
Western,Prestea-Huni Valley,Asitre
Western,Unknown,Penin-Awura
Western,Prestea-Huni Valley,Kofikrom
Western,Prestea-Huni Valley,Okrakrom
Western,Unknown,Patru
Western,Prestea-Huni Valley,Ebinpebiye
Western,Prestea-Huni Valley,Boakukrom
Western,Prestea-Huni Valley,Kofiekurasai
Western,Unknown,Konkonsu
Western,Prestea-Huni Valley,Esuabenaso
Western,Unknown,Esuabena
Western,Unknown,Esuokofi
Western,Prestea-Huni Valley,Yarekwaokurasi
Western,Prestea-Huni Valley,Petreham
Western,Prestea-Huni Valley,Namaso
Western,Prestea-Huni Valley,Akutuasi Grakrom
Western,Prestea-Huni Valley,Lagos
Western,Prestea-Huni Valley,Sakam
Western,Prestea-Huni Valley,Poor-No-Friend
Western,Unknown,Atenesu
Western,Unknown,Akresu
Western,Tarkwa Nsuaem,Sewirikrom
Western,Tarkwa Nsuaem,Tarkwa Esamang
Western,Tarkwa Nsuaem,Ohiankwanta
Western,Prestea-Huni Valley,Kaidawso
Western,Prestea-Huni Valley,Kokoa
Western,Tarkwa Nsuaem,Tibodua
Western,Unknown,Kwaminadei
Western,Tarkwa Nsuaem,Dadieso
Western,Prestea-Huni Valley,Kumukrom
Western,Prestea-Huni Valley,Adienchin
Western,Prestea-Huni Valley,Abukofikrom
Western,Prestea-Huni Valley,Bechere
Western,Prestea-Huni Valley,Mrakrom
Western,Prestea-Huni Valley,Jenikrom
Western,Prestea-Huni Valley,Dumikrom
Western,Tarkwa Nsuaem,Wiawso
Western,Tarkwa Nsuaem,Bedukrom
Western,Tarkwa Nsuaem,Dadekro
Western,Tarkwa Nsuaem,Kwesikrom
Western,Tarkwa Nsuaem,Kangakrom
Western,Unknown,Ntekrubaka
Western,Tarkwa Nsuaem,Nximafokrom
Western,Tarkwa Nsuaem,Faomaniye
Western,Tarkwa Nsuaem,Kokoba
Western,Tarkwa Nsuaem,Eboniyajwini
Western,Tarkwa Nsuaem,Kawkawba
Western,Tarkwa Nsuaem,Atakrom
Western,Tarkwa Nsuaem,Mendi
Western,Tarkwa Nsuaem,Kubekuro
Western,Tarkwa Nsuaem,Nyaminpengu
Western,Tarkwa Nsuaem,Adakanpai
Western,Unknown,Ahitisu
Western,Tarkwa Nsuaem,Ntabreta
Western,Unknown,Krubini
Western,Tarkwa Nsuaem,Mpentansri
Western,Prestea-Huni Valley,Bakunchriakoko
Western,Tarkwa Nsuaem,Bepochiri
Western,Tarkwa Nsuaem,Brofoyedru
Western,Tarkwa Nsuaem,Kawkawma
Western,Tarkwa Nsuaem,Kwamlakrom
Western,Unknown,Anyui
Western,Unknown,Ebibre
Western,Tarkwa Nsuaem,Kwajokrom
Western,Tarkwa Nsuaem,Asomeyekrom
Western,Tarkwa Nsuaem,Kwami-Kojokrom
Western,Prestea-Huni Valley,Jwinasi
Western,Prestea-Huni Valley,Atrukrom
Western,Tarkwa Nsuaem,Nzimafokrom
Western,Tarkwa Nsuaem,Eduaniyede
Western,Tarkwa Nsuaem,Asemakrom
Western,Tarkwa Nsuaem,Achwakwakrom
Western,Tarkwa Nsuaem,Ebinkeyebribi
Western,Tarkwa Nsuaem,Johnikrom
Western,Tarkwa Nsuaem,Ntonikrom
Western,Tarkwa Nsuaem,Taylorkrom
Western,Unknown,Supama
Western,Unknown,Chucham
Western,Unknown,Asuofia
Western,Prestea-Huni Valley,Ankakrom
Western,Prestea-Huni Valley,Bonsawire
Western,Prestea-Huni Valley,Nsawdieso
Western,Prestea-Huni Valley,Achiasi
Western,Prestea-Huni Valley,Fase
Western,Unknown,Fiang
Western,Prestea-Huni Valley,Adukofikrom
Western,Prestea-Huni Valley,Samahu
Western,Unknown,Chrikawtaw
Western,Unknown,Apumpum
Western,Unknown,Twina
Western,Unknown,Nkra
Western,Prestea-Huni Valley,Kawbeda
Western,Prestea-Huni Valley,Tinkogo
Western,Unknown,Abowoye
Western,Unknown,Satano
Western,Unknown,Nyano
Western,Unknown,Bruma
Western,Unknown,Enikawkau
Western,Unknown,Biriwa
Western,Unknown,Putua
Western,Unknown,Kobein
Western,Unknown,Akuabedu
Western,Mpohor/Wassa East,Amusiaso
Western,Unknown,Achwiesu
Western,Prestea-Huni Valley,Atakrom
Western,Tarkwa Nsuaem,Settlement Number Eleven
Western,Unknown,Asamankumasu
Western,Unknown,Yemtu
Western,Unknown,Nkonto
Volta,Keta,St. Paul Lighthouse
Greater Accra,Accra,James Fort
Greater Accra,Accra,Ussher Fort
Greater Accra,Accra,Accra Secretariat (historical)
Greater Accra,Accra,Accra Club (historical)
Greater Accra,Unknown,Old Polo Ground (historical)
Greater Accra,Accra,Holy Trinity Cathedral
Greater Accra,Accra,Colonial Bank (historical)
Greater Accra,Accra,BBWA (historical)
Greater Accra,Accra,Cable Office (historical)
Greater Accra,Accra,Agricultural Office (historical)
Greater Accra,Accra,Wireless Station (historical)
Greater Accra,Accra,Medical & Sanitary Offices (historical)
Greater Accra,Accra,Accra Lighthouse
Greater Accra,Accra,Accra Breakwater
Greater Accra,Accra,Custom Shed & Warehouse (historical)
Greater Accra,Unknown,Accra Jetty
Greater Accra,Accra,Customs Office
Greater Accra,Accra,Municipal Engineer's Office (historical)
Greater Accra,Accra,Royal School (historical)
Greater Accra,Accra,Wesleyan School (historical)
Greater Accra,Accra,Salaga Market (historical)
Greater Accra,Accra,Accra Post Office
Greater Accra,Accra,Girl's School (historical)
Greater Accra,Accra,Police Magistrate's Court (historical)
Central,Cape Coast,Tabara Rock
Central,Cape Coast,Cape Coast Castle
Western,Secondi Takoradi,Sekondi
Western,Secondi Takoradi,Fort Orange Lighthouse
Western,Secondi Takoradi,Fort Orange
Western,Unknown,Sekondi Breakwater (historical)
Western,Ahanta West,River Point
Western,Ahanta West,The Boidan Rock
Western,Ahanta West,Nine Pin Rock
Western,Ahanta West,Stephens Point
Western,Unknown,Boston Rock (historical)
Western,Ahanta West,Cape Three Points Lighthouse
Western,Ahanta West,Cape Three Points Old Lighthouse
Western,Secondi Takoradi,St. Pauls Catholic Church
Western,Unknown,Bobowasi Island Lighthouse
Western,Unknown,Saiaba Island
Central,Cape Coast,Fort Victoria
Central,Cape Coast,Fort William
Central,Cape Coast,Fort McCarthy (historical)
Ashanti,Amansie West,Akyeamponkurom
Ashanti,Unknown,Awurakofi
Central,Unknown,Akinkasu
Central,Unknown,Fiama
Central,Unknown,Kyiribera
Central,Unknown,Bohun
Ashanti,Unknown,Asuafoa
Central,Unknown,Awora
Ashanti,Unknown,Fobin
Ashanti,Unknown,Subin Shelterbelt Forest Reserve
Ashanti,Unknown,Gyok
Ashanti,Amansie Central,Dangase
Ashanti,Amansie Central,Kwadwo Adansekurom Nyame Bekyere Number Two
Ashanti,Amansie Central,Kofitanokurom
Ashanti,Amansie Central,Ohiayeya
Ashanti,Amansie Central,Abraso
Ashanti,Amansie Central,Adansa Kroma
Ashanti,Unknown,Asuoafu
Ashanti,Unknown,Adaa
Ashanti,Unknown,Awrasu
Ashanti,Amansie Central,Mile Fifteen
Ashanti,Unknown,Anweafutu
Ashanti,Unknown,Ahenkorasua
Ashanti,Unknown,Asokuma
Ashanti,Amansie Central,Afuakobikurom
Ashanti,Unknown,Nyaosu
Ashanti,Unknown,Pasua
Ashanti,Unknown,Kobinasua
Ashanti,Amansie Central,Atia
Ashanti,Amansie Central,Nkyuaso
Ashanti,Amansie Central,Mile Eighteen
Ashanti,Amansie Central,Oseikurom
Ashanti,Unknown,Asuotwiwaa
Ashanti,Unknown,Denyau Shelterbelt Forest Reserve
Ashanti,Adansi South,Manukurom
Ashanti,Adansi South,Fenaso Nkwanta
Ashanti,Amansie Central,Domeabra Number Two
Ashanti,Amansie Central,Nyamebekyere Number Two
Ashanti,Amansie Central,Atobeabone
Ashanti,Unknown,Dohene
Ashanti,Unknown,Roro
Ashanti,Amansie Central,Kwadwobenekurom
Ashanti,Amansie Central,Amanfokurom
Ashanti,Amansie Central,Kumatekyekurom
Ashanti,Amansie Central,Kyuaso
Ashanti,Amansie Central,Mankonahogono
Ashanti,Unknown,Awenfra
Ashanti,Unknown,Anowa
Ashanti,Adansi South,Akasu
Ashanti,Adansi South,Aboagyekurom
Ashanti,Unknown,Adoma
Ashanti,Unknown,Nuporo
Ashanti,Amansie Central,Kofi Agyeikurom
Ashanti,Unknown,Ahimusa
Ashanti,Amansie Central,Ohiampeanika
Ashanti,Amansie Central,Roroso Number One
Ashanti,Unknown,Sinse
Ashanti,Unknown,Mani
Ashanti,Amansie Central,Anyame
Ashanti,Amansie Central,Kronko Number One
Ashanti,Unknown,Ahunfra
Ashanti,Unknown,Measea
Ashanti,Unknown,Twiawora
Ashanti,Amansie Central,Domeabra Number One
Ashanti,Amansie West,Adukrom
Ashanti,Amansie West,Maframfa Jwini
Ashanti,Unknown,Nsuyawmfo
Ashanti,Unknown,Sikatin
Ashanti,Amansie Central,Samang
Ashanti,Amansie Central,Tokoako
Ashanti,Unknown,Kobua
Ashanti,Unknown,Afuamaa
Ashanti,Unknown,Ankasa
Ashanti,Unknown,Oda River Forest Reserve
Ashanti,Amansie Central,Dawurampong
Ashanti,Amansie Central,Nsansaso
Central,Unknown,Anedu
Ashanti,Amansie Central,Pimaso
Ashanti,Unknown,Abrewamfu
Ashanti,Amansie Central,Akra
Ashanti,Amansie Central,Seniejakrom
Ashanti,Amansie Central,Bekukrom
Ashanti,Unknown,Benimtum
Central,Upper Denkyira West,Wiaso
Central,Upper Denkyira West,Niwueti
Ashanti,Amansie Central,Wawrawmaso
Central,Unknown,Chiraya
Central,Upper Denkyira West,Number One
Ashanti,Amansie Central,Nsankau
Ashanti,Amansie Central,Apenteto
Ashanti,Amansie Central,Jesikrom
Ashanti,Unknown,Akotiantra
Ashanti,Amansie Central,Chenchenasi
Ashanti,Amansie Central,Mahame
Ashanti,Amansie Central,Nsubaura
Ashanti,Amansie Central,Abekwasi
Ashanti,Amansie Central,Adahaso
Ashanti,Amansie Central,Detibi
Ashanti,Unknown,Yirenfua
Ashanti,Amansie Central,Kwabinawi
Ashanti,Amansie Central,Yirenfua
Ashanti,Amansie Central,Kotiaso
Ashanti,Amansie Central,Junurasi
Ashanti,Amansie Central,Akwayeso
Ashanti,Unknown,Suakoo
Ashanti,Amansie Central,Dotum
Ashanti,Amansie Central,Yaonkrom
Ashanti,Unknown,Oblumonini
Ashanti,Unknown,Ayanta
Ashanti,Amansie Central,Domenasi
Ashanti,Amansie Central,Subrisobeposo
Ashanti,Amansie Central,Akokofe
Ashanti,Adansi South,Tsifufu
Ashanti,Unknown,Amponyang
Ashanti,Adansi South,Kwabo
Ashanti,Adansi South,Nyamieni
Ashanti,Unknown,Abosumansu
Ashanti,Adansi South,Apiahenekrom
Ashanti,Unknown,Sikayena
Ashanti,Unknown,Bonkruma
Ashanti,Unknown,Supu
Ashanti,Amansie West,Subinso
Ashanti,Amansie West,Yan Fobeng
Ashanti,Amansie West,Ayesuaso
Ashanti,Unknown,Akokwadaso
Ashanti,Unknown,Adukwaku
Ashanti,Amansie West,Yao Buakwa
Ashanti,Unknown,Prabon
Ashanti,Amansie West,Kwabina Nkwakrom
Ashanti,Amansie West,Jeduako
Ashanti,Amansie West,Nyamibechire
Ashanti,Amansie Central,Adintia
Ashanti,Amansie Central,Nihinihi
Ashanti,Unknown,Akwasu
Ashanti,Amansie West,Wahaso
Ashanti,Unknown,Asuafu
Ashanti,Unknown,Subintuntum
Ashanti,Amansie West,Jemisi
Ashanti,Amansie West,Nkuntini
Ashanti,Amansie West,Nanyinanse
Ashanti,Amansie West,Akayabre
Ashanti,Amansie West,Kamkamkrom
Ashanti,Amansie West,Praso
Ashanti,Amansie West,Obinchiem
Ashanti,Amansie West,Chichiwere
Ashanti,Amansie West,Asasenyena
Ashanti,Amansie West,Nkokuram
Ashanti,Amansie West,Chapiasi
Ashanti,Amansie Central,Apraponso
Ashanti,Amansie West,Aduaneyede
Ashanti,Amansie West,Jumadei
Ashanti,Amansie West,Amankwakrom
Ashanti,Amansie West,Sakune
Ashanti,Amansie West,Akrokeri
Ashanti,Amansie West,Kwanchiabo
Ashanti,Amansie West,Akurasi
Ashanti,Amansie West,Bodang
Ashanti,Amansie West,Mim Nkwanta
Ashanti,Amansie West,Achuma
Ashanti,Amansie West,Abrensi
Ashanti,Amansie West,Farmang
Ashanti,Amansie Central,Kwasikondokrom
Ashanti,Amansie Central,Jenehu
Ashanti,Amansie Central,Esunyamiye
Ashanti,Amansie Central,Brahabebumi
Ashanti,Amansie Central,Dabani
Ashanti,Amansie West,Adonso
Ashanti,Amansie West,Abedu
Ashanti,Unknown,Adonsu
Ashanti,Unknown,Apamprama Forest Reseve
Ashanti,Amansie West,Kwawu
Ashanti,Amansie West,Asubinja
Ashanti,Unknown,Jamani
Ashanti,Amansie Central,Acherema
Ashanti,Amansie West,Afraso
Ashanti,Amansie West,Kensere
Ashanti,Amansie Central,Kumpehinso
Ashanti,Amansie West,Moano
Ashanti,Amansie West,Adowa
Ashanti,Amansie Central,Abujunso
Ashanti,Amansie Central,Awowom
Ashanti,Amansie West,Owuraso
Ashanti,Unknown,Apawama
Ashanti,Amansie Central,Akotinso
Ashanti,Amansie West,Mankaotrim
Ashanti,Amansie West,Kromim
Ashanti,Unknown,Jurt
Ashanti,Unknown,Wurumumu
Ashanti,Unknown,Kokotiesua
Ashanti,Unknown,Sansnapon
Ashanti,Ahafo Ano South,Bunglo-Pokukurom
Ashanti,Unknown,Anwasesa
Ashanti,Unknown,Nsuansa
Ashanti,Unknown,Dwinyai
Ashanti,Ahafo Ano South,Kramokurom
Ashanti,Ahafo Ano South,Tumfuokurom
Ashanti,Unknown,Tinte Bepo East Extension Forest Reserve
Ashanti,Unknown,Tiatia
Ashanti,Ahafo Ano South,Mmoroben
Ashanti,Ahafo Ano South,Ohiapae
Ashanti,Ahafo Ano South,Sikaasem
Ashanti,Ahafo Ano South,Nkranakuraa
Ashanti,Unknown,Senai
Ashanti,Ahafo Ano South,Asoromaso
Ashanti,Ahafo Ano South,Aframkurom
Ashanti,Unknown,Esuokawkaw
Ashanti,Ahafo Ano South,Kokokurom
Ashanti,Ahafo Ano South,Ageibi
Ashanti,Ahafo Ano South,Kaperebaninsesa
Ashanti,Unknown,Bonkronu
Ashanti,Unknown,Nyanyamra
Ashanti,Ahafo Ano South,Nyame Nhyiraso
Ashanti,Unknown,Adwoku
Ashanti,Ahafo Ano South,Odoyefe
Ashanti,Ahafo Ano South,Gyaentontabuo
Ashanti,Ahafo Ano South,Hannaondeowuoka
Ashanti,Ahafo Ano South,Awaduwa
Ashanti,Ahafo Ano South,Asibenkwanta
Ashanti,Ahafo Ano South,Akodwomso
Ashanti,Ahafo Ano South,Kofinsiakurom
Ashanti,Atwima Mponua,Obinkyem
Ashanti,Ahafo Ano South,Piniwotirim
Ashanti,Ahafo Ano South,Brahabebome
Ashanti,Ahafo Ano South,George Adukurom
Ashanti,Ahafo Ano South,Dokyikurom
Ashanti,Ahafo Ano South,Aworokurom
Ashanti,Ahafo Ano South,Boatenkurom
Ashanti,Ahafo Ano South,Asekantia
Ashanti,Unknown,Asikentia
Ashanti,Ahafo Ano South,Afrensini
Ashanti,Ahafo Ano South,Tuahenekurom
Ashanti,Ahafo Ano South,Masemyeya
Ashanti,Ahafo Ano South,Borosase
Ashanti,Unknown,Ofusi
Ashanti,Atwima Nwabiagya,Ntabeemukura
Ashanti,Atwima Nwabiagya,Bankyease
Ashanti,Atwima Nwabiagya,Afigya
Ashanti,Unknown,Kotogyin
Ashanti,Atwima Nwabiagya,Dokowaakurom
Ashanti,Ahafo Ano South,Kamp
Ashanti,Ahafo Ano South,Bredi
Ashanti,Unknown,Apekosua
Ashanti,Unknown,Bohu
Ashanti,Ahafo Ano South,Godredamokurom
Ashanti,Unknown,Sindrisua
Ashanti,Unknown,Katatwurie
Ashanti,Unknown,Obimpeobyie
Ashanti,Unknown,Kwekukoko
Ashanti,Unknown,Apoto
Ashanti,Unknown,Piekwane
Ashanti,Ahafo Ano South,Kwameaddokurom
Ashanti,Unknown,Punpunyao
Ashanti,Unknown,Boewu
Ashanti,Unknown,Apanimadi
Ashanti,Ahafo Ano South,Anitemfe
Ashanti,Unknown,Epunapunu
Ashanti,Ahafo Ano South,Nimfookurom
Ashanti,Unknown,Kawtibombu
Ashanti,Unknown,Atabire
Ashanti,Unknown,Amoasesa
Ashanti,Unknown,Kofoafere
Ashanti,Unknown,Kyetwuamwa
Ashanti,Ahafo Ano South,Ampomakurom
Ashanti,Ahafo Ano South,Amoakurom
Ashanti,Unknown,Bawhiankwa
Ashanti,Ahafo Ano South,Darwokurom
Ashanti,Offinso Municipal District,Aniatentem
Ashanti,Offinso Municipal District,Menniobireba
Ashanti,Atwima Nwabiagya,Tailorkurom
Ashanti,Atwima Nwabiagya,Rubykurom
Ashanti,Atwima Nwabiagya,Woradon Bungalow
Ashanti,Ahafo Ano South,Motono
Ashanti,Ahafo Ano South,Duyeofuokurom
Ashanti,Ahafo Ano South,Gyatokurom
Ashanti,Ahafo Ano South,Akosuaadaikurom
Ashanti,Ahafo Ano South,Yawkobikurom
Ashanti,Ahafo Ano South,Ntosuokurom
Ashanti,Ahafo Ano South,Yawboadikurom
Ashanti,Atwima Nwabiagya,Oforikurom
Ashanti,Ahafo Ano South,Banahenekurom
Ashanti,Ahafo Ano South,Boakyekurom
Ashanti,Ahafo Ano South,Yawfobikurom
Ashanti,Ahafo Ano South,Dwenewoho
Ashanti,Atwima Nwabiagya,Ohiayeanimguase
Ashanti,Atwima Nwabiagya,Adubofuokurom
Ashanti,Atwima Nwabiagya,Afrekurom
Ashanti,Atwima Nwabiagya,Boafo
Ashanti,Ahafo Ano South,Adense
Ashanti,Ahafo Ano South,Bebomenie
Ashanti,Ahafo Ano South,Kodwofosukurom
Ashanti,Unknown,Bonsukawda
Ashanti,Unknown,Dawute
Ashanti,Ahafo Ano South,Asikamu
Ashanti,Atwima Nwabiagya,Kwabenankrumakurom
Ashanti,Unknown,Mosikawbeda
Ashanti,Unknown,Bonsu
Ashanti,Ahafo Ano South,Kodadwen
Ashanti,Unknown,Bawnkawkaw
Ashanti,Ahafo Ano South,Abanipakurom
Ashanti,Unknown,Nyerebunu
Ashanti,Unknown,Nsuabena
Ashanti,Unknown,Fankamawi
Ashanti,Atwima Nwabiagya,Anyamesemkurom
Ashanti,Unknown,Mresua
Ashanti,Unknown,Abohen
Ashanti,Unknown,Kotokuesua
Ashanti,Unknown,Dwonkawkwa
Ashanti,Unknown,Samanru
Ashanti,Unknown,Anwiesu
Ashanti,Offinso Municipal District,Amankwatiakurom
Ashanti,Atwima Nwabiagya,Sapongkurom
Ashanti,Unknown,Wurapon
Ashanti,Unknown,Konkom
Ashanti,Unknown,Amamri
Ashanti,Unknown,Nimsua
Ashanti,Unknown,Afotokaw
Ashanti,Unknown,Asuopriwa
Ashanti,Unknown,Buom
Ashanti,Unknown,Akresua
Ashanti,Unknown,Akwesua
Ashanti,Unknown,Behie
Ashanti,Unknown,Esuaya
Ashanti,Unknown,Sansnampong
Ashanti,Ahafo Ano South,Srahakrom
Ashanti,Ahafo Ano South,Bronikrom
Ashanti,Ahafo Ano South,Nipanchemua
Ashanti,Ahafo Ano South,Dwinyaihu
Ashanti,Ahafo Ano South,Bawmawden
Ashanti,Ahafo Ano South,Abekwasi
Ashanti,Ahafo Ano South,Hintado
Ashanti,Unknown,Kukurabo
Ashanti,Ahafo Ano South,Sikaso
Ashanti,Atwima Nwabiagya,Hwia
Ashanti,Atwima Nwabiagya,Kotojin
Ashanti,Atwima Nwabiagya,Besiase
Ashanti,Ahafo Ano South,Hiamenchiri
Ashanti,Ahafo Ano South,Boama
Ashanti,Ahafo Ano South,Asuntie
Ashanti,Ahafo Ano South,Nframanjo
Ashanti,Ahafo Ano South,Kotie
Ashanti,Ahafo Ano South,Kramawkrom
Ashanti,Ahafo Ano South,Nsuansa
Ashanti,Ahafo Ano South,Mehunintem
Ashanti,Ahafo Ano South,Fetieya
Ashanti,Ahafo Ano South,Chichiwere
Ashanti,Ahafo Ano South,Atakrom
Ashanti,Ahafo Ano South,Adakwakrom
Ashanti,Unknown,Kafoafere
Ashanti,Ahafo Ano South,Kafoafere
Ashanti,Ahafo Ano South,Ataniata
Ashanti,Ahafo Ano South,Biemtifi
Ashanti,Unknown,Esuesu
Ashanti,Unknown,Ayesu
Ashanti,Offinso Municipal District,Putuso
Ashanti,Unknown,Kotoje
Ashanti,Atwima Nwabiagya,Kobiano
Ashanti,Ahafo Ano South,Asempanaye
Ashanti,Ahafo Ano South,Minhuntem
Ashanti,Ahafo Ano South,Akwiesika
Ashanti,Ahafo Ano South,Asaseka
Ashanti,Atwima Nwabiagya,Atawasi
Ashanti,Atwima Nwabiagya,Medoma
Ashanti,Ahafo Ano South,Abainipa
Ashanti,Unknown,Ayebi
Ashanti,Atwima Nwabiagya,Timiebi
Ashanti,Atwima Nwabiagya,Yeniantintem
Ashanti,Atwima Nwabiagya,Kasi
Ashanti,Atwima Nwabiagya,Odaho
Ashanti,Atwima Nwabiagya,Aniwakrom
Ashanti,Atwima Nwabiagya,Odeja
Ashanti,Unknown,Aprakesua
Ashanti,Atwima Nwabiagya,Diasempa
Ashanti,Atwima Nwabiagya,Mentukwa
Ashanti,Atwima Nwabiagya,Kafodidi
Ashanti,Atwima Nwabiagya,Tawiakrom
Ashanti,Atwima Nwabiagya,Metamanu
Ashanti,Ahafo Ano South,Jankuntebuo
Ashanti,Ahafo Ano South,Edusekrom
Ashanti,Atwima Nwabiagya,Kantai
Ashanti,Atwima Nwabiagya,Chiamekrom
Ashanti,Unknown,Mawno
Ashanti,Atwima Nwabiagya,Kwaem
Ashanti,Atwima Nwabiagya,Wurawmumu
Ashanti,Atwima Nwabiagya,Mawfrafadwen
Ashanti,Atwima Nwabiagya,Abasi
Ashanti,Atwima Nwabiagya,Ohiankwanta
Ashanti,Atwima Nwabiagya,Yawkrakurom
Ashanti,Offinso Municipal District,Apotosu Number Two
Ashanti,Offinso Municipal District,Apotosu Number Three
Ashanti,Offinso Municipal District,Apotosu Number One
Ashanti,Offinso Municipal District,Nyiniso Number Two
Ashanti,Ahafo Ano South,Mehami Number Two
Ashanti,Ahafo Ano South,Mehami Number One
Ashanti,Ahafo Ano South,Nyamebekyere Number One
Ashanti,Ahafo Ano South,Kwabenakontokurom
Ashanti,Ahafo Ano South,Kunsu Number Two
Ashanti,Unknown,Kokotiasua
Ashanti,Atwima Nwabiagya,Nkasasu Number One
Ashanti,Atwima Nwabiagya,Nkasasu Number Two
Ashanti,Ahafo Ano South,Tweapiase Number Two
Ashanti,Atwima Nwabiagya,Tweapiase Number One
Ashanti,Unknown,Afuwa
Ashanti,Unknown,Tokoabo
Ashanti,Unknown,Choa
Ashanti,Unknown,Ekwabedu
Ashanti,Unknown,Akiansi
Ahafo,Tano South,Abenaso
Ahafo,Tano South,Asuboa
Ashanti,Unknown,Dakro
Ashanti,Unknown,Amoabon
Ashanti,Unknown,Aprasua
Ashanti,Unknown,Dana
Ashanti,Ahafo Ano South,Asuaso
Ahafo,Tano South,Wihimwigraso
Ashanti,Offinso North,Waberasi
Ashanti,Offinso North,Krutu
Ashanti,Offinso North,Dumpasi
Ahafo,Tano South,Apaso
Ahafo,Tano South,Diekumasu
Ahafo,Tano South,Aiyasu
Ashanti,Ahafo Ano South,Mpemwasim
Ashanti,Ahafo Ano South,Fehinakochi
Ahafo,Tano South,Nibiso
Ashanti,Unknown,Daheri
Ashanti,Offinso North,Asenpanie
Ashanti,Ahafo Ano South,Aboabo
Ahafo,Tano South,Bohina
Ahafo,Tano South,Asaibiso
Ashanti,Offinso North,Chichiwere
Ashanti,Offinso Municipal District,Wawasi
Ashanti,Offinso Municipal District,Kwakubin
Ashanti,Unknown,Apropong
Ashanti,Offinso Municipal District,Sentoa
Ashanti,Offinso North,Amentuka
Ashanti,Offinso North,Abuso
Ahafo,Tano South,Bofoako
Ashanti,Unknown,Putusua
Ashanti,Unknown,Diami
Ashanti,Ahafo Ano South,Chichiumpa
Ashanti,Unknown,Adujensu
Ahafo,Tano South,Winsintri
Ahafo,Tano South,Npinsipi
Ashanti,Ahafo Ano South,Aserinia
Ahafo,Tano South,Moanimeri
Ashanti,Unknown,Asuanfua
Ashanti,Unknown,Ada
Ahafo,Tano South,Ntiadom
Ashanti,Unknown,Dabian
Ashanti,Offinso Municipal District,Dabiano
Ahafo,Tano South,Inisiakong
Ashanti,Ahafo Ano South,Pokukurom Number Two
Ashanti,Unknown,Twiyesuo
Ashanti,Ahafo Ano South,Boahenkwaa Number Two
Bono East,Techiman Municipal District,Asamahunu
Bono East,Techiman Municipal District,Abotareye
Bono East,Kintampo South District,Hawura
Bono East,Techiman Municipal District,Krubaase
Bono East,Techiman Municipal District,Kyiridigya
Bono East,Techiman Municipal District,Sikaduase
Bono East,Kintampo South District,Babukura
Bono,Wenchi,Tuntukura
Bono East,Kintampo South District,Wantua
Bono,Wenchi,Betinso
Bono,Wenchi,Duaniyede
Bono,Wenchi,Adwen
Bono,Wenchi,Asampon Number One
Bono,Wenchi,Asampon Number Two
Bono East,Techiman Municipal District,Duna
Bono East,Kintampo South District,Nnipanekuro
Bono East,Kintampo South District,Agyina
Bono East,Kintampo South District,Krutakye
Bono East,Kintampo South District,Asempo Bus
Bono East,Kintampo South District,Jema-Nkwanta
Bono East,Kintampo South District,Amantam
Bono East,Kintampo South District,Seyenturudu
Bono East,Kintampo South District,Ampoma Bus
Bono East,Kintampo South District,Beposo
Bono East,Kintampo South District,Edweso
Bono East,Kintampo South District,New Peniamisa
Bono East,Kintampo South District,Dansamu
Bono East,Kintampo South District,Kyiriakyinnyekurom
Bono East,Kintampo South District,New Pamdu
Bono East,Kintampo South District,Aworate
Bono East,Kintampo South District,Fawaman
Bono East,Kintampo South District,Kotokro
Bono East,Kintampo South District,Agyemankurom
Bono East,Kintampo South District,Anoma Nkwanta
Bono East,Kintampo South District,Pramposo
Bono East,Nkoranza North District,Siwantam
Bono East,Nkoranza North District,Kwamebakurom
Bono East,Kintampo South District,Nanteano
Bono East,Techiman Municipal District,Mansa
Bono East,Techiman Municipal District,Bonya
Bono East,Techiman Municipal District,Mantukwa
Bono East,Techiman Municipal District,Brempua
Bono East,Techiman Municipal District,Nkyerenso
Bono East,Techiman Municipal District,Kwamkyeabo
Bono East,Techiman Municipal District,Asampraye
Bono East,Techiman Municipal District,Boyem
Bono East,Techiman Municipal District,Kyerebea
Bono East,Techiman Municipal District,Fuaso
Bono East,Techiman Municipal District,Nyamebekyere
Bono East,Techiman Municipal District,Brentu
Bono East,Techiman Municipal District,Adutokuro
Bono East,Techiman Municipal District,Domeabra
Bono East,Techiman Municipal District,Bredi
Bono East,Techiman Municipal District,Anyabrim
Bono East,Techiman Municipal District,Tenponem and Gyama
Bono East,Techiman North District,Kenten
Bono East,Techiman North District,Sansama
Bono East,Techiman North District,Adeeso
Bono East,Techiman North District,Twiman
Bono East,Techiman North District,Koase
Bono East,Techiman North District,Abirensa
Bono East,Techiman North District,Ahansua
Bono East,Techiman North District,Panhuyesu
Bono East,Techiman North District,Twiman Nkwanta
Bono East,Techiman North District,Koramoa
Bono East,Techiman North District,Kaniago
Bono East,Techiman North District,Ayimana
Bono East,Techiman North District,Benkae
Bono East,Techiman North District,Asantanso
Bono East,Techiman North District,Hansua
Bono East,Techiman North District,Bomene
Bono East,Techiman North District,Amease
Bono East,Techiman North District,Kwasi Kyeremekura
Bono East,Techiman North District,Kwasi Numkura
Bono East,Techiman North District,Boamkurom
Bono East,Techiman North District,Antikui
Bono East,Techiman Municipal District,Tanoboase
Bono East,Techiman North District,Akusumasu
Bono East,Nkoranza North District,Baafi
Bono East,Nkoranza North District,Gyunuhu
Bono East,Nkoranza South,Bonsianu
Bono East,Nkoranza North District,Kwasi Yentum Kurom
Bono East,Nkoranza North District,Kakraba Kurom
Bono East,Nkoranza North District,Boana
Bono East,Techiman North District,Fiaso
Bono East,Techiman North District,Wagadugu
Bono East,Techiman Municipal District,Sa
Bono East,Techiman North District,Traa
Bono East,Nkoranza South,Koforidua
Bono East,Nkoranza South,Babiani
Bono East,Techiman North District,Anitimfe
Bono East,Nkoranza South,Fojo-Bonse
Bono East,Techiman Municipal District,Abronye
Bono East,Kintampo North Municipal District,Gumboi
Bono East,Kintampo South District,Nkwanta
Bono East,Kintampo South District,Kyara
Bono East,Kintampo North Municipal District,Mansara
Bono East,Kintampo North Municipal District,Filinyoa
Bono East,Kintampo North Municipal District,Yara
Bono East,Kintampo North Municipal District,Bonyanga
Bono East,Kintampo North Municipal District,Tufuboi
Bono East,Kintampo North Municipal District,Gom
Bono East,Kintampo North Municipal District,Tikila Number Two
Bono East,Kintampo North Municipal District,Asante Kwaa
Bono East,Kintampo South District,Sogbe
Bono East,Kintampo South District,Akroma Number Two
Bono East,Kintampo South District,Akroma Number One
Bono East,Kintampo North Municipal District,Tikila Number One
Bono East,Kintampo North Municipal District,Bu
Savannah,Bole,Dagarti
Bono East,Kintampo North Municipal District,Labisibon
Northern,Unknown,Kuri
Bono East,Kintampo North Municipal District,Blasi
Northern,Unknown,Sepi
Northern,Unknown,Yakombo Forest Reserve
Bono,Dormaa,Domeabra
Bono,Dormaa,Kurew
Bono,Dormaa,Odumase
Bono,Dormaa West,Kwame Puahkurom
Ahafo,Asutifi,Kwadwonkrommakurom
Ahafo,Asutifi,Pobikurom
Bono,Dormaa,Supon
Bono,Dormaa,Pampamsu
Bono,Dormaa,Kwaabasa
Bono,Dormaa,Safawyakrom
Bono,Dormaa,Dabirakrom
Bono,Dormaa,Hianinguasi
Bono,Dormaa,Brikontokrom
Bono,Dormaa,Bafuekrom
Bono,Dormaa,Kwasidatekrom
Bono,Dormaa,Atonso
Bono,Dormaa,Atrunso
Bono,Dormaa,Patuda
Bono,Dormaa,Awaham
Bono,Dormaa,Nameso
Bono,Dormaa,Kokroduam
Bono,Dormaa,Nyinawonso
Bono,Dormaa,Ankase
Bono,Dormaa,Moshiekrom
Bono,Dormaa,Wiewuogu
Bono,Dormaa,Kwroi Two
Bono,Dormaa,Achakani
Bono,Dormaa,Kojokumkrom
Bono,Dormaa,Mantiwari
Bono,Dormaa,Kanchadi
Bono,Dormaa,Kojofojokrom
Bono,Dormaa,Namesua
Bono,Dormaa,Chirikon
Bono,Dormaa,Afuodua
Ahafo,Asunafo North,Kwampua
Ahafo,Asunafo North,Kwakujansokrom
Ahafo,Asutifi,Yao Fusukrom
Ahafo,Asutifi,Kwaikrom
Ahafo,Asutifi,Kasapimkro
Bono,Dormaa,Achiasi
Bono,Dormaa,Sienchem
Bono,Dormaa,Gonnokurom
Bono,Dormaa,Kwakubenkurom
Bono,Dormaa,Yawboafokurom
Bono,Dormaa,Kofikumikurom
Bono,Dormaa,Kyekyewere
Bono,Dormaa,Yawkrakurom
Ashanti,Sekyere South,Bebaabra
Ashanti,Amansie Central,Dantinso
Bono East,Kintampo South District,Awurata
Savannah,West Gonja,Kpiri
Northern,Unknown,Sorto
Savannah,West Gonja,Yipala
Northern,Unknown,Kualema
Savannah,West Gonja,Frafra Resettlement
Savannah,West Gonja,Mepeasam
Northern,Unknown,Damongo Scarp Forest Reserve
Savannah,West Gonja,Kebiesu
Savannah,West Gonja,Damongo Agricultural Institute
Ashanti,Adansi South,Adamso Number One
Ashanti,Amansie West,Nyankumasi Kuma
Bono East,Kintampo South District,Tanfiano Number Two
Upper West,Unknown,Lidolu
Upper West,Unknown,Nakulie
Upper West,Unknown,Halebeifou
Upper West,Unknown,Siru
Upper West,Sissala East,Nabulo-Kajeboi
Upper West,Unknown,Dutou
Upper West,Sissala East,Jande
Upper West,Sissala East,Nabulo-Fanchuboi
Western,Prestea-Huni Valley,Bontukuline
Western,Prestea-Huni Valley,Goaline
Western,Prestea-Huni Valley,Adomase
Western,Unknown,Fua Baka
Western,Unknown,Ntosuama
Western,Prestea-Huni Valley,Enyinamu
Western,Prestea-Huni Valley,Asarekrom
Western,Unknown,Asisre
Western,Unknown,Supan
Western,Prestea-Huni Valley,Brabone
Western,Unknown,Kurapem
Western,Prestea-Huni Valley,Nkwansakrom
Western,Prestea-Huni Valley,Tuapem
Western,Nzema East,Sika Ne Asem
Western,Unknown,Akontanam
Western,Nzema East,Ahokrom
Western,Unknown,Ndumeri Forest Reserve
Western,Prestea-Huni Valley,Nakaba
Western,Prestea-Huni Valley,Asesere
Western,Prestea-Huni Valley,Ankobra Compound
Western,Prestea-Huni Valley,Mrakete Compound
Western,Unknown,Punii
Western,Unknown,Sikyientoma
Western,Unknown,Bonsawere
Western,Unknown,Bosomadoa
Western,Unknown,Anifufuo
Western,Tarkwa Nsuaem,Akyempem
Western,Prestea-Huni Valley,Obratwarowu
Western,Unknown,Diamond
Western,Unknown,Bedia Bonsu
Western,Unknown,Drill
Western,Tarkwa Nsuaem,Kamproase
Western,Tarkwa Nsuaem,Bankyem
Western,Tarkwa Nsuaem,Asomdwee
Western,Unknown,Abonko
Western,Prestea-Huni Valley,Golden
Western,Prestea-Huni Valley,Bukarikrom
Western,Prestea-Huni Valley,Awadwa Nkwanta
Western,Prestea-Huni Valley,Sunwinso
Western,Prestea-Huni Valley,Yaryeyaw
Western,Unknown,Asuabanaa
Western,Prestea-Huni Valley,Biribiwoman
Western,Unknown,Asomesu
Western,Unknown,Kantinka
Western,Unknown,Bojuraja
Western,Prestea-Huni Valley,Menseso
Western,Unknown,Abohiensu
Western,Unknown,Anobaka
Western,Wassa Amenfi Central,Sisikrom
Western,Unknown,Aburakesi
Western,Unknown,Fantamachirka
Western,Prestea-Huni Valley,Sewubetima
Western,Unknown,Ajaw
Western,Unknown,Esiedu
Western,Unknown,Awuchere
Western,Unknown,Pejachini
Western,Unknown,Tiakwa
Western,Unknown,Nkawnchimabaka
Western,Unknown,Ohatokro
Western,Unknown,Ntobaka
Western,Prestea-Huni Valley,Bondai Mining Compound
Western,Unknown,Ahunahunamani
Western,Prestea-Huni Valley,Nyamibethere
Western,Unknown,Makata
Western,Prestea-Huni Valley,Anponsakrom
Western,Unknown,Kotochere
Western,Unknown,Sefwi
Western,Prestea-Huni Valley,Tuapim
Western,Prestea-Huni Valley,Betipura
Western,Unknown,Bonsoecha
Western,Unknown,Mpende
Western,Unknown,Nsamko
Western,Unknown,Jempere
Western,Prestea-Huni Valley,Fefehunu
Western,Nzema East,Asupiri
Western,Unknown,Akikakraw
Western,Prestea-Huni Valley,Wawfa
Western,Prestea-Huni Valley,Kwenukrom
Western,Prestea-Huni Valley,Penpensa
Western,Unknown,Jobua
Western,Prestea-Huni Valley,Kawchri
Western,Prestea-Huni Valley,Nsunyamiye
Western,Unknown,Ntakasu
Western,Prestea-Huni Valley,Ntakasuso
Western,Prestea-Huni Valley,Aboabo
Western,Unknown,Atenisu
Western,Unknown,Asupiri
Western,Unknown,Dumane
Western,Unknown,Setu
Western,Unknown,Ahiagyeman
Western,Unknown,Fefehunu
Western,Prestea-Huni Valley,Anwiam
Western,Unknown,Anyuafatu
Western,Prestea-Huni Valley,Odumkrom
Western,Prestea-Huni Valley,Apesma
Western,Unknown,Nyanchrem
Western,Nzema East,Pejachin
Western,Nzema East,Jakodo
Western,Unknown,Amekim
Western,Prestea-Huni Valley,Pidaje
Western,Prestea-Huni Valley,Sa Ama
Western,Unknown,Kromatwe
Western,Unknown,Apiapia
Western,Unknown,Humahuma
Western,Prestea-Huni Valley,Nyamibechere
Western,Unknown,Isansu
Western,Prestea-Huni Valley,Abohia
Western,Unknown,Ntasiendua
Western,Prestea-Huni Valley,Ntodikrom
Western,Prestea-Huni Valley,Kansanso
Western,Unknown,Sumang
Western,Prestea-Huni Valley,Sumangso
Western,Unknown,Nuenua
Western,Tarkwa Nsuaem,Bakaku Ekurasi
Western,Unknown,Ajamresu
Western,Prestea-Huni Valley,Kwaobedu-Krom
Western,Prestea-Huni Valley,Asiedukrom
Western,Prestea-Huni Valley,Ntakasusa
Western,Unknown,Abrewakaw
Western,Tarkwa Nsuaem,Beribetu
Western,Tarkwa Nsuaem,Tepoma
Western,Tarkwa Nsuaem,Kwatunri
Western,Tarkwa Nsuaem,Fahiakochavire
Western,Unknown,Kochere
Western,Unknown,Kwesibiri Awura
Western,Unknown,Osubaka
Western,Prestea-Huni Valley,Pampamso
Western,Tarkwa Nsuaem,Doyasi
Western,Tarkwa Nsuaem,Kwamibosumprakurasi
Western,Tarkwa Nsuaem,Abeasi
Western,Tarkwa Nsuaem,Manaekrom
Western,Tarkwa Nsuaem,Esuechri
Western,Tarkwa Nsuaem,Black Boy
Western,Tarkwa Nsuaem,Dagwin
Western,Tarkwa Nsuaem,Asantikrom
Western,Tarkwa Nsuaem,Amirani Aratafokrom
Western,Tarkwa Nsuaem,Anumakrom
Western,Tarkwa Nsuaem,Government Hill
Western,Unknown,Atibrebi
Western,Unknown,Achwifoi
Western,Tarkwa Nsuaem,Kofikrom
Western,Unknown,Atojwinsuo
Western,Tarkwa Nsuaem,Esubontre
Western,Tarkwa Nsuaem,Mafia
Western,Unknown,Awoko
Western,Tarkwa Nsuaem,Fawutinibua
Western,Tarkwa Nsuaem,Wonkanwonsem
Western,Tarkwa Nsuaem,Sroniasi
Western,Unknown,Popo
Western,Prestea-Huni Valley,Awuchire
Western,Prestea-Huni Valley,Buransakurasi
Western,Unknown,Ntekuonum
Western,Unknown,Kansan
Western,Prestea-Huni Valley,Ampende
Western,Unknown,Abokensu
Western,Prestea-Huni Valley,Cheikrom
Western,Prestea-Huni Valley,Kroo Town
Western,Prestea-Huni Valley,Akromanio
Western,Tarkwa Nsuaem,Fanyameye
Western,Tarkwa Nsuaem,Ankunan
Western,Tarkwa Nsuaem,Akachiekrom
Western,Tarkwa Nsuaem,Nyamikechikrom
Western,Nzema East,Wanibreade
Western,Prestea-Huni Valley,Daham
Western,Tarkwa Nsuaem,Nkatiakrom
Western,Tarkwa Nsuaem,Amrokwakrom
Western,Tarkwa Nsuaem,Ehiakochume
Western,Tarkwa Nsuaem,Ansreka
Western,Unknown,Amabovo
Western,Tarkwa Nsuaem,Mendea
Western,Tarkwa Nsuaem,Nkunakrom
Western,Tarkwa Nsuaem,Kabensre
Western,Prestea-Huni Valley,Bojuriso
Western,Tarkwa Nsuaem,Charlikrom
Western,Unknown,Basei
Western,Unknown,Ankasi
Western,Unknown,Ahire
Western,Unknown,Nkaka
Western,Wassa Amenfi Central,Nyamebekyere
Western,Wassa Amenfi Central,Onyamebekyere
Western,Unknown,Nsankaw
Western,Wassa Amenfi Central,Egyeikrom
Western,Prestea-Huni Valley,Tarkwa Breman
Western,Wassa Amenfi East,Suwoho Mobbo
Western,Wassa Amenfi East,Abotarye
Western,Unknown,Pombone
Western,Unknown,Nsankaa
Western,Unknown,Kwesibinawura
Western,Unknown,Akoye
Western,Unknown,Awukuaku
Western,Wassa Amenfi East,Adeembra
Western,Wassa Amenfi East,Ehyiamu
Western,Unknown,Kyete
Western,Prestea-Huni Valley,Appiate Krom
Western,Unknown,Bogo
Western,Prestea-Huni Valley,Akokobediaburoo
Western,Prestea-Huni Valley,Twigyaa
Western,Prestea-Huni Valley,Densu
Western,Prestea-Huni Valley,Asakrom
Western,Prestea-Huni Valley,Kakoase
Western,Prestea-Huni Valley,Egyeikrom
Western,Unknown,Nyinafi
Western,Unknown,Twia
Western,Unknown,Akontensu
Western,Unknown,Pubasa
Western,Unknown,Ajwehiri
Western,Unknown,Bupru
Western,Unknown,Ntesuema
Western,Unknown,Chichi
Western,Unknown,Sakwantini
Western,Unknown,Dadabire
Western,Unknown,Punpunu
Western,Unknown,Bombisa
Western,Prestea-Huni Valley,Chichiso
Western,Unknown,Tinpon
Western,Prestea-Huni Valley,Kwiniaboi
Western,Unknown,Kisia
Western,Unknown,Chichibaka
Western,Unknown,Suntiri
Western,Unknown,Nketia
Western,Unknown,Nkawsu
Western,Prestea-Huni Valley,Amape
Western,Unknown,Aiha
Western,Unknown,Nsumaa
Western,Prestea-Huni Valley,Sumanaboi
Western,Unknown,Kantamanto
Western,Unknown,Ntasinua
Western,Unknown,Mpanta
Western,Unknown,Nsotobura
Western,Prestea-Huni Valley,Kantanmanto
Western,Unknown,Anchesa
Western,Prestea-Huni Valley,Tomento
Western,Prestea-Huni Valley,Dawuro
Western,Unknown,Dawuro
Western,Unknown,Bunkro
Western,Unknown,Kodiba
Western,Unknown,Subonkaw
Western,Prestea-Huni Valley,Mofrafajuen
Western,Unknown,Bobonukete
Western,Prestea-Huni Valley,Bakoniti
Western,Unknown,Mpintim
Western,Unknown,Brebre
Western,Unknown,Abomang
Western,Unknown,Branie
Western,Prestea-Huni Valley,Kabensire
Western,Prestea-Huni Valley,Dabiwobehu
Western,Unknown,Bronko
Western,Prestea-Huni Valley,Ohiansheda
Western,Unknown,Pomawura
Western,Unknown,Hoawura
Western,Unknown,Apunchi
Western,Wassa Amenfi East,Mpatasi
Western,Unknown,Ajapia
Western,Unknown,Akein
Western,Unknown,Bobuo
Western,Unknown,Asensu
Western,Unknown,Atwebiti
Western,Unknown,Ta
Western,Unknown,Nuesi
Western,Unknown,Nsutu
Western,Unknown,Atira
Western,Wassa Amenfi East,Humakrombua
Western,Unknown,Wurawura
Western,Unknown,Suma
Western,Prestea-Huni Valley,Nkontroso
Western,Prestea-Huni Valley,Boatengkrom
Western,Unknown,Nuapa
Western,Prestea-Huni Valley,Nkuntunso
Western,Unknown,Nsamansua
Western,Unknown,Mensenabaka
Western,Unknown,Bada Awora
Western,Prestea-Huni Valley,Kisikrom
Western,Unknown,Apapra
Western,Unknown,Wuowura
Western,Unknown,Pram
Western,Prestea-Huni Valley,Marlu European Area
Western,Unknown,Nowuro
Western,Unknown,Dumsim
Western,Prestea-Huni Valley,Humijobre
Western,Unknown,Chuja
Western,Unknown,Obutokro
Western,Unknown,Munimuni
Western,Unknown,Amponsanabaka
Western,Wassa Amenfi East,Akrofrom
Western,Unknown,Watchman
Western,Unknown,Akamanchi
Western,Unknown,Adomabo
Western North,Bibiani/Ahwiaso/Bekwai,Twiapiasi
Western North,Bibiani/Ahwiaso/Bekwai,Ankwaoso Nyamibechire
Central,Upper Denkyira West,Amubakakrom
Western,Unknown,Awa
Western,Unknown,Atruinsu
Western,Unknown,Etuke
Western North,Bibiani/Ahwiaso/Bekwai,Sikaniasem
Western,Wassa Amenfi East,Esasi
Central,Upper Denkyira West,Aboaboso
Central,Upper Denkyira West,Besiasi
Western,Wassa Amenfi East,Amanasi
Western,Unknown,Damyano
Western,Wassa Amenfi Central,Nyamibechire
Western,Wassa Amenfi East,Katreka
Western,Wassa Amenfi Central,Aboajikrom
Western,Wassa Amenfi Central,Ansreka
Western,Wassa Amenfi East,Aboanu
Western,Wassa Amenfi East,Twindruasi
Western,Wassa Amenfi East,Asisensu
Western,Wassa Amenfi East,Akumenikrom
Western,Wassa Amenfi East,Tesuema
Western,Unknown,Ennikawkaw
Western,Unknown,Asisensu
Western,Wassa Amenfi East,Ntetiam
Central,Upper Denkyira West,Kwablansuokrom
Central,Upper Denkyira West,Bontiwari
Central,Upper Denkyira West,Enyetina
Central,Unknown,Amani
Central,Upper Denkyira West,Sabinkrom
Central,Upper Denkyira West,Obuom
Central,Unknown,Aunaka
Central,Upper Denkyira West,Adiembra
Central,Upper Denkyira West,Manyeoya
Central,Upper Denkyira West,Juabo
Central,Unknown,Awuroko
Central,Upper Denkyira West,Adiadi
Central,Upper Denkyira West,Feteso
Central,Unknown,Afiefi
Central,Upper Denkyira West,Odumasi
Central,Upper Denkyira West,Kofiamakrom
Central,Upper Denkyira West,Kwakrom
Central,Upper Denkyira West,Kwablanimokrom
Central,Unknown,Nunum
Central,Unknown,Hureni
Central,Upper Denkyira West,Ayukuboaw
Central,Upper Denkyira West,Mpabina
Central,Upper Denkyira West,Ntonkuma
Central,Upper Denkyira West,Tikawkrua
Central,Upper Denkyira West,Nkwaten
Central,Upper Denkyira West,Subida
Central,Unknown,Ahunfana
Central,Upper Denkyira West,Atima
Central,Upper Denkyira West,Finyamaso
Central,Upper Denkyira West,Mpompo
Central,Upper Denkyira West,Daodakrom
Central,Upper Denkyira West,Nkrofro
Central,Upper Denkyira West,Ahwiaso
Ashanti,Amansie West,Goroso
Ashanti,Amansie West,Achechekrom
Ashanti,Unknown,Dunwura
Ashanti,Amansie West,Yaokasakrom
Ashanti,Amansie West,Kwakukrom
Central,Upper Denkyira West,Akwabosu
Ashanti,Unknown,Bonsain
Central,Upper Denkyira West,Ayukudei
Western North,Bibiani/Ahwiaso/Bekwai,Nkatieso
Western,Unknown,Abohimasu
Western,Unknown,Sirekuma
Western,Unknown,Abuhensu
Western,Unknown,Tita
Western,Unknown,Worakese
Western,Unknown,Adiakau
Western,Wassa Amenfi Central,Asase
Western,Unknown,Buda
Western,Unknown,Abasu
Western,Unknown,Kabi
Western,Unknown,Abohensu
Western,Wassa Amenfi East,Buokurom
Western,Wassa Amenfi East,Adwumako
Western,Wassa Amenfi Central,Manhia
Western,Wassa Amenfi East,Subinso
Western,Unknown,Baka
Central,Upper Denkyira West,Aniantintem
Central,Upper Denkyira West,Morokurom
Central,Upper Denkyira West,Mpeasem
Central,Upper Denkyira West,Dankwakurom
Central,Unknown,Diadabo
Central,Unknown,Anankumakuma
Central,Unknown,Foriwawura
Central,Upper Denkyira West,Adukurom
Central,Upper Denkyira West,Bethlehem
Central,Upper Denkyira West,Kyiripo
Western,Unknown,Abedasu
Central,Upper Denkyira West,Isakakurom
Central,Upper Denkyira West,Domeabra
Ashanti,Amansie West,Afigya
Central,Upper Denkyira West,Asanekurom
Central,Upper Denkyira West,Owusukurom
Central,Upper Denkyira West,Kwantanum
Central,Unknown,Okuoko
Central,Unknown,Danyame
Central,Upper Denkyira West,Ekakyirenyansa
Central,Upper Denkyira West,Treposo
Central,Upper Denkyira West,New Nkrofrom
Central,Unknown,Anweatutu
Central,Upper Denkyira West,Dumpese
Central,Upper Denkyira West,Ananekurom
Western North,Bibiani/Ahwiaso/Bekwai,Kwaminrukrom
Western,Wassa Amenfi East,Kojowasakrom
Western,Wassa Amenfi East,Amoatenkurom
Western,Tarkwa Nsuaem,Tamso Mewuaso
Ahafo,Tano North,Ahyiaem
Ahafo,Tano North,Nsuapim
Ahafo,Tano North,Manponten
Ahafo,Tano North,Dwenase
Ahafo,Tano North,Atensu
Ahafo,Tano North,Kwasu-Agya
Ahafo,Tano North,Tanokurom
Ahafo,Tano South,Onwe-Nkwanta
Ahafo,Tano South,Ntenwe
Ahafo,Tano South,Amanase
Ashanti,Ahafo Ano North,Kwaopreti
Ashanti,Ahafo Ano North,Aboabo
Ashanti,Ahafo Ano North,Ankaase
Ahafo,Tano South,Akuradadam
Ahafo,Tano South,New Brosankro
Ahafo,Tano South,Kwabinatentenkurom
Ahafo,Tano South,Kwame-Nsiakurom
Ahafo,Tano North,Dumakwae
Ahafo,Tano North,Bredi
Ahafo,Tano North,Nkwantabisa
Ahafo,Tano North,Bechem
Ahafo,Tano North,Koforidua
Ahafo,Tano South,Tani
Ahafo,Tano North,Aboom
Ahafo,Tano North,Boaso Number Two
Ahafo,Tano North,Boaso Number One
Ahafo,Tano South,Yawniakrom
Ahafo,Tano South,Nyasua
Ahafo,Tano South,Biokurom
Ahafo,Tano South,Tepa Junction
Ashanti,Ahafo Ano South,Agyeikurom
Ashanti,Ahafo Ano North,Dankwa
Ahafo,Tano South,Adumasa
Ahafo,Tano South,Boagya
Ahafo,Tano South,Gyidi
Ahafo,Tano South,Akrobo
Ahafo,Tano North,Mpiasem
Ahafo,Tano North,Dawtom
Ahafo,Tano North,Abonchuma
Ahafo,Tano North,Bosumasi
Ahafo,Tano North,Bosumkeseasi
Ahafo,Tano North,Sapiakrom
Ahafo,Tano North,Asukesetem
Ahafo,Tano North,Nankitiwa
Ahafo,Tano North,Tenasuaso
Ahafo,Tano North,Akatawaniasi
Ahafo,Tano North,Tomchirofa
Ahafo,Tano North,Tontintan
Ahafo,Tano North,Bamam
Ahafo,Tano North,Aboaboso
Ahafo,Tano North,Ajekofikrom
Ahafo,Tano North,Afamina
Ahafo,Tano North,Wawasi
Ahafo,Tano North,Ejenasi
Ahafo,Tano North,Ejabima
Ahafo,Asutifi South,Nobeso
Ashanti,Ahafo Ano North,Enuamo
Ahafo,Tano North,Kwawari
Ashanti,Ahafo Ano North,Abutifi
Ahafo,Tano South,Mofranfajwin
Ahafo,Tano South,Amrasi
Ahafo,Tano South,Sheohuden
Ahafo,Tano South,Sikafremoja
Ahafo,Tano South,Awnywi
Ahafo,Tano South,Nkran
Ashanti,Ahafo Ano North,Abueja
Ashanti,Ahafo Ano North,Nyamibechire
Ahafo,Tano North,Donkawtaw
Ahafo,Tano North,Nsunyamie
Ahafo,Tano North,Chwebedi
Ahafo,Tano North,Ebire
Ahafo,Tano North,Konkrumasi
Ahafo,Tano North,Chwatanoso
Ahafo,Tano North,Banwasi
Ahafo,Tano North,Jaokrom
Ahafo,Tano North,Apenamedi
Ahafo,Tano South,Impumpunasi
Ahafo,Tano South,Wusuesua
Ahafo,Tano South,Amoku
Ahafo,Tano South,Esereso
Ahafo,Tano South,Dintakro
Ahafo,Tano South,Asuadefua
Ahafo,Tano North,Dadaboa
Ahafo,Tano South,Nibiriba
Ahafo,Tano South,Awintakrom
Ahafo,Tano South,Ataniata
Ashanti,Ahafo Ano South,Nkwensuanu
Ashanti,Ahafo Ano South,Bomen
Ashanti,Ahafo Ano North,Bawjwfasi
Ashanti,Unknown,Abotaso
Ahafo,Tano South,Saint Joseph’s Teachers Training College
Ahafo,Tano North,Wire Bepo
Ahafo,Tano South,Banko
Ahafo,Tano South,Kwamekurom
Ashanti,Ahafo Ano North,Angwaham
Ashanti,Unknown,Kwamu
Ashanti,Offinso North,Jasikrom
Ashanti,Unknown,Adujansu
Ashanti,Offinso North,Abetinso
Ashanti,Offinso North,Nomasua
Ashanti,Offinso North,Siaso
Ashanti,Offinso North,Ankonum
Ashanti,Unknown,Nomesu
Ashanti,Offinso North,Mankramso
Ashanti,Offinso North,Mpuaso
Ashanti,Offinso North,Nyanyinadan
Ashanti,Offinso North,Mpapam
Ashanti,Offinso North,Muohu
Ashanti,Offinso North,Anwamso
Ashanti,Offinso North,Anwiafutu
Ashanti,Offinso North,Mfrante
Ashanti,Unknown,Antumpon
Ashanti,Offinso North,Asukese
Ashanti,Offinso North,Eserentiatia
Ashanti,Offinso North,Bredane
Ashanti,Offinso North,Adugyansu Number One
Ashanti,Offinso North,Adugyansu Number Two
Ashanti,Offinso North,Nyinatase
Ashanti,Offinso North,Kutre
Volta,North Dayi,North Dayi
Upper West,Unknown,Jelon
Upper West,Wa East,Gilong
Upper West,Unknown,Ambalara Forest Reserve
Upper West,Unknown,Lufian
Upper West,Unknown,Kulpawn Tributaries Forest Reserve
Upper West,Unknown,Kaliwisi
Upper West,Unknown,Baduro
Upper West,Unknown,Sangabe
Upper West,Sissala East,Timbaga
Upper West,Unknown,Fujen
Upper West,Sissala West,Gbele
Upper West,Unknown,Banaghari
Upper West,Unknown,Pusuya
Upper West,Unknown,Tinpuru
Upper West,Unknown,Kachelewia
Upper West,Sissala West,Gorima
Upper West,Unknown,Belengma
Upper West,Sissala East,Nahadakui
Upper West,Sissala East,Bullu
Upper West,Unknown,Chafua
Upper West,Unknown,Pukuala
Upper West,Unknown,Derisinsi
Upper West,Sissala West,Jiton
Upper West,Unknown,Landide
Upper West,Sissala East,Dangi
Upper West,Sissala East,Kowie
Upper West,Sissala West,Limere
Upper West,Sissala West,Madina
Upper West,Unknown,Tapania Forest Reserve
Upper West,Unknown,Jahafuo
Upper West,Unknown,Hawiana
Upper West,Sissala West,Rus
Upper West,Sissala West,Kandia
Upper West,Unknown,Mayuola
Upper West,Wa West,Tomaa
Upper West,Wa West,Chiatanga
Upper West,Wa West,Damayiri
Upper West,Wa West,Makpa
Upper West,Wa West,Yizia
Upper West,Wa West,Losse
Upper West,Wa West,Tambari
Upper West,Wa West,Chiberiyri
Upper West,Wa West,Jewoyeli
Upper West,Wa West,Jijuriyiri
Upper West,Wa West,Bavuna
Upper West,Wa West,Kombili
Upper West,Wa West,Dariyiri
Upper West,Wa West,Kantu
Upper West,Unknown,Kpaya
Upper West,Wa West,Gojiyiri
Upper West,Wa West,Danlarayiri
Upper West,Wa West,Tuole
Upper West,Wa West,Kwachiyiri
Upper West,Wa West,Tokali
Upper West,Wa West,Kawu
Upper West,Unknown,Sako
Upper West,Wa West,Bakporayiri
Upper West,Wa West,Lasia-Tuolu
Upper West,Wa West,Lasia-Bile Kunyeyiri
Upper West,Wa West,Kapule
Upper West,Wa West,Kolateyiri
Upper West,Wa West,Piriyiri
Upper West,Wa West,Nerikuyiri
Upper West,Wa West,Ladayiri
Upper West,Wa West,Woliyiri
Upper West,Wa West,Yeliyiri
Upper West,Wa West,Sigri
Upper West,Wa West,Gbungberi
Upper West,Wa West,Domawa
Upper West,Wa West,Dehi
Upper West,Wa,Dandafure
Upper West,Wa,Tampiani
Upper West,Wa,Kagu
Upper West,Wa West,Topiayiri
Upper West,Wa West,Kakaribayiri
Upper West,Wa,Darigiayiri
Upper West,Wa West,Dabogia
Upper West,Wa West,Nambagalabule
Upper West,Wa West,Siru
Upper West,Wa West,Pigbengben
Upper West,Wa West,Chocho
Upper West,Wa West,Bulinzin
Upper West,Wa West,Falifile
Upper West,Wa West,Bulu
Upper West,Wa West,Bulu Tanga
Upper West,Wa West,Masoyiri
Upper West,Wa West,Gboriyiri
Upper West,Wa West,Gbaliwun Manyayiri
Upper West,Wa West,Kpenayiri
Upper West,Wa West,Anyarayiri
Upper West,Unknown,Bakpon
Upper West,Wa West,Bakpon
Upper West,Wa West,Yoboyiri
Upper West,Wa West,Balabui
Upper West,Wa West,Woloyiri
Upper West,Wa West,Sagu
Upper West,Wa West,Laniyiri
Upper West,Wa West,Bawa
Upper West,Wa,Gurumuni
Upper West,Wa,Nyogolu
Upper West,Wa,Kpongu
Upper West,Unknown,Yumpolise
Upper West,Wa West,Ponyamayiri
Upper West,Wa West,Chabara
Upper West,Wa West,Tankasa
Upper West,Wa West,Dodobi
Upper West,Wa West,Dompie
Upper West,Wa West,Donye
Upper West,Wa West,Nuambachenyiri
Upper West,Wa West,Tagidoyiri
Upper West,Wa West,Joripiriyiri
Upper West,Wa West,Jagulu
Upper West,Wa West,Metori
Upper West,Wa West,Gugosu
Upper West,Wa West,Batunuriyiri
Upper West,Wa West,Tanjisi
Savannah,Sawla-Tuna-Kalba,Gbonkoyiri
Upper West,Wa West,Borkudo
Western,Unknown,Egobisa
Western,Unknown,Bile
Western,Unknown,Azala
Western,Ellembelle,Kamgbunli
Western,Unknown,Nobaya
Western,Unknown,Franza
Western,Unknown,Biare
Western,Ellembelle,Sawoma
Western,Unknown,Avenle
Western,Unknown,Sukpan
Western,Unknown,Abobre
Western,Unknown,Kodubaka
Western,Unknown,Bonuma
Western,Unknown,Nsuengene
Western,Unknown,Edweleza
Western,Unknown,Anuaye
Western,Unknown,Ellabrazule
Western,Unknown,Ngontubile
Western,Unknown,Wowule
Western,Unknown,Kum
Western,Unknown,Anwaria
Western,Unknown,Nvene
Western,Unknown,Mbohari
Western,Unknown,Berefrebo
Western,Unknown,Yiribuni
Western,Unknown,Ajumsu
Western,Unknown,Asrunum
Western,Ellembelle,Ayawora
Western,Ellembelle,Samkrom
Western,Unknown,Mangbo
Western,Unknown,Eboroadjoba
Western,Ellembelle,Awiebo Junction
Western,Ellembelle,Yankeykrom
Western,Unknown,Makodo
Western,Unknown,Melenu
Western,Unknown,Ayoranga
Western,Ellembelle,Asasetere
Western,Unknown,Aurunke
Western,Ellembelle,Alhajisuazo
Western,Unknown,Norowa
Western,Nzema East,Bichem
Western,Unknown,Ankamaka
Western,Unknown,Kwansaiyaura
Western,Unknown,Aiyaurachi
Western,Unknown,Ebolokpole
Western,Unknown,Atababo
Western,Unknown,Ebolo
Western,Unknown,Akwi
Western,Unknown,Ndesu
Western,Unknown,Ebichi
Western,Unknown,Ajeza
Western,Unknown,Tantan
Western,Ellembelle,Benyini
Western,Unknown,Amaganta
Western,Unknown,Abeti
Western,Unknown,Sasa
Western,Unknown,Sasapuri
Western,Unknown,Ngatabaka
Western,Unknown,Krokoa
Western,Unknown,Pubru
Western,Unknown,Amanabaka
Western,Unknown,Yamwabaka
Western,Unknown,Asundi
Western,Unknown,Tiera
Western,Unknown,Jeba
Western,Unknown,Kute
Western,Unknown,Ebobokpole
Western,Unknown,Ankrako
Western,Unknown,Kwataboba
Western,Unknown,Kronkron
Western,Unknown,Andusi
Western,Unknown,Asuoyam
Western,Unknown,Epregwantia
Western,Unknown,Achesu
Western,Unknown,Bojawi
Western,Unknown,Akotasu
Western,Unknown,Amamraburo
Western,Unknown,Nchiadi
Western,Unknown,Duesiabe
Western,Unknown,Asuama
Western,Unknown,Asamasi
Western,Unknown,Chedasu
Western,Unknown,Fefeahun
Western,Unknown,Popontim
Western,Unknown,Anumakwag
Western,Unknown,Subri Tuntum
Western,Unknown,Subri Kawkaw
Western,Unknown,Bonkaw
Western,Unknown,Nsontinabaka
Western,Unknown,Bopirim
Western,Unknown,Kuntirunfi
Western,Unknown,Atubaka
Western,Unknown,Jirigum
Western,Unknown,Tonlon
Western,Wassa Amenfi West,Nyamebekyere
Western,Wassa Amenfi West,Nyame Dzikan
Western,Ellembelle,Yonko Osei
Western,Wassa Amenfi West,Sunkwa
Western,Wassa Amenfi Central,Kodwokrom
Western,Wassa Amenfi Central,Nkwanta Number Two
Western,Prestea-Huni Valley,Subiri
Western,Wassa Amenfi West,Domeabra
Western,Unknown,Kyirikro
Western,Wassa Amenfi West,Kramokrom
Western,Wassa Amenfi West,Kotesoaba
Western,Wassa Amenfi West,Koduakrom
Western,Wassa Amenfi West,Abotarye
Western,Wassa Amenfi West,Kwekukrom
Western,Wassa Amenfi West,Asante-Akyem
Western,Unknown,Koduamu
Western,Wassa Amenfi West,Gonukrom
Western,Wassa Amenfi West,Nkansakrom
Western,Wassa Amenfi West,Kofinusinkrom
Western,Wassa Amenfi West,Sikanti
Western,Wassa Amenfi West,Adenyewode
Western,Wassa Amenfi West,Dinimhwe
Western,Wassa Amenfi West,Anhuntem
Western,Wassa Amenfi West,Kookoase
Western,Wassa Amenfi West,Wansema Camp
Western,Wassa Amenfi West,Ntaboo
Western,Wassa Amenfi West,Menakete Camp
Western,Unknown,Potente
Western,Unknown,Bekore
Western,Wassa Amenfi Central,Nyimpahiamboa
Western,Wassa Amenfi Central,Kwesi Atakrom
Western,Wassa Amenfi Central,Bin Aworaso
Western,Wassa Amenfi West,Pebease Number Two
Western,Unknown,Betemaa
Western,Wassa Amenfi Central,Atakrom
Western,Unknown,Kwekubadu
Western,Wassa Amenfi Central,Nakabam
Western,Wassa Amenfi Central,Kodukrom
Western,Wassa Amenfi Central,Ebira
Western,Wassa Amenfi Central,Atonsu
Western,Wassa Amenfi Central,Sunkwa
Western,Wassa Amenfi Central,K. Boatenkrom
Western,Unknown,Adwoatwene
Western,Unknown,Isa
Western,Unknown,Ejai
Western,Unknown,Anankuri
Western,Unknown,Ankajire
Western,Unknown,Tesuama
Western,Unknown,Ajire
Western,Unknown,Amofokuma
Western,Unknown,Samanfuri
Western,Unknown,Dankwaura
Western,Unknown,Opanaura
Western,Unknown,Amofo
Western,Unknown,Nkukuo
Western,Unknown,Aiyasu
Western,Unknown,Yakukua
Western,Unknown,Botente
Western,Unknown,Mrenia
Western,Unknown,Dunkwakaw
Western,Unknown,Dwirabo
Western,Unknown,Achichere Botutu
Western,Wassa Amenfi Central,Boesi
Western,Unknown,Twiankaw
Western,Unknown,Asukese
Western,Wassa Amenfi Central,Kwiniama
Western,Unknown,Ajinsem
Western,Unknown,Jirigrum
Western,Unknown,Cheehi
Western,Unknown,Anwia Futu
Western,Unknown,Chirahang
Western,Unknown,Samuel
Western,Unknown,Kaiyira
Western,Unknown,Dejiaba
Western,Unknown,Kunkumiresu
Western,Unknown,Tanyima
Western,Unknown,Nchisa
Western,Unknown,Kuntinsin
Western,Unknown,Kamfe
Western,Unknown,Abowin
Western,Unknown,Amankyim
Western,Unknown,Dobo
Western,Unknown,Sinsineka
Western,Unknown,Kwama
Western,Unknown,Nkyia
Western,Wassa Amenfi West,Samreboi Nkwanta
Western,Wassa Amenfi West,Kwamenansiakrom
Western,Unknown,Koma
Western,Wassa Amenfi West,Tumeantu
Western,Wassa Amenfi West,Poaso
Western,Unknown,Frantama
Western,Unknown,Anhwiem
Western,Unknown,Datano
Western,Wassa Amenfi West,Kwaban Camp
Western,Wassa Amenfi West,Woni Panyinadue
Western,Wassa Amenfi West,Subiriso
Western,Wassa Amenfi Central,Domeabra
Western,Wassa Amenfi Central,Bandokrom
Western,Wassa Amenfi Central,Besease
Western,Wassa Amenfi Central,Dominase Nkwanta
Western,Wassa Amenfi Central,Amokrom
Western,Unknown,Demonu
Western,Unknown,Tanhuni
Western,Unknown,Aprebonsa
Western,Unknown,Muri
Western,Wassa Amenfi Central,Asamasi
Western,Unknown,Kofienkeri
Western,Unknown,Tinki
Western,Wassa Amenfi West,Mpiasem
Western,Wassa Amenfi West,Shiankwanta
Western,Wassa Amenfi West,Shia
Western,Wassa Amenfi West,Adukrom
Western,Unknown,Kuintinsini
Western,Unknown,Aterensu
Western,Unknown,Katadem
Western,Unknown,Wasera
Western,Unknown,Sesu
Western,Unknown,Kwasietre
Western,Wassa Amenfi West,Eserim
Western,Unknown,Kwadiaura
Western,Unknown,Adere
Western,Unknown,Acherawi
Western,Unknown,Kufe
Western,Unknown,Bombom
Western,Unknown,Apimapim
Western,Unknown,Milichu
Western,Unknown,Akonrinaura
Ashanti,Atwima Mponua,Pasro Number Two
Ashanti,Atwima Mponua,Biribiarawonebere
Ashanti,Unknown,Krobontire
Ashanti,Unknown,Apapri
Ashanti,Atwima Mponua,Owusukurom Number One
Ashanti,Atwima Mponua,Owusukurom Number Two
Ashanti,Atwima Mponua,Worobegu
Ashanti,Atwima Mponua,Yawmosikurom
Ashanti,Atwima Mponua,Kwabenaforikurom
Ashanti,Atwima Mponua,Anansu Number Two
Ashanti,Atwima Mponua,Kolonga
Ashanti,Atwima Mponua,Aboabo
Ashanti,Atwima Mponua,Yaw Barimakurom
Ashanti,Atwima Mponua,Bogyagukurom
Ashanti,Unknown,Krakoitun
Ashanti,Unknown,Gyire
Ashanti,Atwima Mponua,Mmoframfaadwene
Ashanti,Atwima Mponua,Nsuontem
Ashanti,Atwima Mponua,Abobonwin
Ashanti,Atwima Mponua,Sikafrebogya
Ashanti,Atwima Mponua,Sankawso
Ashanti,Atwima Mponua,Kotobuom
Ashanti,Atwima Mponua,Kwanketia
Ashanti,Atwima Mponua,Afransie
Ashanti,Atwima Mponua,Jamakrom
Ashanti,Atwima Mponua,Bepoasi
Ashanti,Atwima Mponua,Ewisem
Ashanti,Atwima Mponua,Abekoasi
Ashanti,Atwima Mponua,Tuopaimenukrom
Ashanti,Atwima Mponua,Tuopai
Ashanti,Atwima Mponua,Muanu
Ashanti,Atwima Mponua,Hahankawso
Ashanti,Atwima Mponua,Asikaso
Ashanti,Atwima Mponua,Kayeya
Ashanti,Atwima Mponua,Onumakrom Wansabre
Ashanti,Atwima Mponua,Abetim
Ashanti,Unknown,Asukese
Ashanti,Atwima Mponua,Emimiso
Ashanti,Atwima Mponua,Framasi
Ashanti,Atwima Mponua,Nkatiasi
Ashanti,Atwima Mponua,Nyabokrom
Ashanti,Atwima Mponua,Mpawom
Ashanti,Atwima Mponua,Aboboanjoaja
Ashanti,Atwima Mponua,Moinawso
Ashanti,Atwima Mponua,Kwatrenkrom
Ashanti,Atwima Mponua,Fameyefuo
Ashanti,Atwima Mponua,Trinkwa
Ashanti,Atwima Mponua,Nsontinawora
Ashanti,Atwima Mponua,Ademso
Ashanti,Atwima Mponua,Jankowiase
Ashanti,Atwima Mponua,Mayebonikrom
Ashanti,Atwima Mponua,Kofichumkrom Wansabre
Ashanti,Ahafo Ano South,Asuakaw
Ashanti,Atwima Mponua,Aboraakurom
Ashanti,Atwima Mponua,Yawnraekurom
Ashanti,Unknown,Dekyire
Ashanti,Atwima Mponua,Beyeedenkurom
Ashanti,Unknown,Domeabra
Ashanti,Unknown,Kuntankaw
Ashanti,Atwima Mponua,Kwameamoakurom
Ashanti,Atwima Mponua,Konkonsanibebere
Ashanti,Atwima Mponua,Pokukurom
Ashanti,Unknown,Ntanakaw
Ashanti,Atwima Mponua,Beyeebi
Ashanti,Unknown,Kukurunu
Ashanti,Atwima Mponua,Asarekurom
Ashanti,Atwima Mponua,Bonwire
Ashanti,Atwima Mponua,Agyabenakurom
Ashanti,Atwima Mponua,Bronyakurom
Ashanti,Unknown,Hahankaw
Ashanti,Atwima Mponua,Debra
Ashanti,Atwima Mponua,Mantukwa
Ashanti,Unknown,Konkon
Ashanti,Atwima Mponua,Aboronye
Ashanti,Atwima Mponua,Hiamankwa
Ashanti,Atwima Mponua,Daboshed
Ashanti,Unknown,Abekosisu
Ashanti,Unknown,Nawba
Ashanti,Atwima Mponua,Pene Wotirim
Ashanti,Unknown,Kumesua
Ashanti,Atwima Mponua,Ankamakurom
Ashanti,Atwima Mponua,Tenewohodwo
Ashanti,Atwima Mponua,Kwakunsiakurom
Ashanti,Atwima Mponua,Basarekurom
Ashanti,Atwima Mponua,Kyeikurom
Ashanti,Atwima Mponua,Yawkusikurom
Ashanti,Atwima Mponua,Nkrankurom
Ashanti,Atwima Mponua,Tenewohodwo Nkwanta
Ashanti,Atwima Mponua,Baakofoakuraa
Ashanti,Atwima Mponua,Abu Suaamamahunu
Ashanti,Atwima Mponua,Mampon
Ashanti,Atwima Mponua,Kwameyamekurom
Ashanti,Atwima Mponua,Kwadwosafokurom
Ashanti,Atwima Mponua,Gyerusalem
Ashanti,Atwima Mponua,Debrakurom
Ashanti,Atwima Mponua,Gravelso
Ashanti,Atwima Mponua,Afriyie Kurom
Ashanti,Atwima Mponua,Okyeame
Ashanti,Atwima Mponua,Oseikurom
Ashanti,Atwima Mponua,Abakoase
Ashanti,Atwima Mponua,Baafikurom
Ashanti,Atwima Mponua,Adomakokurom
Ashanti,Atwima Mponua,Nyamebekyere Number Two
Ashanti,Atwima Mponua,Nyamebekyere Number Three
Ashanti,Atwima Mponua,Atufoakurom Number One
Ashanti,Atwima Mponua,Atufoakurom Number Two
Ashanti,Atwima Mponua,Nanakwasi Addaikurom
Ashanti,Atwima Mponua,Nyamebekyere Number One
Ashanti,Unknown,Abobonyun
Ashanti,Unknown,Moinawsu
Ashanti,Atwima Mponua,Pampaso
Ashanti,Atwima Mponua,Adeekurom
Ashanti,Unknown,Bepoase
Ashanti,Atwima Mponua,Aboabogya Number Two
Ashanti,Atwima Mponua,Okyerekurom
Ashanti,Atwima Mponua,Hwidiem
Ashanti,Atwima Mponua,Ampofokurom
Ashanti,Unknown,Emimisu
Ashanti,Atwima Mponua,Ansuontaa
Ashanti,Atwima Mponua,Nyamenta
Ashanti,Unknown,Abekosua
Ashanti,Atwima Mponua,Boat Ye Kurom
Ashanti,Atwima Mponua,Abresekurom
Ashanti,Atwima Mponua,Dodowa Nkwanta
Ashanti,Atwima Mponua,Nsonyameye
Ashanti,Atwima Mponua,Fawoman
Ashanti,Atwima Mponua,Akyease
Ashanti,Unknown,Ahresu
Ashanti,Atwima Mponua,Agyaponkurom
Ashanti,Ahafo Ano South,Asuakoo
Ashanti,Ahafo Ano South,Yerepemso
Ashanti,Unknown,Danyame
Ashanti,Atwima Mponua,Aniantetem
Ashanti,Atwima Mponua,Kwadwoaddaikurom
Ashanti,Atwima Mponua,Atakurom
Ashanti,Atwima Mponua,Mawanimerewonsa
Ashanti,Unknown,Ayisisu
Ashanti,Atwima Mponua,Ohiampeanika
Ashanti,Atwima Mponua,Tabrikurom
Ashanti,Unknown,Wansabre
Ashanti,Unknown,Ayisisukuma
Ashanti,Atwima Mponua,Kwadwotire
Ashanti,Unknown,Kwadwotiri
Ashanti,Atwima Mponua,Kobraso
Ashanti,Unknown,Aboaboni
Ashanti,Atwima Mponua,Mmehame
Ashanti,Atwima Mponua,Kramokurom
Ashanti,Atwima Mponua,Akokobenumnsuo
Ashanti,Unknown,Yakawkaw
Ashanti,Unknown,Ademsu
Ashanti,Atwima Mponua,Pamurusu
Ashanti,Atwima Mponua,Abodiem
Ashanti,Unknown,Kuntunkaw
Ashanti,Unknown,Okra
Ashanti,Atwima Mponua,Wansabre
Ashanti,Atwima Mponua,Mmawaninha
Ashanti,Unknown,Pampa
Ashanti,Unknown,Bopoakaw
Ashanti,Unknown,Sonsuabina
Ashanti,Unknown,Akobra
Ahafo,Asutifi South,Anunum
Ahafo,Asutifi South,Sanmu
Ashanti,Ahafo Ano North,Minuanikuma
Ashanti,Ahafo Ano North,Miawuanikese
Ashanti,Ahafo Ano North,Nantia
Ashanti,Ahafo Ano North,Nyame
Ashanti,Ahafo Ano North,Teiakurd
Ashanti,Ahafo Ano North,Ampehin
Ashanti,Ahafo Ano North,Abuetifi
Ashanti,Unknown,Ekasu
Ashanti,Ahafo Ano North,Apesika
Ashanti,Unknown,Kwesua
Ashanti,Ahafo Ano North,Bibiani
Ashanti,Unknown,Kobantensua
Ashanti,Unknown,Dubim
Ashanti,Ahafo Ano North,Ampoma
Ashanti,Unknown,Wuwu
Ashanti,Ahafo Ano North,Enyinasinase
Ashanti,Unknown,Nkesu
Ashanti,Ahafo Ano North,Nkesu
Ashanti,Ahafo Ano North,Nyankumasiamenam
Ashanti,Ahafo Ano South,Kwadi Jeinsu
Ashanti,Unknown,Numesua
Ashanti,Ahafo Ano North,Numesua
Ashanti,Ahafo Ano North,Asuako
Ashanti,Ahafo Ano North,Kwabinanyanto
Ashanti,Ahafo Ano North,Abentem
Ashanti,Ahafo Ano North,Famang
Ashanti,Ahafo Ano North,Djwedisram
Ashanti,Ahafo Ano North,Awieye
Ashanti,Ahafo Ano North,Dianyamibechere
Ashanti,Ahafo Ano North,Ejakwa
Ashanti,Unknown,Japachidi
Ashanti,Ahafo Ano North,Djwenohu
Ashanti,Unknown,Kwadusua
Ashanti,Ahafo Ano North,Beposo
Ashanti,Ahafo Ano North,Twabidi Number Two
Ashanti,Ahafo Ano North,Bosikese
Ashanti,Ahafo Ano North,Dompo
Ashanti,Ahafo Ano North,Detuam
Ashanti,Ahafo Ano North,Asafoasin
Ashanti,Unknown,Asafoasin
Ashanti,Ahafo Ano North,Nyankumase
Ashanti,Ahafo Ano North,Odumase
Ashanti,Ahafo Ano North,Subriso
Ashanti,Ahafo Ano North,Akuasiwaso
Ashanti,Ahafo Ano North,Asuogya
Ashanti,Ahafo Ano North,Timbabi Number Three
Ashanti,Unknown,Okraa Akosua
Ashanti,Unknown,Siriboa Number Two
Ashanti,Ahafo Ano North,Sirboaso Number Two
Ashanti,Unknown,Akuasiwa
Ashanti,Ahafo Ano North,Kwamewuokurom
Ashanti,Ahafo Ano North,Mfaanibu Number One
Ashanti,Ahafo Ano North,Bodwese
Ashanti,Ahafo Ano North,Apotchcso
Ashanti,Ahafo Ano North,Amoaowusukurom
Ashanti,Unknown,Berebetiniko
Ashanti,Ahafo Ano North,Mfaanibu Number Two
Ashanti,Ahafo Ano North,Asuadei
Ashanti,Ahafo Ano North,Kaaseagya
Ashanti,Ahafo Ano North,Kaebre
Ashanti,Ahafo Ano North,Ntiamoa
Ashanti,Ahafo Ano North,Abodwise Camp
Ashanti,Ahafo Ano North,Siriboaso Number One
Ashanti,Unknown,Siriboa Number One
Ashanti,Ahafo Ano North,Akyena
Ashanti,Ahafo Ano North,Chchocyencbe
Ashanti,Ahafo Ano North,Sinorosiso Number One
Ashanti,Ahafo Ano North,Ohiayeanimguase
Ashanti,Ahafo Ano North,Sinorosiso Number Two
Ashanti,Ahafo Ano North,Akrofonso
Ashanti,Ahafo Ano North,Bomfa
Ashanti,Ahafo Ano North,Pakyi
Ashanti,Ahafo Ano North,Ewewiase
Ashanti,Ahafo Ano North,Opokukurom
Ashanti,Ahafo Ano North,Antokurom Bredi
Ashanti,Ahafo Ano North,Siawkurom
Ashanti,Ahafo Ano North,Gambia
Ashanti,Ahafo Ano North,Sikayempenoanika
Ashanti,Ahafo Ano North,Sempekurom
Ashanti,Ahafo Ano North,Nfante
Ashanti,Unknown,Desiri Forest Reserve
Ashanti,Ahafo Ano North,Nyameyehene
Bono,Unknown,Bono
Oti,Unknown,Oti
North East,Unknown,North East
Ahafo,Unknown,Ahafo
Bono East,Unknown,Bono East
Savannah,Unknown,Savannah
Western North,Unknown,Western North
Western,Wassa Amenfi Central,Wassa Amenfi Central
Bono East,Techiman North District,Techiman North District
Savannah,North Gonja,North Gonja
Northern,Kumbumgu,Kumbumgu
Ashanti,Asante Akim Central Municipal,Asante Akim Central Municipal
Ashanti,Sekyere Afram Plains North,Sekyere Afram Plains North
Greater Accra,Ada East,Ada East
Eastern,Upper West Akim,Upper West Akim
Greater Accra,La Dade Kotopon,La Dade Kotopon
Ashanti,Asokore Mampong Municipal,Asokore Mampong Municipal
Greater Accra,La Nkwantanang Madina,La Nkwantanang Madina
Greater Accra,Kpone Katamanso,Kpone Katamanso
Central,Twifo Ati-Morkwa,Twifo Ati-Morkwa
Central,Ekumfi,Ekumfi
Volta,Adaklu,Adaklu
Volta,Ho West,Ho West
Volta,Afadzato South,Afadzato South
Oti,Krachi Nchumuru,Krachi Nchumuru
Greater Accra,Ningo Prampram,Ningo Prampram
Eastern,Nsawam Adoagyiri,Nsawam Adoagyiri
Western North,Suaman,Suaman
Western North,Bodi,Bodi
Western North,Bia East,Bia East
Ahafo,Asutifi South,Asutifi South
Bono,Dormaa West,Dormaa West
Bono,Banda,Banda
Bono East,Sene East,Sene East
Eastern,Ayensuano,Ayensuano
Eastern,Denkyembour,Denkyembour
Eastern,Kwahu Afram Plains South,Kwahu Afram Plains South
Northern,Mion,Mion
Central,Awutu Senya East Municipal,Awutu Senya East Municipal
Northern,Sagnerigu,Sagnerigu
Northern,Tatale-Sangule District,Tatale-Sangule District
Upper East,Builsa South,Builsa South
Upper East,Nabdam,Nabdam
Greater Accra,Ada West,Ada West
Volta,Akatsi South,Akatsi South
Volta,Central Tongu,Central Tongu
Volta,Agotime Ziope,Agotime Ziope
Ahafo,Unknown,Abetinsu
Ahafo,Tano North,Pehuyeso
Ahafo,Tano North,Santasi
Ahafo,Tano South,Asuafu
Ahafo,Tano North,Dagyamem
Ahafo,Tano South,Adubinso
Bono East,Techiman North District,Wa
Bono East,Techiman North District,Tenaso Number Two
Bono East,Unknown,Asonsu
Bono East,Techiman North District,Asubrofo
Bono East,Unknown,Nsuta
Bono,Sunyani West,Asufu
Bono,Sunyani West,Buohu
Bono,Sunyani West,Kobedi
Bono,Sunyani West,Pehuyeso
Bono,Unknown,Nchiranchira
Bono,Sunyani West,Kwaitokro
Bono,Sunyani,Nkwaitia
Ahafo,Tano North,Afranso
Ahafo,Unknown,Ankwasu
Ahafo,Tano North,Afresepakurom
Ahafo,Tano North,Yaw Mensa
Ahafo,Tano North,Aboajua
Bono,Unknown,Afumkwai
Bono,Unknown,Bamutu
Bono,Unknown,Ahasu
Bono,Sunyani West,Ntwiesa
Ahafo,Tano North,Adrokrom
Bono,Unknown,Tanafuo
Bono,Sunyani West,Yayaso
Bono,Unknown,Yaya
Bono,Sunyani West,Mpataso
Bono,Sunyani West,Subinso
Bono East,Unknown,Boduasu
Bono East,Techiman North District,Tanoanafo
Ahafo,Tano North,Dadampa
Ahafo,Unknown,Sechiwa
Ahafo,Tano North,Muohu
Ahafo,Unknown,Ejwirasu
Ahafo,Unknown,Adel
Ahafo,Tano North,Kangyasi
Ahafo,Unknown,Chobidi
Ahafo,Tano North,Nimokrom
Bono,Sunyani West,Akwasua
Bono,Unknown,Anomasu
Bono,Sunyani West,Korobasi
Bono,Wenchi,Ohene
Bono,Wenchi,Bosua
Bono,Sunyani West,Asebia
Ahafo,Unknown,Anankasu
Ahafo,Unknown,Awuro
Bono,Wenchi,Kyirinkortompo
Bono,Wenchi,Kwame Gyankurom
Bono,Wenchi,Ayigbe
Bono,Wenchi,Kwadwonsowaakurom
Bono,Wenchi,Malaamkurom
Bono East,Techiman North District,Beposo
Bono East,Techiman North District,Mangoase
Bono East,Techiman North District,Nkrankurom
Bono East,Techiman North District,Kwasigyame
Bono East,Techiman North District,Tenaso Number One
Bono East,Techiman North District,Praprapanyin
Ahafo,Tano North,Twabidi
Ahafo,Tano North,Mosikurom
Ahafo,Tano North,Mankranho
Ahafo,Tano North,Subenso
Ahafo,Tano North,Yaw Nyako
Ahafo,Tano North,Adama-Kramo
Bono,Sunyani West,Tetekurom
Bono,Sunyani West,Donkokurom
Bono,Sunyani West,Johnsonkurom
Bono,Sunyani,Mensakurom
Bono,Sunyani,Fokuokurom
Ahafo,Tano North,Yaw Donko
Ahafo,Tano North,Kototwere
Ahafo,Tano North,Esereso
Ahafo,Tano North,Krofofrom
Ahafo,Tano North,Bisi
Ahafo,Tano South,Santaso
Bono,Tain,Popoyease
Bono,Wenchi,Kanasi
Bono,Unknown,Adua
Bono,Unknown,Gyawona
Bono,Tain,Fusuampa
Bono,Wenchi,Adugyumkurom
Bono,Tain,Nyamebekyere
Bono,Unknown,Boasa
Bono,Wenchi,Kankyifu
Bono,Wenchi,Yawgyankurom
Bono,Wenchi,Bonkum
Bono,Unknown,Subini
Bono,Wenchi,Abubei
Bono,Wenchi,Ntwiaso
Bono,Wenchi,Nyamebekyere
Bono,Wenchi,Asamoa
Bono,Wenchi,Besiaboye
Bono,Wenchi,Nyinamponase Number Two
Bono,Wenchi,Nyinamponase Number One
Bono,Wenchi,Bentuam
Bono,Wenchi,Frimpon Kura
Bono,Wenchi,Dakonto
Bono,Wenchi,Beponosu
Bono,Wenchi,Agyei Yaw Kura
Bono,Wenchi,Nibriba
Bono,Wenchi,Nsuansa
Bono,Wenchi,Amoakurom
Bono,Wenchi,Kofiekurom
Bono,Wenchi,Ankomakurom
Bono,Wenchi,Brunso
Bono,Wenchi,Ahwene
Bono East,Techiman North District,Boakye Kurom
Bono East,Techiman North District,Jack Kurom
Bono East,Techiman North District,Bethleham
Bono East,Techiman North District,Adukofi - Kura
Bono East,Techiman North District,Ankomakurom
Bono East,Techiman North District,Konkronpe
Bono East,Techiman North District,Kwabina
Bono East,Techiman North District,Kyerekurom
Bono East,Techiman North District,Braima Kura
Bono East,Techiman North District,Kwasi Kurom
Bono East,Techiman North District,Katabaku Kurom
Bono East,Techiman North District,Atakonokurom
Bono East,Techiman North District,Owusu Kurom
Bono East,Techiman North District,Mampon
Bono East,Techiman North District,Akyeapon Kura
Bono East,Techiman North District,Opoku Kura
Bono East,Techiman North District,Apasu
Bono East,Techiman North District,Srapu Kurom
Bono East,Techiman North District,Kwasitan Kurom
Bono East,Techiman North District,Asuogya
Bono East,Techiman North District,Awudu Kurom
Bono East,Techiman North District,Metenesua
Bono East,Techiman North District,Nsutahene Kura
Bono East,Techiman North District,Atea
Bono,Wenchi,Bepotrim
Bono,Unknown,Nyinasoa
Bono,Wenchi,Sawsaw
Bono,Unknown,Sawsaw
Bono,Wenchi,Adieso
Bono East,Techiman North District,Atikofi Kurom
Bono East,Techiman North District,Adu Kurom
Bono East,Techiman North District,Yapimsu
Bono East,Techiman North District,Bontini Kurom
Bono East,Techiman North District,Asakwaku Kurom
Bono East,Techiman North District,Bianhyew
Bono East,Techiman North District,Kwadwobini Kurom
Bono East,Techiman North District,Mantukwa
Bono East,Techiman North District,Miawani
Bono,Unknown,Abrabo
Bono,Wenchi,Basua
Bono East,Techiman North District,Atrensoatifi
Bono East,Techiman North District,Kramo Kurom
Bono East,Techiman North District,Issahaka Kurom
Bono East,Techiman North District,Asiakwakurom
Bono East,Techiman North District,Gyimira
Bono,Wenchi,Bonsu
Bono,Wenchi,Nframasu
Bono,Wenchi,Atwiem
Bono,Wenchi,Boasu
Bono,Wenchi,Amikurom
Bono East,Techiman Municipal District,Ayeasu
Bono,Wenchi,Tadeeso
Bono,Unknown,Botim
Bono,Wenchi,Nkyirensua
Bono,Wenchi,Degyedegye
Bono,Wenchi,Yoyoano
Bono,Wenchi,Kyenkyenasi
Bono East,Techiman Municipal District,Kokoago
Bono East,Techiman Municipal District,Apenkro
Bono,Wenchi,Yawdonkokurom
Bono,Wenchi,Peohu
Bono East,Techiman Municipal District,Kokroko
Bono East,Techiman Municipal District,Ayesu
Bono East,Techiman North District,Bau
Bono East,Techiman North District,Dente Kurom
Bono East,Techiman North District,Boadi Kurom
Bono East,Techiman North District,Musah Kurom
Bono East,Techiman North District,Abu Kurom
Bono East,Techiman North District,Kwame Yaboa
Bono East,Unknown,Agogotra
Bono East,Techiman North District,Maapehia
Bono East,Techiman North District,Koforidua
Bono East,Techiman North District,Kofoso
Bono East,Unknown,Bonkwae
Bono East,Techiman North District,Bunkwae
Bono East,Techiman North District,Faaman
Bono East,Unknown,Sunsua
Bono East,Techiman North District,Kyeremi Kurom
Bono East,Techiman North District,Seresu
Bono East,Techiman North District,Komkurom
Bono East,Techiman North District,Kofiasibo Kurom
Bono East,Techiman North District,Panyiahyena
Bono East,Techiman North District,Nsunya
Bono East,Techiman North District,Kwaowa Kura
Bono East,Techiman North District,Osei Kura
Bono East,Techiman North District,Kofi Kura
Bono East,Techiman North District,Kyekosi Kura
Bono East,Techiman North District,Odomeabra
Bono East,Techiman North District,Nsunyamankasem
Bono East,Techiman North District,Kwasibiribi Kura
Bono East,Techiman North District,Kwame Kuma
Bono East,Techiman North District,Bonkwae
Bono East,Techiman North District,Kurufesi
Bono East,Techiman North District,Kwakuadiah Kurom
Bono East,Techiman North District,Kwamena - Dente
Bono East,Techiman North District,Benimase
Bono East,Techiman North District,Nsuaseresu
Bono East,Techiman North District,Manunyaoya
Bono East,Techiman North District,Dente - Kurom
Bono East,Unknown,Agosa
Bono East,Techiman North District,Asunsu
Bono East,Unknown,Abamo
Bono East,Unknown,Adesu
Bono East,Techiman North District,Beposu
Bono East,Techiman North District,Atakofi Kurom
Bono East,Unknown,Bonya
Bono East,Techiman Municipal District,Subinano
Bono East,Techiman Municipal District,Mangoase
Bono East,Techiman North District,Begamsu
Bono East,Techiman North District,Nana Konimokurom
Bono,Wenchi,Ghana Tobacco Company Limited
Bono East,Techiman North District,Gyebensua
Bono,Unknown,Tiamrakra
Bono,Tain,Kwaeekeseem
Bono,Tain,Dabonikurom
Bono,Unknown,Adontaiku
Bono,Tain,Yabraso
Bono,Tain,Papakyea
Bono,Unknown,Papakyea
Bono,Tain,Abekwayie
Bono,Tain,Drobokurom
Bono,Wenchi,Drobokurom
Bono,Unknown,Danyame
Bono,Unknown,Atwin
Bono,Unknown,Brumu
Bono,Wenchi,Ghana Highway Road Camp
Bono,Wenchi,Boase
Bono,Wenchi,Abotereye
Bono,Unknown,Atabi
Bono,Wenchi,Amponsakurom
Savannah,Unknown,Bontoru
Bono,Banda,Bui National Park
Savannah,Unknown,Mfawei
Bono East,Kintampo South District,Nnipa Hia Mmoa
Bono East,Kintampo South District,Tingakurom
Bono East,Unknown,Nipuga
Bono East,Kintampo South District,Ayawuya
Bono,Wenchi,Atabi Number Two
Bono,Wenchi,Atabi Number One
Bono,Unknown,Bonya
Bono,Wenchi,Badu
Bono,Wenchi,Wurompo
Bono East,Techiman Municipal District,Boadan
Bono,Wenchi,Wenchi Farm Institute
Bono,Wenchi,Central Nursery Tobacco Company
Savannah,Unknown,Lanka Forest Reserve
Savannah,Bole,Nuayiri
Savannah,Bole,Kwadwokurom
Savannah,Unknown,Bunbunte
Savannah,Unknown,Dagare
Savannah,Bole,Doyi
Savannah,Unknown,Malimi
Savannah,Unknown,Kulunkyu
Savannah,Unknown,Dugli
Bono,Unknown,Lipo
Savannah,Unknown,Kuboma
Savannah,Unknown,Ubon
Savannah,Unknown,Boyul
Savannah,Unknown,Santanbo
Savannah,Unknown,Wawa
Savannah,Unknown,Fulbon
Savannah,Unknown,Nyariyari
Savannah,Bole,Marsipe
Savannah,Unknown,Kaledu
Savannah,Central Gonja,Kaledo
Savannah,Unknown,Yenkamba
Savannah,Unknown,Wanbon
Savannah,Unknown,Bombiri
Savannah,Unknown,Mokaladuo
Savannah,Bole,Makaladuo
Savannah,Unknown,Yaradi
Savannah,Unknown,Tufazugong
Savannah,Unknown,Kochol
Savannah,Unknown,Chankpanbuuma
Savannah,Unknown,Kokobum
Savannah,Unknown,Chankpabarima
Savannah,Unknown,Kenikeni Forest Reserve
Savannah,Unknown,Chibo
Savannah,Unknown,Nagiyelanni
Savannah,Unknown,Gonlum
Savannah,Unknown,Kokobo
Savannah,Unknown,Belimbur
Savannah,Unknown,Gyara
Savannah,Unknown,Sumbaze
Savannah,Unknown,Gimegimesi
Savannah,Unknown,Gbongbo
Savannah,Unknown,Hawapul
Savannah,Unknown,Rama
Savannah,Unknown,Chubuo
Savannah,Unknown,Dataabiekuge
Savannah,Unknown,Waase
Savannah,Unknown,Kanaagon
Savannah,Unknown,Wakpanto
Savannah,Unknown,Kubonlembir
Savannah,Unknown,Fuchubuluma
Savannah,Unknown,Sara
Savannah,West Gonja,Daakpaza
Savannah,Unknown,Chori
Savannah,Unknown,Kpakpola
Savannah,Unknown,Gingee
Savannah,Unknown,Nuabilegbal
Savannah,Unknown,Terigigon
Savannah,Unknown,Giwaanii
Savannah,Unknown,Jara
Savannah,Unknown,Soobigegon
Savannah,Unknown,Pirinyigsi
Savannah,Unknown,Kolpuka
Savannah,Unknown,Kubonwura
Savannah,Unknown,Jagipol
Savannah,Unknown,Chongoligon
Savannah,Unknown,Arigon
Savannah,Unknown,Filihugo
Savannah,Unknown,Kobol
Savannah,Unknown,Tolinbol
Savannah,Unknown,Niikon
Savannah,Unknown,Tibira
Savannah,Sawla-Tuna-Kalba,Jandra
Savannah,Unknown,Kpamul
Savannah,Unknown,Forisigon
Savannah,Unknown,Gonkogu
Savannah,Unknown,Chiribon
Savannah,Unknown,Pulibize
Savannah,Unknown,Nayiri
Savannah,Unknown,Zabaga
Savannah,Unknown,Buli
Savannah,Unknown,Nawonbeu
Savannah,Unknown,Gonbu
Savannah,Unknown,Kanancho
Savannah,Unknown,Waawaa
Savannah,Unknown,Nenyelani
Savannah,Unknown,Haygon
Savannah,Unknown,Zelibul
Savannah,Unknown,Kukpelingu
Savannah,Unknown,Katigong
Savannah,Unknown,Hegakombor
Savannah,Unknown,Hawamagong
Savannah,Unknown,Chemagong
Savannah,Unknown,Belewu
Savannah,Unknown,Nehoga
Savannah,Unknown,Kagle
Savannah,Unknown,Gogubor
Savannah,Unknown,Kankagamuni
Savannah,Unknown,Kpalamuni
Savannah,Unknown,Kolukombor
Savannah,Unknown,Vagabogukombor
Savannah,Unknown,Chiporimunikambor
Savannah,Unknown,Zanagong
Savannah,Unknown,Posari
Savannah,Unknown,Wiriwul
Savannah,Unknown,Ditalgong
Savannah,Unknown,Tidinyogong
Savannah,Unknown,Kulejongkule
Savannah,Unknown,Korzaze
Savannah,Unknown,Solakor
Savannah,Unknown,Hambagagon
Savannah,Unknown,Bagagong
Savannah,Unknown,Lora
Savannah,Unknown,Zagupul
Savannah,Unknown,Yarnkonkori
Savannah,Unknown,Kayiring
Savannah,Unknown,Kaga
Savannah,Unknown,Kumbu
Savannah,Unknown,Chubo
Savannah,Unknown,Gbechema
Savannah,Unknown,Gora
Savannah,Unknown,Dakpaza
Savannah,Unknown,Charipul
Savannah,Unknown,Kusanikombor
Savannah,Unknown,Dongulekombor
Upper West,Wa West,Mevoli
Savannah,Sawla-Tuna-Kalba,Wula
Savannah,Sawla-Tuna-Kalba,Polikuon
Savannah,Sawla-Tuna-Kalba,Tediliyiri
Savannah,Sawla-Tuna-Kalba,Jorichuyiri
Savannah,Sawla-Tuna-Kalba,Takariyiri
Savannah,Sawla-Tuna-Kalba,Bisiyiri
Savannah,Unknown,Kongpe
Savannah,Sawla-Tuna-Kalba,Yerikoi
Savannah,Sawla-Tuna-Kalba,Waldie
Savannah,Sawla-Tuna-Kalba,Bakayiri
Savannah,Sawla-Tuna-Kalba,Kporizu
Savannah,Sawla-Tuna-Kalba,Ure
Savannah,Sawla-Tuna-Kalba,Jinakaa
Savannah,Sawla-Tuna-Kalba,Digatama
Savannah,Sawla-Tuna-Kalba,Vuongbe
Savannah,Sawla-Tuna-Kalba,Yekoliyiri
Savannah,Sawla-Tuna-Kalba,Kelayiri
Savannah,Sawla-Tuna-Kalba,Baojon
Savannah,Sawla-Tuna-Kalba,Guon
Savannah,Sawla-Tuna-Kalba,Vongber
Savannah,Sawla-Tuna-Kalba,Konpihi
Savannah,Sawla-Tuna-Kalba,Neogberi
Savannah,Sawla-Tuna-Kalba,Kanchen
Savannah,Sawla-Tuna-Kalba,Jankaa
Savannah,Sawla-Tuna-Kalba,Vondiali
Savannah,Sawla-Tuna-Kalba,Kpuribayiri
Savannah,Sawla-Tuna-Kalba,Jumbuoyiri
Savannah,Sawla-Tuna-Kalba,Gunsi
Savannah,Sawla-Tuna-Kalba,Tafori
Western North,Unknown,Tano Suraw Extension Forest Reserve
Ahafo,Unknown,Ahiresu
Ahafo,Asunafo South,Ahwiaa
Ahafo,Asunafo South,Atekyem
Ahafo,Asunafo South,Opponkurom
Ahafo,Asunafo South,Asuminkurom
Ahafo,Asunafo South,Kwabenadonkorkurom
Ahafo,Asunafo South,Odwumakurom
Ahafo,Asunafo South,Bonwire
Ahafo,Unknown,Dein
Ahafo,Asunafo South,Bepoase
Ahafo,Asunafo South,Nkawie
Ahafo,Asunafo South,Buokurom
Ahafo,Asunafo South,Tanoso
Ahafo,Asunafo South,Abukurom
Ahafo,Asunafo South,Nkwaakoom
Ahafo,Asunafo South,Kwakudonkorkurom
Ahafo,Unknown,Kokoo
Ahafo,Asunafo South,Kokooso Number Three
Ahafo,Asunafo South,Kokooso Number Two
Ahafo,Asunafo South,Kokooso Number One
Ahafo,Asunafo South,Agyeikurom
Ahafo,Asunafo South,Asantekae
Western North,Unknown,Sesuri
Western North,Sefwi-Wiawso,Suhienso
Western North,Unknown,Nyamayama
Western North,Sefwi-Wiawso,Anglo
Western North,Sefwi-Wiawso,Nyaman Yama
Western North,Sefwi-Wiawso,Boakonka
Western North,Sefwi-Wiawso,Sikaneasem
Western North,Sefwi-Wiawso,Nsonyameye
Western North,Sefwi-Wiawso,Nfantefokurom
Western North,Sefwi-Wiawso,Domeabra
Western North,Sefwi-Wiawso,Owuoaboroso
Western North,Sefwi-Wiawso,Ayerekurom
Western North,Sefwi-Wiawso,Esanse
Western North,Bibiani/Ahwiaso/Bekwai,Ekyuiabo
Western North,Bibiani/Ahwiaso/Bekwai,Tetekurom
Western North,Bibiani/Ahwiaso/Bekwai,Enyinaase
Western North,Bibiani/Ahwiaso/Bekwai,Subrokurom
Western North,Bibiani/Ahwiaso/Bekwai,Obrayeko
Western North,Unknown,Kukuon
Western North,Unknown,Mamnao
Western North,Bibiani/Ahwiaso/Bekwai,Affulkurom
Western North,Bibiani/Ahwiaso/Bekwai,Abesinsuom Number One
Western North,Bibiani/Ahwiaso/Bekwai,Fawoman
Western North,Bibiani/Ahwiaso/Bekwai,Abesinsuom Number Two
Western North,Bibiani/Ahwiaso/Bekwai,Nturuwa
Western North,Bibiani/Ahwiaso/Bekwai,Ohiampeanika
Western North,Bibiani/Ahwiaso/Bekwai,Kwakumekurom
Ashanti,Atwima Mponua,Samfifre
Western North,Bibiani/Ahwiaso/Bekwai,Hwennampori
Western North,Bibiani/Ahwiaso/Bekwai,Mpokoampa
Western North,Bibiani/Ahwiaso/Bekwai,Akawuakurom
Western North,Unknown,Mpokwampa
Western North,Bibiani/Ahwiaso/Bekwai,Gyidifokurom
Western North,Bibiani/Ahwiaso/Bekwai,Dekede
Western North,Bibiani/Ahwiaso/Bekwai,Basire
Western North,Bibiani/Ahwiaso/Bekwai,Kwaaso
Western North,Bibiani/Ahwiaso/Bekwai,Kyenkyenase
Western North,Bibiani/Ahwiaso/Bekwai,Kodadwen
Western North,Unknown,Afasue
Western North,Bibiani/Ahwiaso/Bekwai,Efamu
Western North,Bibiani/Ahwiaso/Bekwai,Breman
Western North,Bibiani/Ahwiaso/Bekwai,Debiso
Western North,Bibiani/Ahwiaso/Bekwai,Bankromisa
Western North,Bibiani/Ahwiaso/Bekwai,Akaaso
Western North,Unknown,Kyira
Western North,Bibiani/Ahwiaso/Bekwai,Sefwintakam
Western North,Bibiani/Ahwiaso/Bekwai,Wiakyire
Western North,Bibiani/Ahwiaso/Bekwai,Buabenso
Western North,Unknown,Anwhiaso North Forest Reserve
Western North,Bibiani/Ahwiaso/Bekwai,Nzemankwanta
Western North,Unknown,Ampani
Ahafo,Asunafo South,Adupiri
Ahafo,Asunafo South,Kafodifaw
Ahafo,Asunafo South,Diahunukrom
Ahafo,Asunafo South,Ankakrom
Ahafo,Asunafo South,Mpuoso
Ahafo,Asunafo South,Esuhiaye
Ahafo,Asunafo South,Kofiseimkrom
Ahafo,Asunafo South,Atechem
Ahafo,Asunafo South,Kwambikrom
Ahafo,Asunafo South,Dotom
Ahafo,Asunafo South,Nsunsa
Ahafo,Asunafo South,Nyinakaw
Ahafo,Asunafo South,Suntireso
Western North,Sefwi-Wiawso,Krodukrom
Western North,Sefwi-Wiawso,Abuoso
Ahafo,Asunafo South,Datroso
Western North,Sefwi-Wiawso,Odumasi
Western North,Sefwi-Wiawso,Asiembosuna
Western North,Sefwi-Wiawso,Esuenta
Western North,Sefwi-Wiawso,Ankamam
Western North,Sefwi-Wiawso,Kwasiadaikrom
Western North,Sefwi-Wiawso,Efumkrom
Western North,Sefwi-Wiawso,Ndodikrom
Western North,Sefwi-Wiawso,Susurobo
Western North,Sefwi-Wiawso,Brumase
Western North,Sefwi-Wiawso,Kwekuadaikrom
Western North,Sefwi-Wiawso,Nkawekrom
Western North,Sefwi-Wiawso,Kwabenamoakrom
Western North,Sefwi-Wiawso,Esanda
Western North,Sefwi-Wiawso,Suntroso
Western North,Sefwi-Wiawso,Betinasi
Western North,Sefwi-Wiawso,Aketebuom
Western North,Sefwi-Wiawso,Awusubenwi
Western North,Sefwi-Wiawso,Kwabenaseikrom
Western North,Sefwi-Wiawso,Enyakuro
Western North,Sefwi-Wiawso,Mpomponiabo
Western North,Sefwi-Wiawso,Akwajraw
Western North,Sefwi-Wiawso,Tanonfwem
Western North,Sefwi-Wiawso,Adankrumeso
Western North,Sefwi-Wiawso,Abopore
Western North,Sefwi-Wiawso,Kwankamakrom
Western North,Sefwi-Wiawso,Akoti
Western North,Bibiani/Ahwiaso/Bekwai,Sariehu Kukuado
Western North,Bibiani/Ahwiaso/Bekwai,Sapiehu
Western North,Bibiani/Ahwiaso/Bekwai,Asantimang
Western North,Bibiani/Ahwiaso/Bekwai,Kokuon
Western North,Bibiani/Ahwiaso/Bekwai,Benyinsosua
Ashanti,Atwima Mponua,Tanborakrom
Western North,Bibiani/Ahwiaso/Bekwai,Ntomem
Western North,Bibiani/Ahwiaso/Bekwai,Mamnao
Western North,Bibiani/Ahwiaso/Bekwai,Betinasi
Western North,Bibiani/Ahwiaso/Bekwai,Kwajoamikrom
Western North,Bibiani/Ahwiaso/Bekwai,Aboduiabo
Western North,Bibiani/Ahwiaso/Bekwai,Ama-Oforiwa
Western North,Bibiani/Ahwiaso/Bekwai,Nyamiyerisa
Western North,Bibiani/Ahwiaso/Bekwai,Esuobeyiriafao
Western North,Bibiani/Ahwiaso/Bekwai,Nsuta
Western North,Bibiani/Ahwiaso/Bekwai,Chine
Ashanti,Atwima Mponua,Chenchenasi
Western North,Bibiani/Ahwiaso/Bekwai,Amoakurasi
Western North,Bibiani/Ahwiaso/Bekwai,Domiabra
Western North,Bibiani/Ahwiaso/Bekwai,Besiasi
Western North,Bibiani/Ahwiaso/Bekwai,Bediem
Western North,Bibiani/Ahwiaso/Bekwai,Wuarawoba
Western North,Bibiani/Ahwiaso/Bekwai,Dedemide
Western North,Bibiani/Ahwiaso/Bekwai,Kwandokurasi
Western North,Bibiani/Ahwiaso/Bekwai,Kwantehun
Western North,Bibiani/Ahwiaso/Bekwai,Ntrua
Western North,Bibiani/Ahwiaso/Bekwai,Bobefi
Western North,Bibiani/Ahwiaso/Bekwai,Chirematin
Western North,Bibiani/Ahwiaso/Bekwai,Atumanikrom
Western North,Bibiani/Ahwiaso/Bekwai,Ohianpeanika
Western North,Bibiani/Ahwiaso/Bekwai,Apiakrom
Western North,Bibiani/Ahwiaso/Bekwai,Behirewre
Western North,Bibiani/Ahwiaso/Bekwai,Fakabra
Western North,Bibiani/Ahwiaso/Bekwai,Aseni
Western North,Bibiani/Ahwiaso/Bekwai,Afasue
Western North,Bibiani/Ahwiaso/Bekwai,Ohiayeya
Western North,Bibiani/Ahwiaso/Bekwai,Asienbosuna
Western North,Bibiani/Ahwiaso/Bekwai,Nsinsiemu
Western North,Bibiani/Ahwiaso/Bekwai,Afam
Western North,Bibiani/Ahwiaso/Bekwai,Enfaohumaw
Western North,Bibiani/Ahwiaso/Bekwai,Mpamproasi
Western North,Bibiani/Ahwiaso/Bekwai,Mbradani
Western North,Bibiani/Ahwiaso/Bekwai,Aferie
Western North,Bibiani/Ahwiaso/Bekwai,Banamabu
Western North,Bibiani/Ahwiaso/Bekwai,Ankramuano
Western North,Bibiani/Ahwiaso/Bekwai,Brokanko
Western North,Bibiani/Ahwiaso/Bekwai,Nyamibechire
Western North,Bibiani/Ahwiaso/Bekwai,Yamirisa
Western North,Bibiani/Ahwiaso/Bekwai,Ohiedani
Western North,Bibiani/Ahwiaso/Bekwai,Famayaw
Western North,Bibiani/Ahwiaso/Bekwai,Bewiedi
Western North,Bibiani/Ahwiaso/Bekwai,Ntakam
Western North,Bibiani/Ahwiaso/Bekwai,Mframanyo
Western North,Bibiani/Ahwiaso/Bekwai,Akodanyena
Western North,Bibiani/Ahwiaso/Bekwai,Bawnteng
Ashanti,Atwima Mponua,Pechi
Western North,Bibiani/Ahwiaso/Bekwai,Mesa
Western North,Bibiani/Ahwiaso/Bekwai,Nsunyamiye
Ahafo,Unknown,Damisa
Ahafo,Asunafo South,Yaodumfe-krom
Ahafo,Asunafo South,Kobeda-Karikarikrom
Ahafo,Asutifi South,Konkroma
Ahafo,Unknown,Pihasi
Ahafo,Unknown,Esuesem
Ahafo,Asunafo South,Esuesem
Ahafo,Asunafo South,Abiso
Ahafo,Asunafo South,Achichisua
Ahafo,Asunafo South,Achichisua-Braimakrom
Ahafo,Asunafo South,Kwesiadaikrom
Ahafo,Asunafo South,Dwiniwuhu
Ahafo,Asunafo South,Yawjamfikrom
Ahafo,Asunafo South,Mpaboi
Ahafo,Asunafo South,Beredi
Ahafo,Asunafo South,Kwamensahkrom
Ahafo,Asunafo South,Kojoabasikrom
Ahafo,Asunafo South,Bontoso
Ahafo,Asunafo South,Yemiyekrom
Ahafo,Asunafo South,Abisim
Ahafo,Unknown,Danyami
Ahafo,Asunafo South,Ahiresuanu
Ahafo,Asunafo South,Dajwin
Ahafo,Asunafo South,Betinko
Ahafo,Asunafo South,Mpraniasi
Ahafo,Asunafo South,Mutupiriso
Ahafo,Unknown,Onyinasisuo
Ahafo,Unknown,Bonua
Ahafo,Asunafo South,Ababawankaw
Ahafo,Asunafo South,Abonyereso
Ahafo,Asunafo South,Kwabinaadade
Ahafo,Asunafo South,Abewoye
Ahafo,Unknown,Betinasua
Ahafo,Asunafo South,Aniantintem
Ahafo,Asunafo South,Aniatintem
Ahafo,Asunafo South,Nfahumbo
Ahafo,Asunafo South,Famang
Ahafo,Asutifi South,Konkukrom
Ahafo,Asutifi South,Atawtrom
Ahafo,Asutifi South,Disriso
Ashanti,Atwima Mponua,Botuakwa
Ahafo,Asutifi South,Nyamibechere
Ahafo,Asutifi South,Nyankamasi
Ahafo,Asutifi South,Nsuadei
Ahafo,Asutifi South,Meniaye
Ahafo,Asutifi South,Enyedemindi
Ahafo,Asutifi South,Nsumema
Ahafo,Asutifi South,Tebri
Ahafo,Asutifi South,Asaseka
Ashanti,Atwima Mponua,Amanchiniso
Ahafo,Asutifi South,Mpanchraso
Ashanti,Atwima Mponua,Bontikrom
Ashanti,Atwima Mponua,Ahireso
Ashanti,Atwima Mponua,Asuboa
Ahafo,Unknown,Duntokuro
Ahafo,Unknown,Brumsu
Ahafo,Asunafo South,Mfrekurom Number One
Ahafo,Asunafo South,Mfrekurom Number Two
Ahafo,Asunafo South,Kwame Nkrumakurom
Ahafo,Asunafo South,Kwahu Flowers
Ahafo,Unknown,Asuakunuwo
Ahafo,Asunafo South,Domeabra
Ahafo,Unknown,Fukawbuo
Ahafo,Unknown,Bonda
Ahafo,Unknown,Ofriasua
Ahafo,Unknown,Bedibenum
Ahafo,Unknown,Owia
Ahafo,Unknown,Akrotu
Ahafo,Unknown,Abisu
Ahafo,Asunafo South,Yank Ye Number One
Ahafo,Asunafo South,Yank Ye Number Two
Ahafo,Unknown,Abisim
Ahafo,Unknown,Adukramyede
Ahafo,Unknown,Awamasu
Ahafo,Unknown,Kwasiansa
Ahafo,Unknown,Damosua
Ahafo,Unknown,Dawuro
Ahafo,Asunafo South,Dedekurom
Ahafo,Unknown,Tanosuo
Ahafo,Unknown,Dekyire
Ahafo,Unknown,Bobo
Ahafo,Asunafo South,Asikafokurom
Ahafo,Asunafo South,Kusawobankye
Ahafo,Asunafo South,Domeabra Number Two
Ahafo,Asunafo South,Kwasibenkurom
Ahafo,Asunafo South,Akamani
Ahafo,Asunafo South,Akodienkwanta
Ahafo,Asunafo South,Nkrantekurom
Ahafo,Asunafo South,Awuahkuromkumawu
Ahafo,Unknown,Buom
Ahafo,Asunafo South,Pesewkurom
Ahafo,Asunafo South,Asampanaye Number One
Ahafo,Asunafo South,Atotrom Number One
Ahafo,Asunafo South,Antwiagyeikurom
Ahafo,Asunafo South,Mensakurom
Ahafo,Asunafo South,Atotrom Number Two
Ahafo,Asunafo South,Amankwaakurom
Ahafo,Asunafo South,Kwakumanukurom
Ahafo,Asunafo South,Kagyakurom
Ahafo,Asunafo South,Manponten Number One
Ahafo,Unknown,Apakamba
Ahafo,Asunafo South,Nyamebekyere Number Three
Ahafo,Asunafo South,Adwumakase
Ahafo,Unknown,Asutuntum
Ahafo,Asunafo South,Ohiampeanika
Ahafo,Unknown,Afosu
Ahafo,Asunafo South,Fahiakobo
Ahafo,Asunafo South,Owusukurom
Ahafo,Asunafo South,Bobiekurom
Ahafo,Asunafo South,Awoyaaakuraa
Ahafo,Asunafo South,Yaabaatia
Ahafo,Asunafo South,Kofintikurom
Ahafo,Asunafo South,Pokukurom
Ahafo,Asunafo South,Motopini
Ahafo,Asunafo South,Pewodee
Ahafo,Asunafo South,Biribiarawonebre
Ahafo,Asunafo South,Yawfrimponkurom
Ahafo,Asunafo South,Kwamekenyokurom
Ahafo,Asunafo South,Alahajioromikurom
Ahafo,Asunafo South,Nyankomago Kurom
Ahafo,Asunafo South,Gyatokurom
Ahafo,Asunafo South,Kwamedaakurom
Ahafo,Asunafo South,Mamponten Number Two
Ahafo,Asunafo South,Ohiayeanimguase
Ahafo,Asunafo South,Nkranfokurom
Ahafo,Asunafo South,Hiamamkwa
Ahafo,Asunafo South,Osaakurom
Ahafo,Asunafo South,Adusakurom
Ahafo,Asunafo South,Obinkyemu
Ahafo,Asunafo South,Atakurom
Ahafo,Asunafo South,Obidomwo
Ahafo,Asunafo South,Mmoframfaadwene
Ahafo,Asunafo South,Nsonyameye
Ahafo,Asunafo South,Dodowa Anwiam
Ahafo,Asunafo South,Koduakurom
Ahafo,Asunafo South,Anitemfe
Ahafo,Asunafo South,Boatenkurom
Ahafo,Asunafo South,Anokyekurom
Ahafo,Asunafo South,Nkarkom
Ahafo,Asunafo South,Kramokurom
Ahafo,Asunafo South,Kwabenansiakurom
Ahafo,Asunafo South,Kwabenaadadekurom
Ahafo,Asunafo South,Opanyinoseikurom
Ahafo,Asunafo South,Tematekurom
Ahafo,Unknown,Asuafra
Ahafo,Unknown,Aponapon
Ahafo,Unknown,Akwasua
Ahafo,Unknown,Awenkye
Ahafo,Unknown,Fawkwasua
Ahafo,Unknown,Akyikyisua
Ahafo,Unknown,Gyebenesua
Ahafo,Unknown,Nsahomasu
Ahafo,Unknown,Abease
Ahafo,Unknown,Tintinkaw
Ahafo,Asutifi South,Kwakunuma
Ahafo,Unknown,Hwemiha
Ahafo,Asunafo South,Nkoden
Ahafo,Asunafo South,Gyidikurom
Ahafo,Asunafo South,Opanimkwakuneye
Ahafo,Asunafo South,Oseikurom Number One
Ahafo,Asunafo South,Oseikurom Number Two
Ahafo,Unknown,Ninta
Ahafo,Asunafo South,Kwame Pruso
Ahafo,Asunafo South,Nipampeye
Ahafo,Asunafo South,Kofifofiekurom
Ahafo,Asunafo South,Nyame Yeadom
Ahafo,Asunafo South,Asamankurom
Ahafo,Unknown,Aprapong
Ahafo,Asunafo South,Kwadwoadomakurom
Ahafo,Asunafo South,Gyakye
Ahafo,Unknown,Duasisuo
Ahafo,Asunafo South,Buobaikurom
Ahafo,Asunafo South,Sikafrebogya Number One
Ahafo,Asunafo South,Akyeamponkurom
Ahafo,Asunafo South,Sikafrebogya Number Two
Ahafo,Asunafo South,Adutwumkurom
Ahafo,Unknown,Abesua
Ahafo,Asunafo South,Ataneatakurom
Ahafo,Asunafo South,Boadikurom
Ahafo,Asunafo South,Boakyekurom
Ahafo,Asunafo South,Antokurom
Ahafo,Unknown,Atduiata
Ahafo,Unknown,Gyentia
Ahafo,Asunafo South,Kwadwobatterykurom
Ahafo,Asunafo South,Asibrim
Ahafo,Unknown,Abumina
Ahafo,Unknown,Santikaw
Ahafo,Unknown,Woramuma
Ahafo,Unknown,Mawfaha
Ahafo,Unknown,Aninyi
Ahafo,Unknown,Nsumema
Ahafo,Unknown,Nihinihi
Ahafo,Unknown,Nsuadai
Ahafo,Unknown,Gyensaw
Ahafo,Unknown,Mpanohra
Ahafo,Unknown,Asikasu
Ahafo,Unknown,Konkroma
Ahafo,Unknown,Dandahopanyin
Ahafo,Unknown,Nsuta
Ahafo,Asunafo South,Asuoho
Ahafo,Asunafo South,Tantia
Ahafo,Asunafo South,Subirikurom
Ahafo,Asunafo South,Abisuja
Ahafo,Asunafo South,Asufufo
Ahafo,Unknown,Anyuasu
Ahafo,Unknown,Diawu
Ahafo,Asunafo South,Asaman
Ahafo,Unknown,Asaseka
Ahafo,Unknown,Ofiri
Ahafo,Asunafo South,Akokawbenomsu
Ahafo,Asutifi,Adukurom
Ahafo,Unknown,Suraw
Ahafo,Asutifi South,Apenenadi
Ahafo,Asutifi,Donkokurom
Ahafo,Unknown,Wuramumu
Ahafo,Asutifi South,Mankesim
Ahafo,Unknown,Hyikyipobe
Ahafo,Unknown,Bankwati
Ahafo,Unknown,Kotikodaa
Ahafo,Asutifi South,Abusuakyireka
Bono,Dormaa East,Panpramasi
Ahafo,Asutifi,Goam
Ahafo,Asutifi,Monchwi
Ahafo,Unknown,Monchwi
Ahafo,Asutifi,Asokorefokrom
Ahafo,Asutifi,Kofikrom
Ahafo,Asutifi,Goa-Abawdiem
Ahafo,Asutifi,Abrense
Ahafo,Asutifi,Esenenim
Ahafo,Asutifi,Nfahunfaka
Ahafo,Asutifi South,Subinchri
Ahafo,Unknown,Sukusuku
Ahafo,Asutifi South,Akwaboa
Ahafo,Asutifi South,Atiesua
Ahafo,Unknown,Apenimadi
Ahafo,Asutifi South,Mosikrom
Ahafo,Asutifi South,Jaekuntabu
Ahafo,Asutifi South,Akapuakrom
Ahafo,Asutifi South,Apenimadi
Ahafo,Asutifi South,Nibriba
Ahafo,Asutifi South,Samkrom
Ahafo,Asutifi South,Bosomprakrom
Ahafo,Asutifi South,Owusukrom
Ahafo,Asutifi South,Peprakrom
Ahafo,Unknown,Afotoko
Ahafo,Unknown,Kwankojasua
Ahafo,Asutifi South,Kwancheabaw
Ahafo,Asutifi South,Subinaja
Ahafo,Asutifi South,Keniago
Ahafo,Unknown,Wunta
Ahafo,Asutifi South,Wunta
Ahafo,Asutifi South,Oseibadukrom
Ahafo,Asutifi South,Akropong
Ahafo,Asutifi South,Krontihenekrom
Ahafo,Asutifi South,Kontokrom
Ahafo,Asutifi South,Kwanting
Ahafo,Unknown,Nkwanting
Ahafo,Asutifi South,Bojise
Ahafo,Unknown,Anwinwinsua
Ahafo,Unknown,Asuwa
Ahafo,Asutifi South,Domiabra
Ahafo,Asutifi South,Sikayenibre
Ahafo,Unknown,Kwantre
Ahafo,Unknown,Donkofi
Ahafo,Unknown,Nyanya
Ahafo,Asunafo South,Santa
Ahafo,Unknown,Akokaw
Ahafo,Unknown,Ajempoma
Ahafo,Unknown,Asuadei
Ahafo,Unknown,Dumesua
Ahafo,Asutifi South,Mampehia
Ahafo,Asutifi South,Enyimasu
Ahafo,Asutifi South,Chichipobe
Ahafo,Asutifi South,Kwadaekrom
Ashanti,Ahafo Ano North,Asanfenasi
Ahafo,Asutifi South,Eduaniyede
Ahafo,Asutifi South,Wuramumuso
Ahafo,Asutifi South,Asempaneye
Ashanti,Ahafo Ano North,Nyami
Ahafo,Asutifi South,Yaomekwra
Ahafo,Asutifi South,Sergeantkrom
Ahafo,Asutifi South,Tadieso
Ahafo,Asutifi South,Bungio
Ahafo,Asutifi South,Nyrakawso
Ahafo,Asutifi South,Kaiya
Ahafo,Asutifi South,Odumkwra
Ahafo,Asutifi,Yebuakrom
Ahafo,Asutifi,Bakrom
Ahafo,Asutifi,Jameskrom
Ahafo,Asutifi South,Kwasipokukrom
Ahafo,Unknown,Afrensu
Ahafo,Asutifi South,Dawma
Ahafo,Asutifi,Sika-Aminaso
Ahafo,Asutifi South,Abesim
Ahafo,Asutifi,Yamkonya
Ahafo,Asutifi,Kwadukruwa
Ahafo,Asutifi,Popawekaw
Ahafo,Asutifi,Yaodomakokrom
Ahafo,Asutifi,Akuyem
Ahafo,Asutifi,Kwakuadaikrom
Ahafo,Asutifi,Kwesiboahinkrom
Ahafo,Asutifi,Diahenesanso
Ahafo,Asutifi,Bredi
Ahafo,Asutifi,Bepokawkaw
Ahafo,Asutifi,Abesim
Ahafo,Unknown,Subrikakuma
Ahafo,Asutifi,Kwakudankwa
Ahafo,Asutifi,Mmeasi
Ahafo,Asutifi South,Kwasikukutiakrom
Ahafo,Asutifi South,Kojodurokrom
Ahafo,Asutifi South,Tramawhie
Ahafo,Asutifi South,Sisakrom
Ahafo,Asutifi South,Ankranda
Ahafo,Asutifi South,Nyameman
Ahafo,Asutifi South,Brahabebumi
Ahafo,Asutifi South,Dunkwa
Ahafo,Asutifi South,Kroanfinfin
Ahafo,Asutifi South,Hiampenika
Ahafo,Asutifi South,Ekurakan
Ahafo,Asutifi South,Adedenja
Ahafo,Asutifi,Mamanahugo
Ahafo,Asutifi South,Sikampenika
Ahafo,Asutifi South,Pewuhuyesu
Ahafo,Asutifi South,Kwasuso
Ahafo,Asutifi South,Bidiaba
Ahafo,Asutifi South,Buokura
Ahafo,Asutifi South,Asikam
Ahafo,Asutifi South,Bekoasi
Ahafo,Unknown,Abesewa
Ahafo,Asutifi South,Abesewa
Ahafo,Unknown,Kontansua
Ahafo,Unknown,Anyinasu
Ahafo,Asutifi South,Asikasu
Ahafo,Asutifi South,Aboabo
Ahafo,Asutifi South,Chwiapiasi
Ahafo,Asutifi South,Jwinhu
Ahafo,Asutifi South,Kwesikuntawkrom
Ahafo,Asutifi South,Yaoasarekrom
Ahafo,Asutifi South,Kojosa
Ahafo,Asutifi South,Ehiawunwu
Ahafo,Asutifi South,Apawukrom
Ahafo,Asutifi,Braimakwra
Ahafo,Asutifi,Kofiekrom
Ahafo,Asutifi South,Subinso
Ahafo,Asutifi,Aboasuaso
Ahafo,Unknown,Ataneata
Ahafo,Asutifi South,Ataneata
Ahafo,Asutifi South,Agyeikurom
Ahafo,Asutifi South,Amanforom
Ahafo,Asutifi South,Akyenkyehenekurom
Ahafo,Asutifi South,Amoasikurom
Ahafo,Unknown,Nyako
Ahafo,Unknown,Sikresu
Ahafo,Unknown,Akantansu
Ahafo,Unknown,Samansua
Ahafo,Unknown,Kwamiasua
Ahafo,Unknown,Subika
Ahafo,Asutifi South,Konkokurom
Ahafo,Unknown,Subinba
Ahafo,Asutifi,Kwasi Opokukurom
Ahafo,Asutifi,Bogyampa
Ahafo,Unknown,Aduasine
Ahafo,Asutifi South,Oseikurom
Ahafo,Asutifi South,Tontokurom
Ahafo,Asutifi,Obenkurom
Ahafo,Unknown,Asouasu
Ahafo,Asutifi South,Odurokurom
Ahafo,Unknown,Watre
Ahafo,Asutifi South,Nyamebekyere
Ahafo,Asutifi South,Kokofu
Ahafo,Asutifi South,Ohiatua
Ahafo,Asutifi South,Onyambekyere Number One
Ahafo,Asutifi South,Mempehia
Ahafo,Asutifi South,Maham
Ahafo,Asutifi South,Monokurom
Ahafo,Asutifi South,Nanakurom
Ahafo,Asutifi South,Ehansowodea
Ahafo,Asutifi South,Kwabenakeseakuraa
Ahafo,Unknown,Kensere
Ahafo,Unknown,Kobeda
Ahafo,Unknown,Asuosam
Ahafo,Asutifi South,Yabarimakurom
Ahafo,Unknown,Nomesua
Ahafo,Asutifi South,Yegyikurom
Ahafo,Unknown,Bimebiyea
Ahafo,Unknown,Nyamebekyere
Ahafo,Asutifi South,Twabidi Number One
Ahafo,Asutifi South,Owusukurom
Ahafo,Asutifi South,Timbabi Number One
Ahafo,Asutifi South,Timbabi Number Two
Ahafo,Unknown,Densu
Ahafo,Unknown,Abuaso
Ahafo,Asutifi South,Akosu Tawiakurom
Ahafo,Asutifi South,Buronikurom
Ahafo,Asutifi South,Subiriso
Ahafo,Asutifi South,Banahenekurom
Ahafo,Unknown,Akyerensua
Ahafo,Asutifi South,Konkontreso
Ahafo,Unknown,Konkontre
Ahafo,Asutifi South,Subinma
Ahafo,Unknown,Asaidua
Ahafo,Unknown,Abuasua
Ahafo,Asutifi South,Akyerensuagya
Bono,Unknown,Adiemera
Ahafo,Unknown,Keniago
Ahafo,Unknown,Awonsu
Ahafo,Asutifi,Amamaso
Bono,Unknown,Anwiesu
Bono,Unknown,Ninasu
Ahafo,Unknown,Adensu
Bono,Unknown,Sunyani
Ahafo,Tano North,Ajureso
Ahafo,Unknown,Bosie
Ahafo,Unknown,Mankwasu
Ahafo,Unknown,Asuade
Ahafo,Unknown,Buraho
Ahafo,Unknown,Kotopan
Ahafo,Unknown,Rubi
Ahafo,Asutifi,Kwadwokurom
Bono,Dormaa East,Jecheasua
Bono,Unknown,Jecheasu
Bono,Sunyani,Odumasi
Bono,Unknown,Abebesu
Bono,Sunyani,Asukese
Bono,Sunyani,Nsagobesa Number One
Bono,Unknown,Apa
Bono,Sunyani,Bropia
Bono,Sunyani,Metemanu
Bono,Sunyani,Fawutrikesie
Bono,Sunyani,Dotumkankang
Bono,Unknown,Sudaikese
Bono,Sunyani,Dotum
Bono,Unknown,Asuadai
Bono,Sunyani,Sudai
Bono,Sunyani,Kobeda
Bono,Sunyani,Adiemera
Ahafo,Asutifi,Apimasukese
Bono,Sunyani,Apimasukese
Ahafo,Asutifi,Tadieso
Ahafo,Unknown,Nobesu
Ahafo,Asutifi,Twebiri
Ahafo,Asutifi,Sebenso
Bono,Sunyani,Tiatiasi
Ahafo,Asutifi,Keniago
Ahafo,Asutifi,Abrensewa
Ahafo,Asutifi,Drobenso
Ahafo,Asutifi,Apenso
Ahafo,Asutifi,Duanfoasi
Ahafo,Asutifi,Tawiaw
Ahafo,Asutifi,Chirihiaw
Ahafo,Unknown,Nkatiasu
Ahafo,Asutifi,Subikaso
Ahafo,Asutifi,Goatifi
Ahafo,Unknown,Apensu
Ahafo,Asutifi,Adinkrakrom
Ahafo,Asutifi,Mamuameho
Ahafo,Asutifi,Kwadubon
Ahafo,Asutifi,Konkon
Ahafo,Asutifi,Atera
Ahafo,Asutifi,Trume
Ahafo,Asutifi,Adukrom
Ahafo,Asutifi,Krasua
Ahafo,Asutifi,Sewen
Ahafo,Asutifi,Awonsuatifi
Bono,Sunyani,Ekawso
Bono,Sunyani,Kensere
Ahafo,Asutifi,Krasa
Bono,Sunyani,Tuoboadom
Bono,Sunyani,Framoasi
Bono,Unknown,Nemirasua
Bono,Sunyani,Banu
Bono,Sunyani,Ataniata
Bono,Sunyani,Benu
Bono,Sunyani,Kwakudonkawkrom
Bono,Unknown,Asuako
Bono,Sunyani,Dawiokrom
Bono,Sunyani,Ebomso
Bono,Unknown,Suyaw
Ahafo,Tano North,Datano
Ahafo,Unknown,Amwabin
Ahafo,Tano North,Aboadiem
Ahafo,Tano North,Asuadai
Bono,Unknown,Damsa
Ahafo,Tano North,Rubiso
Bono,Sunyani,Cheku
Ahafo,Asutifi,Gyedu
Ahafo,Unknown,Nonto
Ahafo,Asutifi,Asama
Ahafo,Asutifi,Awonsuabawye
Ahafo,Asutifi South,Tatifi
Ahafo,Asutifi South,Sanahenekrom
Ahafo,Asutifi South,Kwesimensakrom
Ahafo,Asutifi South,Brukukrom
Ahafo,Asutifi South,Nyamebechire
Ahafo,Asutifi South,Obinimewieye
Ahafo,Asutifi South,Odumasi
Ahafo,Tano North,Mopochirai
Ahafo,Tano North,Nyancherenasi
Ahafo,Unknown,Feyie
Ahafo,Tano North,Anoyensaw
Ahafo,Tano North,Kotopanso
Ahafo,Tano North,Anyinasuso
Ahafo,Tano North,Mankwasuso
Ahafo,Unknown,Nomesu
Ahafo,Tano North,Wankwanso
Ahafo,Tano North,Ekawso
Bono,Dormaa East,Atakurom
Bono,Sunyani,Nsagobesa Number Two
Bono,Sunyani,Kofinsuwakurom
Bono,Sunyani,Kurosua Number Two
Bono,Sunyani,Asasentanbi
Bono,Sunyani,Yawsaekurom
Bono,Unknown,Esikasu
Bono,Sunyani,Kofiankomakurom
Bono,Sunyani,Kofuo Camp
Bono,Unknown,Aponapon
Bono,Unknown,Asufufuo
Bono,Sunyani,Sawua
Ahafo,Asutifi,Oseiawin
Ahafo,Asutifi,Tawiakurom
Ahafo,Asutifi,Weneso
Ahafo,Asutifi,Oseiyawkurom
Ahafo,Asutifi,Kramokurom
Ahafo,Asutifi,Ahafo
Ahafo,Asutifi,Kaniago
Ahafo,Asutifi,Asaaman
Ahafo,Asutifi,Kwadwoagyeponkurom
Ahafo,Asutifi,Kenyaase Number Three
Ahafo,Asutifi,Yawnsiakurom
Ahafo,Unknown,Dunkwa
Ahafo,Asutifi,Mbeyinkakurom
Ahafo,Asutifi,Trede
Ahafo,Asutifi,Owusuansakurom
Ahafo,Asutifi,Asempanaye
Bono,Unknown,Chiriboja
Bono,Unknown,Oforiasua
Bono,Sunyani,Antwikurom
Bono,Sunyani,Twenekurom
Bono,Sunyani,Gyaasehenekurom
Bono,Sunyani,Abenaansiakurom
Bono,Sunyani,Agoneka
Bono,Sunyani,Abotereye
Bono,Sunyani,Nyamebekyere
Ahafo,Tano North,Asikasu
Ahafo,Tano North,Yeboakurom
Bono,Sunyani,Peprakurom
Ahafo,Tano North,Asen
Bono,Sunyani,Nwowasu
Bono,Sunyani,Asuokoo
Bono,Unknown,Asuokoo
Bono,Sunyani,Atuahenekurom
Bono,Unknown,Awasua
Bono,Sunyani,Adedease
Bono,Sunyani,Ninkyiama
Ahafo,Unknown,Nkensene
Ahafo,Unknown,Ajuresu
Bono,Sunyani,Ohukurom
Ahafo,Asutifi,Yawusukurom
Ahafo,Unknown,Kafrasu
Ahafo,Unknown,Ababusua
Ahafo,Asutifi,Kwaakyekurom
Ahafo,Unknown,Asundua
Ahafo,Asutifi,Kwakuadaekurom
Ahafo,Unknown,Kobi
Bono,Sunyani,Baanee
Bono,Sunyani,Barnie
Ahafo,Tano North,Beposo
Ahafo,Tano North,Atidurobesa
Ahafo,Tano North,Asempanaye
Ahafo,Tano North,Asuadee
Ahafo,Tano North,Agona Bosie
Ahafo,Tano North,Baasare Asempanaye
Ahafo,Tano North,Nkrankurom
Ahafo,Unknown,Datano
Ahafo,Tano North,Abrosanase
Ahafo,Tano North,Tanom
Ahafo,Tano North,Nkatiakurom Number One
Bono,Sunyani,Nyamekurom
Bono,Unknown,Asuofuo
Ahafo,Tano North,Nkatiakurom Number Two
Ahafo,Asutifi,Kwadenen
Ahafo,Asutifi South,Kwapakrom
Ahafo,Unknown,Ntotro
Bono,Sunyani West,Bosua
Bono,Sunyani West,Oboasi
Bono,Unknown,Sabiesua
Bono,Sunyani West,Kanwinisua
Bono,Unknown,Boti
Bono,Unknown,Asuafu
Bono,Unknown,Kanwinisua
Bono,Sunyani West,Sabiesua
Bono,Sunyani West,Suatre
Bono,Sunyani West,Morokrom
Bono,Unknown,Adimpo
Bono,Sunyani West,Abrobo
Bono,Sunyani West,Mantro
Bono,Unknown,Kantro
Bono,Sunyani West,Kontonchi
Bono,Sunyani West,Chumasikrom
Bono,Sunyani West,Adimposo
Bono,Sunyani West,Mpiasem
Bono,Sunyani West,Ashubreya
Bono,Sunyani West,Abrewaho
Bono,Sunyani West,Adimpo
Bono,Unknown,Namasua
Bono,Sunyani West,Kantro
Bono,Unknown,Nunusua
Bono,Unknown,Abrewa
Bono,Sunyani West,Duabonkwan
Bono,Sunyani West,Buporo
Bono,Sunyani West,Kresua
Bono,Sunyani,Apaso
Bono,Sunyani,Ahiriso
Bono,Sunyani,Kofikrangkrom
Bono,Sunyani,Atabenasi
Bono,Sunyani,Asunten
Bono,Sunyani,Domsesre
Bono,Sunyani,Asufufu
Bono,Sunyani West,Ahunyanso
Bono,Sunyani West,Ampekrom
Bono,Sunyani West,Duaboso
Bono,Sunyani West,Atemponja
Bono,Sunyani West,Nsipriwa
Bono,Sunyani West,Komoaso
Bono,Unknown,Komoa
Bono,Sunyani West,Aforikrom
Bono,Sunyani West,Sanprama
Bono,Sunyani West,Dahaso
Bono,Sunyani West,Akomiliso
Bono,Sunyani West,Chweinsia
Bono,Unknown,Supeli
Bono,Sunyani West,Brempua
Bono,Sunyani West,Kwatirikoso
Bono,Sunyani West,Akwajwa
Bono,Sunyani West,Dotokro
Bono,Sunyani West,Dupri
Bono,Sunyani West,Baniasem
Bono,Sunyani West,Konkong
Bono,Sunyani,Nkwabini
Bono,Sunyani West,Eje
Bono,Sunyani West,Bisija
Bono,Unknown,Sansanane
Bono,Sunyani,Tawiakrom
Bono,Sunyani,Tadieso
Bono,Unknown,Wanko
Bono,Sunyani,Jwaho
Bono,Sunyani West,Achibuja
Bono,Unknown,Chibu
Bono,Sunyani West,Nchiranchira
Bono,Sunyani West,Krobima
Bono,Sunyani West,Mentukwa
Bono,Sunyani West,Faomang
Bono,Wenchi,Sangakrom
Bono,Sunyani,Kyeremekurom
Bono,Sunyani,Banue Number Two
Bono,Sunyani,Kofikurom
Bono,Unknown,Nyinuhini
Bono,Unknown,Nyinubuma
Bono,Sunyani West,Kofifofiekurom
Bono,Tain,Bandawan
Bono,Tain,Mamasa
Bono,Unknown,Prensuo
Bono,Tain,Gyaro
Bono,Tain,Nasuhunu
Bono,Unknown,Kagyoi
Bono,Unknown,Kyekru
Bono,Tain,Gyansokurom
Bono,Tain,Samanso
Bono,Unknown,Konto
Bono,Unknown,Dungure
Bono,Tain,Adamkurom
Bono,Tain,Atumfuoso
Bono,Tain,Nkwanta
Bono,Tain,Bosompem
Bono,Tain,Kwasi Manu Kurom
Bono,Tain,Kogua
Bono,Tain,Nfodwo Kurom
Bono,Tain,Domeabra
Bono,Tain,Longo Kurom
Bono,Tain,Kwakukyere Kurom
Bono,Tain,Dadease
Bono,Sunyani West,Yaw Kron Kurom
Bono,Unknown,Abronpa
Bono,Sunyani West,Gyase Hene Kurom
Bono,Sunyani West,Abisu
Bono,Sunyani West,Kwadwo-Siaw Kurom
Bono,Sunyani West,Nsereso
Bono,Sunyani West,Yepempo
Bono,Sunyani West,Konyam Kurom
Bono,Sunyani West,Kontihene Kurom
Bono,Sunyani West,Hendada Kurom
Bono,Sunyani West,Bemu
Bono,Sunyani West,Yaw Dabi Kurom
Bono,Unknown,Abisu
Bono,Tain,Mangoase
Bono,Sunyani West,Tainso
Bono,Unknown,Asensu
Bono,Unknown,Bebun
Bono,Sunyani West,Sofo Kurom
Bono,Tain,Asensu
Bono,Tain,Yomu
Bono,Tain,Yomu-Aboasu
Bono,Tain,Kramoseidu Kurom
Bono,Tain,Tiadende
Bono,Tain,Kwantakyi
Bono,Tain,Kwasi Tono Kurom
Bono,Tain,Kwasi Tano Kurom
Bono,Tain,Kofi Kra Kurom
Bono,Tain,Kwasi Buor Kurom
Bono,Tain,Nyame-Bekyere
Bono,Tain,Kominigi
Bono,Tain,Kabongo
Bono,Tain,Asempanaye
Bono,Tain,Hainiguase
Bono,Tain,Akawri
Bono,Tain,Kwasikuma Kurom
Bono,Tain,Addo
Bono,Unknown,Kwanware
Bono,Tain,Sika Fre Mogya
Bono,Tain,Kwabenasuo
Bono,Unknown,Kun
Bono,Tain,Bradani
Bono,Tain,Abamfua
Bono,Tain,Yaw Benkum
Bono,Tain,Damobi
Bono,Tain,Kwagyei Badu
Bono,Tain,Bebunsua
Bono,Tain,Kramoseida
Bono,Tain,Kwasi Kra
Bono,Tain,Koforidua
Bono,Tain,Kyekyentwoa
Bono,Tain,Kwasibokor
Bono,Unknown,Wamke
Bono,Tain,Ata Kuram
Bono,Tain,Kwadwo Banini Kurom
Bono,Tain,Agyanwea
Bono,Tain,Miawani
Bono,Tain,Kwadwo Wologo
Bono,Unknown,Yomu
Bono,Unknown,Agyanwea
Bono,Tain,Kwame Mensa Kurom
Bono,Tain,Sampano
Bono,Tain,Bosia
Bono,Sunyani West,Nwadom Number One
Bono,Sunyani West,Nkwado Number Two
Bono,Sunyani West,Kwasi Kra Kurom
Bono,Sunyani West,Kwame-Kra
Bono,Tain,Kwadwo Agyei Kurom
Bono,Tain,Adamu
Bono,Sunyani West,Sie
Bono,Sunyani West,Kwame Sika
Bono,Sunyani West,Kumpa Kurom
Bono,Unknown,Dika
Bono,Sunyani West,Poku Kurom
Bono,Sunyani West,Bekwai
Bono,Sunyani West,Kwasi Num
Bono,Sunyani West,Koase
Bono,Unknown,Akosua
Bono,Sunyani West,Anani Kurom
Bono,Sunyani West,Sireso
Bono,Sunyani West,Boafe Kurom
Bono,Sunyani West,Yaw Bewua Kurom
Bono,Sunyani West,Nsasama
Bono,Sunyani West,Yaw Mafo Kurom
Bono,Sunyani West,Yaw Ntowa
Bono,Sunyani West,Kwame Gyewu Kurom
Bono,Sunyani West,Pepewasi
Bono,Sunyani West,Fawofiri Kosie
Bono,Sunyani West,Yaw Apreku Kurom
Bono,Sunyani West,Abranya
Bono,Sunyani West,Bemuhene Kurom
Bono,Sunyani West,Kokum Kurom
Bono,Wenchi,Kwaku Kra Kurom
Bono,Sunyani West,Kwaku Fookuo Kuram
Bono,Sunyani West,Nyame Bekyere
Bono,Sunyani West,Tanso Sireso
Bono,Sunyani West,Nkwadum
Bono,Sunyani West,Yaw Nsia Kurom
Bono,Sunyani West,Yaw Nkyira
Bono,Tain,Kwaku Foko Kura
Bono,Tain,Kwasibo
Bono,Unknown,Akawri
Bono,Tain,Makoa
Bono,Tain,Mantukwa
Bono,Tain,Feri
Bono,Unknown,Asafri
Bono,Tain,Fula
Bono,Unknown,Gyerekpe
Bono,Unknown,Nyonyo
Bono,Tain,Tanoso
Bono,Tain,Tanoso Dadamu
Bono,Tain,Atakurom
Bono,Tain,Ngyakwie
Bono,Tain,Kukuramoa
Bono,Unknown,Kyeremi
Bono,Tain,Kukuransie
Bono,Tain,Bogo
Bono,Unknown,Kotobonu
Bono,Unknown,Divatio
Bono,Unknown,Kyiridi
Bono,Unknown,Minisu
Bono,Banda,Banda Farm
Bono,Banda,Makala
Bono,Banda,Sade
Bono,Banda,Gwawo
Bono,Unknown,Nyusi
Bono,Banda,Domeabra
Bono,Unknown,Lapta
Bono,Banda,Nobingbe
Bono,Unknown,Godwongo
Bono,Unknown,Yooloo
Bono,Unknown,Kunulu
Bono,Unknown,Makpe
Bono,Unknown,Dwonge
Bono,Unknown,Kranba
Bono,Unknown,Kanyo
Bono,Unknown,Pale
Bono,Banda,Dokoyina
Bono,Unknown,Banda Forest Reserve
Bono,Banda,Batoo
Bono,Unknown,Kanoe
Bono,Banda,Bui Camp
Savannah,Bole,Sindi
Savannah,Unknown,Kalabo
Savannah,Unknown,Maluwe
Savannah,Unknown,Abenatia
Savannah,Unknown,Janjogu Kabobi
Savannah,Bole,Abulembire
Savannah,Bole,Jatokwame Busumfo
Savannah,Unknown,Yo
Savannah,Bole,Poliyire
Savannah,Bole,Waseiyire
Savannah,Bole,Kakaribayire
Savannah,Bole,Kalimbe
Savannah,Bole,Minesi
Savannah,Bole,Jiagbori
Savannah,Unknown,Teipe
Savannah,Bole,Jembe
Savannah,Unknown,Mankuma
Savannah,Sawla-Tuna-Kalba,Nyonyire
Savannah,Bole,Kakiasa
Savannah,Unknown,Chefribon
Savannah,Bole,Brewako
Savannah,Bole,Jeme
Savannah,Bole,Jambe
Savannah,Bole,Ifanteyire
Savannah,Bole,Munpe
Savannah,Bole,Buki
Savannah,Sawla-Tuna-Kalba,Kunkrumpe
Savannah,Sawla-Tuna-Kalba,Sogoyire
Savannah,Sawla-Tuna-Kalba,Juribuiyire
Savannah,Sawla-Tuna-Kalba,Biliyire
Savannah,West Gonja,Siyayire
Savannah,Unknown,Kabawu
Savannah,Unknown,Senbo
Savannah,Unknown,Somadi
Savannah,Sawla-Tuna-Kalba,Dekumplayiri
Savannah,Unknown,Fra
Savannah,Sawla-Tuna-Kalba,Nafa
Savannah,Sawla-Tuna-Kalba,Kunkuya
Savannah,Sawla-Tuna-Kalba,Tensanyiri
Savannah,Sawla-Tuna-Kalba,Tachiyiri
Savannah,Sawla-Tuna-Kalba,Yiliteyiri
Savannah,Sawla-Tuna-Kalba,Danuwuri
Savannah,Sawla-Tuna-Kalba,Numboli
Savannah,Sawla-Tuna-Kalba,Gbongbondori
Savannah,Sawla-Tuna-Kalba,Danuvari
Savannah,Sawla-Tuna-Kalba,Betieyiri
Savannah,Sawla-Tuna-Kalba,Honiyir
Savannah,Sawla-Tuna-Kalba,Muana
Savannah,Sawla-Tuna-Kalba,Chanayiri
Savannah,Sawla-Tuna-Kalba,Gurinyiri
Savannah,Sawla-Tuna-Kalba,Kerikonayiri
Savannah,Sawla-Tuna-Kalba,Jasantiyiri
Savannah,Sawla-Tuna-Kalba,Digize
Savannah,Sawla-Tuna-Kalba,Sansanyiri
Savannah,Unknown,Seyonvili
Savannah,Sawla-Tuna-Kalba,Yoliyiri
Savannah,Sawla-Tuna-Kalba,Buoyiri
Savannah,Unknown,Wiago
Savannah,Sawla-Tuna-Kalba,Munyiri
Savannah,Sawla-Tuna-Kalba,Bahelyiri
Savannah,Sawla-Tuna-Kalba,Pulcheyiri
Savannah,Sawla-Tuna-Kalba,Yamelyiri
Savannah,Unknown,Darabonbo
Savannah,Sawla-Tuna-Kalba,Bale
Savannah,Unknown,Krekombi
Savannah,Sawla-Tuna-Kalba,Desaburi
Savannah,Unknown,Diapara
Savannah,Unknown,Matara
Savannah,Sawla-Tuna-Kalba,Jenka
Savannah,Sawla-Tuna-Kalba,Tale
Savannah,Sawla-Tuna-Kalba,Lajuyiri
Upper East,Talensi-Nabdam,Tongo Hills
Northern,Unknown,Sankadelima
Bono East,Techiman North District,Nsuta Sreso
Upper East,Bolgatanga Municipal District,Zonno
Upper East,Bolgatanga Municipal District,Zonno Dam
Upper East,Bolgatanga Municipal District,Zonno Old Dam
Savannah,Sawla-Tuna-Kalba,Antoma
Savannah,Sawla-Tuna-Kalba,Domangili
Savannah,Sawla-Tuna-Kalba,Goriyiri
Savannah,Sawla-Tuna-Kalba,Zokanteu
Savannah,Sawla-Tuna-Kalba,Jedo
Savannah,Sawla-Tuna-Kalba,Deripe
Savannah,Sawla-Tuna-Kalba,Kompienu
Savannah,Sawla-Tuna-Kalba,Nambene
Savannah,Sawla-Tuna-Kalba,Munakuwan
Savannah,Sawla-Tuna-Kalba,Tabieri
Savannah,Sawla-Tuna-Kalba,Nakpari
Savannah,Sawla-Tuna-Kalba,Baaganga
Savannah,Sawla-Tuna-Kalba,Ngeon
Savannah,Sawla-Tuna-Kalba,Nabayiri
Savannah,Sawla-Tuna-Kalba,Kumbereyiri
Savannah,Unknown,Gbonbogla
Savannah,Sawla-Tuna-Kalba,Najokore
Savannah,Sawla-Tuna-Kalba,Sutepo
Savannah,Sawla-Tuna-Kalba,Gbonbogla
Savannah,Sawla-Tuna-Kalba,Konfali
Savannah,Sawla-Tuna-Kalba,Samambo
Savannah,Sawla-Tuna-Kalba,Nyanyawo
Savannah,Unknown,Timbilabao
Savannah,Sawla-Tuna-Kalba,Kunjaniyiri
Savannah,Sawla-Tuna-Kalba,Sampuayiri
Savannah,Sawla-Tuna-Kalba,Jumaa
Savannah,Sawla-Tuna-Kalba,Kpalitobe
Savannah,Unknown,Bagne
Savannah,Unknown,Logumbe
Upper West,Wa,Kpalsaka
Upper West,Wa,Buro
Upper West,Unknown,Molebule
Upper West,Wa,Bakpong
Upper West,Wa,Kolikpara
Upper West,Wa West,Naku
Upper West,Wa,Dapoha
Upper West,Wa West,Pole
Upper West,Unknown,Dorimura
Upper West,Wa,Loggopara
Upper West,Wa West,Joleriyiri
Upper West,Wa West,Bechunyiri
Upper West,Wa West,Pitor
Upper West,Wa West,Ponyientanga
Upper West,Wa East,Kudondogle
Upper West,Wa East,Weliyiri
Upper West,Wa West,Kpatiyiri
Upper West,Wa West,Saabalon
Upper West,Unknown,Pinatuu
Upper West,Unknown,Junipie
Upper West,Wa West,Babile
Upper West,Wa West,Siramuni
Upper West,Wa East,Samanbo
Upper West,Wa East,Lensuayiri
Upper West,Wa East,Wechiaubor
Upper West,Wa West,Goribile
Upper West,Wa West,Yipienibor
Upper West,Wa East,Sornuari
Upper West,Unknown,Nuale Forest Reserve
Upper West,Unknown,Manibule
Upper West,Unknown,Baalakundo
Upper West,Wa East,Daeyiri
Savannah,Unknown,Kongahon
Upper West,Wa East,Baleyiri
Upper West,Wa East,Sugu
Upper West,Wa East,Seyiri
Upper West,Unknown,Chempus
Upper West,Wa East,Daiyiri
Upper West,Wa East,Napiriyiri
Upper West,Unknown,Buabilebawo
Upper West,Unknown,Nabibawo
Upper West,Wa East,Kpalisoka
Upper West,Wa East,Sagu
Upper West,Wa East,Bunaa
Upper West,Wa East,Kulukpen
Upper West,Wa East,Kuntaa
Upper West,Wa East,Hamonikoa
Upper West,Nadowli,Jangbogo
Upper West,Nadowli,Jankoro
Upper West,Wa,Chegli
Upper West,Wa,Konjiasi
Upper West,Wa,Gulli
Upper West,Unknown,Naabaw
Upper West,Wa,Dergu
Upper West,Wa,Dinaso
Upper West,Wa,Sanchigu
Upper West,Wa,Jongo
Upper West,Wa,Samanbo
Upper West,Wa,Danko
Upper West,Wa,Jinkpan
Upper West,Wa,Kponpala
Upper West,Wa,Bamano
Upper West,Wa,Bise
Upper West,Wa,Sakaripeo
Upper West,Wa,Gogi
Upper West,Wa East,Gudayiri
Upper West,Wa,Nyagili
Upper West,Wa East,Guonor
Upper West,Wa East,Banungoma
Upper West,Wa,Botonoyiri
Upper West,Daffiama Bussie Issa District,Zazei
Upper West,Wa East,Koda Hill
Upper West,Unknown,Mmone
Upper West,Wa East,Pagalanhe
Upper West,Unknown,Jenjenbo
Upper West,Daffiama Bussie Issa District,Chobaa
Upper West,Daffiama Bussie Issa District,Buayiri
Upper West,Nadowli,Kpagdinga
Upper West,Unknown,Yari
Upper West,Daffiama Bussie Issa District,Doung
Upper West,Daffiama Bussie Issa District,Sabogo
Upper West,Daffiama Bussie Issa District,Kparedabuo
Upper West,Jirapa,Mankuri
Upper West,Jirapa,Nabiri
Upper West,Jirapa,Kanponyara
Upper West,Jirapa,Kenee
Upper West,Unknown,Kundabala
Upper West,Jirapa,Uolkun
Upper West,Jirapa,Balanta
Upper West,Jirapa,Goziiri
Upper West,Daffiama Bussie Issa District,Balienaa
Upper West,Unknown,Teri
Upper West,Sissala West,Lulo
Upper West,Unknown,Fowie
Upper West,Unknown,Zantibu
Upper West,Unknown,Gwoba
Upper West,Unknown,Kulewogo
Upper West,Unknown,Kankanzora
Upper West,Unknown,Duokula
Upper West,Unknown,Sabuli
Upper West,Unknown,Yera
Upper West,Unknown,Chaffia
Upper West,Unknown,Nafaro
Upper West,Unknown,Dajam
Upper West,Unknown,Napor
Upper West,Unknown,Jebugu
Upper West,Unknown,Kuntule
Upper East,Bolgatanga Municipal District,Agric Dam
Upper West,Sissala West,Carlo
Upper West,Sissala West,Tuwi
Upper West,Sissala West,Gumo
Upper West,Lambussie Karni,Suleyiri
Upper West,Unknown,Nyalifu
Upper West,Sissala West,Wasai
Upper West,Sissala West,Niator
Upper West,Unknown,Nankuole
Upper West,Unknown,Arko
Upper West,Sissala West,Butolo
Upper West,Sissala West,Kunni
Upper West,Unknown,Kulpawn Headwaters Forest Reserve
Upper West,Sissala West,Sambaga
Upper West,Unknown,Chawari
Upper West,Sissala West,Gobi
Upper West,Unknown,Dolachari
Upper West,Unknown,Takuu
Upper West,Sissala West,Pana
Upper West,Unknown,Buwia
Upper West,Unknown,Bukwala
Western,Unknown,Elonyi
Western,Jomoro,Fort Apollonia
Western,Unknown,Asufui Kpole
Western,Unknown,Eguntwi
Western,Unknown,Melebi
Western,Unknown,Tobotobo
Western,Unknown,Kwable
Western,Unknown,Egwalie
Western,Unknown,Mien
Western,Unknown,Nwia
Western,Unknown,Yamayama
Western,Unknown,Ekwoguni
Western,Unknown,Asuetem
Western,Unknown,Atubozure
Western,Unknown,Awuren
Western,Unknown,Amadinga
Western,Unknown,Edna
Western,Unknown,Bosoke
Western,Unknown,Keneni
Western,Unknown,Aholezure
Western,Unknown,Mpatabo
Western,Unknown,Ankasa Chi
Western,Unknown,Amansuri
Western,Unknown,Mambuen
Western,Unknown,Benea
Western,Unknown,Singa
Western,Unknown,Adazure
Western,Unknown,Damofu
Western,Unknown,Aibozure
Western,Unknown,Kabole
Western,Unknown,Asufuichi
Western,Unknown,Apuna
Western North,Unknown,Patmogye
Western,Unknown,Tenie
Western,Unknown,Ankasa River Forest Reserve Block B
Western,Unknown,Nkwantazure
Western North,Unknown,Esufufuo
Western North,Unknown,Sutri
Western North,Unknown,Ajahara
Western,Unknown,Akajiri Rapids
Western,Unknown,Mwohe
Western,Unknown,Ekpotini
Western,Unknown,Pebro
Western,Unknown,Edumiali
Western,Unknown,Tamwasu
Western North,Unknown,Ewuli
Western North,Unknown,Kohole
Western North,Unknown,Koholezure
Western,Unknown,Sungua
Western North,Unknown,Koholezure Rapids
Western,Unknown,Datano Rapids
Western,Unknown,Tolungbwang
Western North,Unknown,Benzaku
Western North,Unknown,Afosua
Western North,Unknown,Esindima
Western North,Unknown,Alulua
Western North,Unknown,Ajatwibo
Western North,Unknown,Akokrum
Western North,Unknown,Adiami
Western North,Unknown,Atum
Western North,Unknown,Adife
Western North,Unknown,Kunkruna
Western North,Unknown,Awanga
Western North,Unknown,Ehole
Western North,Unknown,Kanyankaw
Western North,Unknown,Abarabo
Western North,Unknown,Afiansara
Western North,Unknown,Sane
Western North,Unknown,Nimri
Western North,Unknown,Mumwi
Western North,Unknown,Esikamosu
Western North,Unknown,Ajia
Western North,Unknown,Bochyai
Western North,Unknown,Subri
Western,Unknown,Atoko
Western,Unknown,Kroba
Western,Unknown,Bofi
Western,Unknown,Asansu
Western,Unknown,Turumpa
Western,Unknown,Amoako
Western,Unknown,Wakradi
Western,Unknown,Aboadaka Rapids
Western,Unknown,Adaha
Western North,Aowin/Suaman,Asempanaye
Western North,Aowin/Suaman,Asomdwei
Western North,Aowin/Suaman,Ntonso
Western North,Unknown,Ateimu
Western North,Unknown,Asufuri
Western North,Unknown,Anobra
Western North,Unknown,Krasu
Western North,Unknown,Nkyan
Western North,Unknown,Breman
Western North,Aowin/Suaman,Damoakrom
Western North,Aowin/Suaman,Adwoam Number Two
Western,Unknown,Afumadin
Western,Wassa Amenfi West,Abakoase
Western North,Aowin/Suaman,Freetown
Western,Wassa Amenfi West,Mpeasem
Western,Wassa Amenfi West,Tanokrom
Western,Wassa Amenfi West,Nyame Nto Nkom
Western,Wassa Amenfi West,Daaman
Western,Wassa Amenfi West,Onyameyedo
Western,Wassa Amenfi West,Ohiamankwa
Western North,Unknown,Bele
Western,Wassa Amenfi West,Woman No Good
Western,Unknown,Bonsutoro
Western North,Unknown,Adiabaw
Western North,Unknown,Awodu
Western North,Unknown,Mugwa
Western,Unknown,Amoaful
Western,Unknown,Agyaa
Western,Unknown,Aurabo
Western North,Unknown,Asunsu
Western North,Aowin/Suaman,Ntejeso
Western North,Unknown,Aprapong
Western,Unknown,Bengyire
Western,Wassa Amenfi West,Jomuro
Western North,Unknown,Adunkwa
Western North,Unknown,Janeso
Western North,Unknown,Ahama
Western North,Unknown,Akahi
Western North,Unknown,Sika
Western North,Unknown,Aturun
Western North,Unknown,Rangroi
Western North,Unknown,Atanaya
Western North,Aowin/Suaman,Owusu
Western North,Aowin/Suaman,Beekokrom
Western North,Unknown,Genei
Western North,Unknown,Papue
Western North,Unknown,Aura
Western North,Unknown,Ajauinsa
Western,Unknown,Mpaporosua
Western North,Bodi,Atabokaa
Western North,Sefwi Akontobra,Yawkrom
Western,Unknown,Anwiasue
Western,Unknown,Aprotu
Western North,Sefwi Akontobra,Kwasiahakrom
Western North,Sefwi Akontobra,Sikanyeasem
Western,Unknown,Fofoe
Western,Unknown,Asuofufu
Western,Unknown,Gyaekasa
Western,Unknown,Atweneboana
Western North,Sefwi Akontobra,Tekyiman
Western North,Sefwi Akontobra,Pakyi
Western North,Sefwi Akontobra,Nkronsa Number One
Western North,Sefwi Akontobra,Nkronsa Number Two
Western North,Sefwi Akontobra,Nsiakrom
Western North,Unknown,Kobo
Western North,Sefwi Akontobra,Nneko
Western North,Sefwi Akontobra,Asantekrom
Western North,Sefwi Akontobra,Tailorkrom
Western North,Sefwi Akontobra,Agyemankrom
Western,Unknown,Afodowa
Western North,Sefwi Akontobra,Nsonyameye
Western North,Sefwi Akontobra,Sunkwa
Western North,Sefwi Akontobra,Bredi
Western North,Sefwi Akontobra,Kramokrom
Western North,Sefwi Akontobra,Tweritweri
Western,Unknown,Asuketewa
Western,Unknown,Afamasu
Western North,Sefwi Akontobra,Wansambirampa
Western,Unknown,Benibon
Western North,Sefwi Akontobra,Bethleham
Western North,Sefwi Akontobra,Babakrom
Western North,Sefwi Akontobra,Abesim
Western North,Sefwi Akontobra,Asanteman
Western,Unknown,Anokye
Western,Unknown,Bokakronkron
Western North,Sefwi Akontobra,Fawokabra
Western,Unknown,Fawokabra
Western North,Sefwi Akontobra,Mmpeasem
Western North,Sefwi Akontobra,Nsawura
Western,Unknown,Nsawura
Western North,Sefwi Akontobra,Dapaakrom
Western,Unknown,Kwaadasa
Western North,Sefwi Akontobra,Mampon
Western North,Sefwi Akontobra,Nyamebekyere
Western,Unknown,Boopri
Western North,Sefwi Akontobra,Akwafo
Western North,Sefwi Akontobra,Boakyekrom
Western,Unknown,Nsakuhoma
Western,Unknown,Fiafa
Western North,Sefwi Akontobra,Bonwere
Western,Unknown,Abumasaa
Western,Unknown,Fiafaakua
Western North,Sefwi Akontobra,Bonsamkrom
Western North,Sefwi Akontobra,Akuapimman
Western,Unknown,Kofi Wusu
Western,Unknown,Bonsuo
Western North,Sefwi Akontobra,Ahansowodie
Western North,Sefwi Akontobra,Kwabenaakomkrom
Western North,Sefwi-Wiawso,Akwapiman
Western North,Sefwi Akontobra,Mmerekukrom
Western North,Sefwi Akontobra,Nyamenndae
Western North,Sefwi-Wiawso,Afapadom-Anwonafokrom
Western North,Sefwi-Wiawso,Fuakyekrom
Western,Unknown,Ewurosue
Western,Unknown,Awosa
Western,Unknown,Egensue
Western North,Sefwi-Wiawso,Adeembra
Western,Unknown,Ewobrasue
Western North,Sefwi Akontobra,Ayisakrom
Western,Unknown,Suhoma
Western North,Sefwi Akontobra,Esiekrom
Western North,Sefwi Akontobra,Kofikrom
Western North,Sefwi Akontobra,Nyamempebone
Western North,Sefwi Akontobra,Kwamepuruokrom
Western,Unknown,Pirie
Western,Unknown,Ntoasue
Western,Unknown,Akokobenomnsue
Western North,Sefwi Akontobra,Dome Number One
Western,Unknown,Bommo
Western,Unknown,Nyamewa
Western,Unknown,Ruru
Western North,Sefwi Akontobra,Ruru
Western North,Sefwi Akontobra,Ntom
Western,Unknown,Mmotwebaa
Western North,Bodi,Jukwa
Western North,Sefwi Akontobra,Eyibo
Western North,Sefwi Akontobra,Anafo
Western North,Sefwi Akontobra,Ateso
Western North,Sefwi Akontobra,Etwia
Western North,Sefwi Akontobra,Toyanon
Western North,Sefwi Akontobra,Kofiasantikrom
Western,Unknown,Ajinoa
Western North,Sefwi Akontobra,Michiowi
Western,Unknown,Mbrambra
Western North,Sefwi Akontobra,Dumasi
Western,Unknown,Yoyo
Western,Unknown,Nkama
Western North,Sefwi Akontobra,Brefikrom
Western,Unknown,Akrusu
Western North,Sefwi Akontobra,Daro
Western,Unknown,Abrabra
Western,Unknown,Atambrakwa
Western North,Sefwi Akontobra,Famaso
Western North,Sefwi Akontobra,Anyafutu
Western North,Sefwi Akontobra,Kwakakrom
Western North,Sefwi Akontobra,Ongwambo
Western,Unknown,Asuisika
Western,Unknown,Bentihun
Western North,Sefwi Akontobra,Asuisika
Western,Unknown,Mamamra
Western North,Sefwi Akontobra,Kokoseukrom
Western North,Sefwi Akontobra,Arambo
Western North,Sefwi Akontobra,Asunso
Western North,Sefwi Akontobra,Sigam
Western North,Sefwi Akontobra,Bentihun
Western North,Sefwi Akontobra,Dumuaba
Western North,Sefwi Akontobra,Apaso
Western North,Sefwi Akontobra,Aframbo
Western North,Sefwi Akontobra,Dumuabu
Western,Unknown,Aframbo
Western North,Sefwi Akontobra,Asuadai
Western North,Sefwi Akontobra,Kojobrunikrom
Western North,Sefwi Akontobra,Nkwamagata
Western North,Sefwi Akontobra,Kwaokrom
Western North,Sefwi Akontobra,Siamokrom
Western North,Sefwi Akontobra,Besia
Western North,Sefwi Akontobra,Asuaso
Western North,Sefwi Akontobra,Yaotamwakrom
Western,Unknown,Atanaya
Western North,Sefwi Akontobra,Atanaya
Western North,Sefwi Akontobra,Bisiasi
Western North,Sefwi Akontobra,Forikro
Western North,Sefwi Akontobra,Kwasibeniakrom
Western North,Sefwi Akontobra,Ahisakrom
Western North,Sefwi Akontobra,Kojomensakrom
Western North,Sefwi Akontobra,Afudum
Western,Unknown,Mpraika
Western,Unknown,Pepiri
Western North,Sefwi Akontobra,Anyatuntum
Western North,Sefwi Akontobra,Suhuma
Western North,Sefwi Akontobra,Asantimang
Western North,Sefwi Akontobra,Aprapong
Western North,Sefwi Akontobra,Siamkrom
Western North,Sefwi Akontobra,Achiasi
Western North,Sefwi Akontobra,Asimakrom
Western North,Sefwi Akontobra,Kwamidurukrom
Western North,Sefwi Akontobra,Adiasekrom
Western North,Sefwi Akontobra,Mampurom
Western North,Sefwi Akontobra,Ajakrom
Western North,Sefwi Akontobra,Sangroso
Western North,Sefwi Akontobra,Nsaura
Western,Unknown,Abomisua
Western North,Sefwi Akontobra,Asidukrom
Western North,Sefwi Akontobra,Kwansabo
Western North,Sefwi Akontobra,Kontokorakrom
Western North,Sefwi Akontobra,Sulopakrom
Western North,Sefwi Akontobra,Fiafano
Western,Unknown,Asamwa
Western North,Sefwi-Wiawso,Edumwombo
Western,Unknown,Edumwombo
Western North,Sefwi Akontobra,Asafokrom
Western North,Sefwi Akontobra,Asamwa
Western North,Sefwi-Wiawso,Miano
Western North,Sefwi-Wiawso,Mpakerie
Western North,Sefwi-Wiawso,Senuafi
Western North,Sefwi-Wiawso,Defoa
Western North,Sefwi-Wiawso,Bopiri
Western North,Sefwi-Wiawso,Kokakwa
Western North,Sefwi-Wiawso,Asumbia
Western North,Sefwi-Wiawso,Pewiako
Western North,Sefwi-Wiawso,Kwamikuakrom
Western North,Sefwi-Wiawso,Nfuma
Western North,Sefwi-Wiawso,Patriso
Western North,Sefwi Akontobra,Akuakukrom
Western North,Sefwi Akontobra,Tanokuma
Western North,Sefwi Akontobra,Baferekrom
Western North,Sefwi Akontobra,Edwiaukrom
Western,Unknown,Dumibo
Western North,Sefwi Akontobra,Asekrom
Western North,Sefwi Akontobra,Yabakrom
Western North,Sefwi Akontobra,Akokokrom
Western North,Sefwi Akontobra,Kofiasamwakrom
Western North,Sefwi Akontobra,Abaukwasi
Western North,Sefwi Akontobra,Kokobeniakrom
Western,Unknown,Kwasiasu
Western North,Sefwi Akontobra,Elibu
Western North,Sefwi Akontobra,Kwasiaso
Western North,Sefwi Akontobra,Naho
Western North,Sefwi Akontobra,Sikaniaboso
Western North,Sefwi Akontobra,Senejakrom
Western North,Sefwi Akontobra,Buatim
Western North,Sefwi Akontobra,Chenchenasi
Western North,Sefwi Akontobra,Afwaso
Western North,Sefwi Akontobra,Ekum
Western North,Sefwi Akontobra,Ahoinon
Western North,Sefwi Akontobra,Kwabunku
Western North,Sefwi Akontobra,Kwadu
Western North,Sefwi Akontobra,Kwamadokrom
Western North,Sefwi Akontobra,Mpiasem
Western North,Sefwi Akontobra,Teyakrom
Western,Unknown,Suhuma
Western,Wassa Amenfi West,Kwabenka
Western North,Sefwi Akontobra,Sankori
Western North,Sefwi Akontobra,Afudua
Western North,Sefwi Akontobra,Humjibre
Western North,Sefwi Akontobra,Beriberi
Western,Unknown,Bifiedu
Western North,Sefwi Akontobra,Yuabra
Western North,Sefwi Akontobra,Kwatechi
Western,Wassa Amenfi West,Mpumasi
Western North,Sefwi Akontobra,Korkorwa
Western,Unknown,Aiyibosu
Bono,Jaman South,Baatia
Bono,Jaman South,Kwame Seikurom
Bono,Jaman South,Baano Number Three
Bono,Jaman South,Baano Number Two
Bono,Jaman South,Nsuansan
Bono,Jaman South,Kwame Nkama
Bono,Jaman South,Yawnkwa
Bono,Jaman South,Kwamepim
Bono,Jaman South,Adiako Number Two
Bono,Jaman South,Mefasakurom
Bono,Jaman South,Kramokurom
Bono,Unknown,Anukore
Bono,Jaman South,New Baanafo
Bono,Unknown,Pintre
Bono,Unknown,Papasua
Bono,Jaman South,Kwaako
Bono,Jaman South,Antwikurom
Bono,Unknown,Maka
Bono,Unknown,Mano
Bono,Unknown,Gago
Bono,Unknown,Nabu
Bono,Unknown,Mebuo
Bono,Unknown,Mana
Bono,Unknown,Nana
Bono,Unknown,Dongi
Bono,Unknown,Linto
Western,Unknown,Abakoo
Western North,Sefwi-Wiawso,Aboagyekrom Camp Number Two
Western North,Sefwi-Wiawso,Suiano Number Two
Western North,Sefwi-Wiawso,Suiano-Larbikrom
Western North,Sefwi-Wiawso,Suiano Number One
Western North,Sefwi-Wiawso,Kwame Tanokrom
Western,Unknown,Benkyem
Bono,Jaman South,Basakurom
Bono,Jaman South,Komfuokurom
Bono,Berekum,Botokurom
Bono,Jaman South,Baanafo
Bono,Unknown,Mpuasutia
Bono,Jaman South,Tiwobabi
Bono,Jaman North,Yaw Mensakurom
Bono,Jaman North,Adanenkurom
Bono,Jaman South,Esotia
Bono,Jaman South,Nkokotua
Bono,Jaman South,Asratoa
Bono,Jaman South,Boadwo
Bono,Jaman South,Abuokurom
Bono,Unknown,Asuabanta
Bono,Jaman South,Kwame Agyei Kurom
Bono,Jaman South,Diawuokurom
Bono,Berekum,Kuroda Damu
Bono,Berekum,Baahenekurom
Bono,Jaman South,Kwasi Boate Kurom
Bono,Berekum,Nkwanta Keseem
Bono,Berekum,Pruso
Bono,Berekum,Aboraakurom
Bono,Berekum,Kwame Nimokurom
Bono,Berekum,Kwame Bob Kurom
Bono,Berekum,Nyameadom
Bono,Berekum,Ohiamaadwene
Bono,Berekum,Akwatia Village
Bono,Unknown,Owusutaka
Bono,Jaman North,Yaw Twenekurom
Bono,Jaman North,Yaw Dabikurom
Bono,Jaman North,Berekumfo Akuraa
Bono,Jaman North,Akoroforo
Bono,Unknown,Asukesu
Bono,Jaman North,Domeabra
Bono,Jaman North,Yaw Daakurom
Bono,Unknown,Akwata
Bono,Jaman North,Hankadua
Bono,Unknown,Asikasa
Bono,Tain,Siriki
Bono,Tain,Komfuokurom
Bono,Jaman North,Asantekurom
Bono,Tain,Kwadwoako
Bono,Unknown,Samansuo
Bono,Tain,Akokurom
Bono,Tain,Akoroforo
Bono,Unknown,Apaye
Bono,Berekum,Dweneho
Bono,Berekum,Asepru
Bono,Berekum,Nhwe Nyame
Bono,Unknown,Dontikuma
Bono,Berekum,Ampenkuro
Bono,Berekum,Domeabra
Bono,Unknown,Bengribenum
Bono,Tain,Kyekyewere
Bono,Unknown,Pem
Bono,Unknown,Kwasitia
Bono,Unknown,Benbrese
Bono,Unknown,Ladofi
Bono,Unknown,Wonge
Bono,Unknown,Bubuko
Bono,Unknown,Yotute
Bono,Unknown,Dogyoto
Bono,Unknown,Bati
Bono,Unknown,Tokorobi
Bono,Jaman North,Koti
Bono,Unknown,Aturudu
Bono,Jaman North,Sumaahenekurom
Bono,Jaman North,Mantukwa
Bono,Jaman North,Amanfooso
Bono,Unknown,Mayera
Bono,Jaman North,Wamsua
Bono,Unknown,Tetesua
Bono,Unknown,Buni
Bono,Jaman North,Gyaragbo
Bono,Unknown,Basua
Bono,Unknown,Kokoaa
Bono,Unknown,Krusua
Bono,Unknown,Kprubaro
Bono,Unknown,Saara
Bono,Unknown,Yaadi
Bono,Unknown,Teteke
Bono,Unknown,Bolia
Bono,Unknown,Gbongbon
Bono,Unknown,Wunta
Bono,Unknown,Kwadwo
Bono,Unknown,Katongore
Bono,Tain,Maanukurom
Bono,Unknown,Nyampopa
Bono,Jaman North,Adinkrakurom
Bono,Jaman North,Nyamebekyere
Bono,Tain,Tanokurom
Bono,Tain,Bui
Bono,Unknown,Lawal
Bono,Unknown,Gyaragbo
Bono,Unknown,Yembri
Western North,Sefwi-Wiawso,Aboagyekrom
Western North,Sefwi-Wiawso,Antokrom
Western North,Sefwi-Wiawso,Dansokrom
Western North,Sefwi-Wiawso,Kodwobrafokrom
Western North,Sefwi-Wiawso,Menpeasem
Western North,Juaboso,Benkyema-Barrier
Western North,Juaboso,Benkyema Nkwanta
Western,Unknown,Esuete
Western North,Sefwi-Wiawso,Kwakukyekrom
Western,Unknown,Sunkawra
Western North,Sefwi-Wiawso,Monikannko
Western North,Sefwi-Wiawso,Rome
Western North,Sefwi-Wiawso,Obuokrom
Western North,Bodi,Kwasi Addaikrom
Western North,Bodi,Kwakuhorkrom
Western North,Bodi,Addansokrom
Western North,Bodi,Bepoase
Western North,Sefwi-Wiawso,Akyiakyem
Western North,Bodi,Kodwosamykrom
Western North,Bodi,Kofibrafokrom
Western North,Bodi,Kwasiadukrom
Western North,Bodi,Kodwokrom
Western North,Bodi,Piokrom
Western North,Bodi,Aboaboso
Western North,Bodi,Oparekrom
Western North,Bodi,Domeabra
Western North,Bodi,Asuasu
Western North,Bodi,Sikaneasem
Western,Unknown,Kwaadusika
Western North,Sefwi-Wiawso,Nkonya
Western North,Sefwi-Wiawso,Pokukrom-Bredi
Western North,Sefwi-Wiawso,Okrakrom-Piase
Western North,Sefwi-Wiawso,Kwakukrawiakrom
Western North,Sefwi-Wiawso,Hiamadwen
Western North,Sefwi-Wiawso,Nyamennae
Western North,Sefwi-Wiawso,Abrabra
Western North,Bodi,Nyamebekyere Number One
Western North,Bodi,Nyamebekyere Number Two
Western North,Bodi,Odumtarkoraa
Western North,Sefwi-Wiawso,Paradise
Western North,Sefwi-Wiawso,Mile Five
Western North,Sefwi-Wiawso,Kramokrom
Western North,Sefwi-Wiawso,Mile Three Number Two
Western North,Sefwi-Wiawso,Mile Three Number One
Western North,Sefwi-Wiawso,Mile Two
Western,Unknown,Kuruma
Western North,Sefwi-Wiawso,Suiano
Western North,Sefwi-Wiawso,Eighty-Two
Western North,Sefwi-Wiawso,Eighty-One
Western North,Sefwi-Wiawso,Boafoyena
Western North,Sefwi-Wiawso,Abonse New Town
Western North,Sefwi-Wiawso,Kodwonsiakrom
Western North,Sefwi-Wiawso,Koomoukrom
Western North,Sefwi-Wiawso,Kodwohunkrom
Western North,Sefwi-Wiawso,Old Abonse
Western North,Sefwi-Wiawso,Banafo
Western North,Sefwi-Wiawso,Kwakubadu
Western North,Sefwi-Wiawso,Mangoase
Western North,Sefwi-Wiawso,Agokrom
Western North,Sefwi-Wiawso,Bekyiwa
Ahafo,Asunafo South,Boatenkrom
Ahafo,Asunafo South,New Egyisu
Ahafo,Asunafo South,Onyamennae
Ahafo,Unknown,Ahirinsu
Ahafo,Asunafo South,Tuffuokrom
Ahafo,Asunafo South,Mmoframfaadwen
Ahafo,Asunafo South,Nimokrom
Ahafo,Asunafo South,Amdakyeikrom
Ahafo,Asunafo South,Ntonso
Ahafo,Asunafo South,Ntonso-Nyamebekyere
Ahafo,Asunafo South,Manhyia Number Two
Western North,Sefwi-Wiawso,Beposo Number Two
Western North,Sefwi-Wiawso,Fawoman
Western North,Sefwi-Wiawso,Nyetsena
Ahafo,Asunafo South,Beposo Number One
Ahafo,Asunafo South,Beposo Extension
Ahafo,Asunafo South,Quarters
Ahafo,Asunafo South,Akurafu
Ahafo,Asunafo South,Onwe
Western North,Juaboso,Kwamikawkrom
Western North,Juaboso,Asinekrom
Western,Unknown,Aomasu
Western North,Sefwi-Wiawso,Kruabasa
Western North,Sefwi-Wiawso,Kobnausakrom
Western North,Sefwi-Wiawso,Kobnasubrukrom
Western North,Sefwi-Wiawso,Ahwekrom
Western North,Sefwi-Wiawso,Kwitakrom
Western North,Juaboso,Boate
Western North,Sefwi-Wiawso,Boete
Western North,Sefwi-Wiawso,Jambo
Western North,Sefwi-Wiawso,Ajeikrom
Western North,Sefwi-Wiawso,Bakwaiyakrom
Western,Unknown,Botcabo
Western,Unknown,Kobiesu
Western North,Sefwi-Wiawso,Bankorimisa
Western North,Sefwi-Wiawso,Kofi Akaikrom
Western North,Sefwi-Wiawso,Bukurikrom
Western,Unknown,Borefia
Western North,Sefwi-Wiawso,Chirimaatinkrom
Western North,Sefwi-Wiawso,Yachereme
Western North,Sefwi-Wiawso,Mafe
Western North,Sefwi-Wiawso,Adukrom
Western North,Sefwi-Wiawso,Nduduakrom
Western North,Sefwi-Wiawso,Kwesi Abokrom
Western North,Bodi,Achinichin
Western North,Juaboso,Besimeyi
Western North,Bodi,Banum
Western,Unknown,Auhiama
Western,Unknown,Borasi
Western North,Bodi,Abokrom
Western,Unknown,Abokru
Western,Unknown,Amiesu
Western North,Bodi,Kwumbodukrom
Western North,Bodi,Kwakrom
Western North,Bodi,Bodukrom
Western North,Bodi,Ajeikrom
Western,Unknown,Kojaka
Western North,Bodi,Kwambodukrom
Western,Unknown,Beyinsu
Western North,Bodi,Amwunini
Western,Unknown,Ngunasu
Western North,Bodi,Janokrom
Western,Unknown,Bonsawi
Western North,Bodi,Krakwesikrom
Western North,Bodi,Yaomensakrom
Western North,Bodi,Atakesekrom
Western North,Bodi,Bakutei
Western,Unknown,Ahumakawa
Western,Unknown,Kokosu
Western,Unknown,Amiesua
Western,Unknown,Bohuma
Western North,Bodi,Danchemoso
Western North,Bodi,Abrabra
Western,Unknown,Juaben
Western North,Sefwi-Wiawso,Susarabo
Western North,Sefwi-Wiawso,Kwesidonkokrom
Western,Unknown,Kwaminta
Western,Unknown,Nyan
Western North,Bodi,Nyamiakrom
Western,Unknown,Sanguri
Western,Unknown,Mamomoho
Western North,Sefwi-Wiawso,Sunko
Western,Unknown,Aurasu
Western North,Sefwi-Wiawso,Kojoantukrom
Western,Unknown,Susankuru
Western North,Sefwi-Wiawso,Yaokrom
Western North,Sefwi-Wiawso,Kojoesuanikrom
Western North,Sefwi-Wiawso,Kwamikankakrom
Western North,Sefwi-Wiawso,Nsena
Western North,Sefwi-Wiawso,Chirimako
Western,Unknown,Kafibenia
Western,Unknown,Aiyinabure
Western North,Sefwi-Wiawso,Betimwia
Western North,Sefwi-Wiawso,Awawye
Western,Unknown,Kotosu
Western North,Sefwi-Wiawso,Amaniyekrom
Western North,Sefwi-Wiawso,Kwa
Western,Unknown,Akwasu
Western North,Sefwi-Wiawso,Asuentim
Western North,Sefwi-Wiawso,Nkabeda
Western North,Sefwi-Wiawso,Bechiri
Western North,Sefwi-Wiawso,Kuruma
Western,Unknown,Esuefu
Western North,Sefwi-Wiawso,Akrakrom
Western North,Sefwi-Wiawso,Kwesipisukrom
Western North,Sefwi-Wiawso,Asimwere
Western North,Sefwi-Wiawso,Ntere
Western North,Sefwi-Wiawso,Kwaku Usakrom
Western,Unknown,Ampebam
Western,Unknown,Bechua
Western North,Sefwi-Wiawso,Bechua
Western North,Sefwi-Wiawso,Abinimakrom
Western North,Sefwi-Wiawso,Apaso
Western North,Sefwi-Wiawso,Kofi Usakrom
Western North,Sefwi-Wiawso,Diubire
Western,Unknown,Boafere
Western North,Sefwi-Wiawso,Aurasua
Western,Unknown,Kobnadankosu
Western,Unknown,Cherebra
Western North,Sefwi-Wiawso,Ampamasakrom
Western North,Sefwi-Wiawso,Kanyanasi
Western North,Sefwi-Wiawso,Ampebam
Western,Unknown,Nyabo
Western,Unknown,Mprempe
Western North,Sefwi-Wiawso,Kojoatakrom
Western North,Sefwi-Wiawso,Mprempe
Western North,Sefwi-Wiawso,Atakrom
Western North,Sefwi-Wiawso,Eduakobnakrom
Western North,Sefwi-Wiawso,Beditokrom
Ahafo,Asunafo South,Kwasikwachirikrom
Western North,Sefwi-Wiawso,Yaokutiakrom
Western North,Sefwi-Wiawso,Kwaboajikrom
Ahafo,Asunafo South,Ahirinso
Ahafo,Asunafo South,Metemano
Ahafo,Unknown,Abohiem
Western North,Sefwi-Wiawso,Kobrakobikrom
Western,Unknown,Mehiem
Western North,Sefwi-Wiawso,Kwa Ajekrom
Western North,Sefwi-Wiawso,Kwakoamakrom
Ahafo,Unknown,Bensobo
Ahafo,Asunafo South,Kawiakrom
Western North,Sefwi-Wiawso,Yakasi
Western,Unknown,Buaku
Western North,Sefwi-Wiawso,Kwamipunkrom
Western,Unknown,Kakabon
Western,Unknown,Asuoya
Western North,Sefwi-Wiawso,Takojokrom
Western,Unknown,Suhienkuma
Western North,Sefwi-Wiawso,Kwakakrom
Western North,Sefwi-Wiawso,Achinasi
Western,Unknown,Kwachamboi
Western North,Sefwi-Wiawso,Ausiakrom
Western North,Sefwi-Wiawso,Yaomensakrom
Western,Unknown,Adubas
Western,Unknown,Dumwenitiama
Western North,Sefwi-Wiawso,Senejakrom
Western,Unknown,Dukunsue
Western,Unknown,Auratiti
Western North,Sefwi-Wiawso,Mraden
Western North,Sefwi-Wiawso,Konikrom
Western,Unknown,Ngwuni Ngwuni
Western North,Sefwi-Wiawso,Fanchinibra
Western North,Sefwi-Wiawso,Ikuabo
Ahafo,Asunafo South,Ahireso
Ahafo,Asunafo South,Beditokrom
Ahafo,Asunafo South,Awum
Ahafo,Asunafo South,Kwamiyamikrom
Ahafo,Asunafo South,Boadikrom
Western North,Sefwi-Wiawso,Mpiasem
Western North,Sefwi-Wiawso,Aiyinabrim
Western,Unknown,Amanfi
Western,Unknown,Kantankuni
Western,Unknown,Kantankrugu
Ahafo,Asunafo North,Kwaminkrom
Ahafo,Asunafo North,Atuabra
Ahafo,Asunafo North,Atawinsua
Ahafo,Asunafo North,Apiraku
Ahafo,Asunafo North,Nsutam
Ahafo,Asunafo North,Esuapuku
Ahafo,Asunafo North,Ntome
Ahafo,Asunafo North,Ayinkru
Ahafo,Asunafo North,Nferenchere
Ahafo,Asunafo North,Bupaiasi
Ahafo,Asunafo South,Edukrom
Ahafo,Asunafo North,Klamakokrom
Ahafo,Asunafo North,Bakudie
Ahafo,Asunafo North,Kwakupom
Ahafo,Asunafo North,Awahem
Ahafo,Asunafo South,Kojopukukrom
Ahafo,Asunafo North,Kwaduko
Ahafo,Asunafo North,Kofiedisin
Ahafo,Asunafo North,Kwadonkokrom
Ahafo,Asunafo North,Adiapina
Ahafo,Asunafo South,Achiribuana
Ahafo,Asunafo South,Kojoponkrom
Ahafo,Asunafo South,Kwampukrom
Ahafo,Asunafo South,Kwesijemikrom
Ahafo,Asunafo South,Kobnafusakrom
Ahafo,Asunafo South,Suikrom
Ahafo,Asunafo South,Esuworobo
Ahafo,Asunafo South,Bemnano
Ahafo,Unknown,Dijini
Ahafo,Asunafo South,Kumuso
Western North,Juaboso,Kwamuikrom
Western North,Juaboso,Esuepri
Western North,Juaboso,Komeni
Ahafo,Asunafo South,Akotiakrom
Ahafo,Asunafo South,Soroso
Western North,Juaboso,Ebenebepo
Western North,Juaboso,Bucheto
Western North,Juaboso,Eframbo
Western North,Juaboso,Eduienya
Western North,Juaboso,Akroafu
Ahafo,Asunafo South,Ebuakrom
Western North,Juaboso,Koroakakrom
Ahafo,Asunafo South,Pataboabo
Western North,Juaboso,Aomasu
Western North,Juaboso,Bunukrom
Western North,Sefwi-Wiawso,Trokobutu
Ahafo,Asunafo South,Nyanokrom
Ahafo,Asunafo South,Kuntukrom
Ahafo,Unknown,Anwiasu
Ahafo,Asunafo South,Anwiahu
Ahafo,Asunafo South,Kwaminkrom
Ahafo,Asunafo South,Afuduom
Western North,Sefwi-Wiawso,Nyamiadisa
Ahafo,Asunafo South,Nsuentem
Ahafo,Asunafo South,Oforikrom
Ahafo,Asunafo South,Atobiasi
Ahafo,Asunafo South,Yayaso
Ahafo,Asunafo South,Duakrom
Ahafo,Unknown,Yayasu
Ahafo,Asunafo South,Yaosamwakrom
Ahafo,Asunafo South,Aboaboso
Ahafo,Asunafo South,Yayasu
Ahafo,Asunafo South,Bodumasi
Ahafo,Asunafo South,Kwachikrom
Ahafo,Asunafo South,Asumasu
Ahafo,Asunafo South,Kojoamwakrom
Ahafo,Asunafo South,Bensupata
Ahafo,Asunafo South,Adukru
Ahafo,Unknown,Setiesua
Ahafo,Asunafo South,Kofiekrom
Ahafo,Asunafo South,Asantikrom
Ahafo,Asunafo North,Mpamasi
Ahafo,Asunafo North,Odumasi
Ahafo,Asunafo South,Kwambodukrom
Ahafo,Asunafo North,Buampomkrom
Ahafo,Asunafo South,Yemitio
Ahafo,Asunafo South,Amanasi
Ahafo,Asunafo South,Emesu
Ahafo,Asunafo South,Kojotebrikrom
Ahafo,Asunafo South,Abisua
Ahafo,Asunafo South,Kwakutekofikrom
Ahafo,Asunafo South,Mopom
Ahafo,Asunafo South,Kwampukukrom
Ahafo,Unknown,Atabini
Ahafo,Asunafo South,Atabini
Ahafo,Asunafo South,Afoso
Ahafo,Unknown,Yebuawura
Ahafo,Asunafo South,Kosiadekrom
Ahafo,Asunafo South,Aboabo
Ahafo,Asunafo South,Domiabra
Ahafo,Asunafo North,Yakankakrom
Ahafo,Asunafo North,Nibiriba
Ahafo,Unknown,Botochwi
Ahafo,Unknown,Wurakesie
Ahafo,Asunafo North,Kojinakrom
Ahafo,Asunafo North,Atakrom
Ahafo,Asunafo North,Aboso
Ahafo,Asunafo North,Asufufuo
Ahafo,Asunafo North,Efirimkrom
Ahafo,Asunafo North,Kwabinamenukrom
Ahafo,Unknown,Abetiniwuom
Ahafo,Asunafo North,Nfakefehu
Ahafo,Asunafo South,Kwamuikrom
Ahafo,Asunafo North,Oseikrom
Ahafo,Asunafo North,Tanyamasi
Ahafo,Unknown,Kwadai
Ahafo,Unknown,Tanyama
Ahafo,Unknown,Kanchiamua
Ahafo,Asunafo North,Kanchiamua
Ahafo,Asunafo South,Twapiasi
Ahafo,Unknown,Chiriben
Ahafo,Unknown,Kwamasu
Ahafo,Unknown,Tawiasu
Ahafo,Asunafo South,Mem
Ahafo,Asunafo North,Aboajikrom
Ahafo,Unknown,Bonkawkaw
Ahafo,Asunafo North,Chiriben
Ahafo,Unknown,Ajurasu
Ahafo,Asunafo North,Famanyami
Ahafo,Asunafo North,Wawasi
Ahafo,Asunafo South,Kofiadomakrom
Ahafo,Asunafo South,Nyamibechire
Ahafo,Unknown,Detioi
Ahafo,Unknown,Opriasua
Ahafo,Unknown,Kawtoa
Ahafo,Asunafo North,Bitri
Ahafo,Asunafo North,Chuaso
Ahafo,Asunafo North,Atobiasi
Ahafo,Asunafo North,Kofiapiakrom
Ahafo,Unknown,Chua
Ahafo,Asunafo North,Ajoafra
Ahafo,Asunafo North,Anankaso
Ahafo,Asunafo North,Aframso
Ahafo,Asunafo North,Abonyirede
Ahafo,Asunafo North,Eburaso
Ahafo,Asunafo North,Atabokrom
Ahafo,Asunafo North,Akodida
Ahafo,Asunafo North,Kwaminajakrom
Ahafo,Asunafo North,Jenkuninu
Ahafo,Asunafo North,Tiotam
Ahafo,Asunafo North,Apapiem
Ahafo,Asunafo North,Fowa
Ahafo,Asunafo North,Boposo
Ahafo,Asunafo North,Ewiakrom
Ahafo,Asunafo North,Sapong
Ahafo,Asunafo North,San
Ahafo,Asunafo North,Kwakuakosan
Ahafo,Asunafo North,Kasikrom
Ahafo,Asunafo North,Mohu
Ahafo,Asunafo North,Kwesimensakrom
Ahafo,Asunafo North,Ejumun
Ahafo,Asunafo North,Inhiem
Ahafo,Asunafo North,Kasi
Ahafo,Asunafo North,Kwaminadiakrom
Ahafo,Asunafo North,Kwaminasantikrom
Ahafo,Asunafo North,Tadeaso
Ahafo,Asunafo North,Achichidia
Ahafo,Asunafo North,Botiasi
Ahafo,Asunafo North,Atichem
Ahafo,Asunafo North,Bodiakrom
Ahafo,Asunafo North,Ahantera
Ahafo,Asunafo North,Kobnawusakrom
Ahafo,Asunafo North,Kojokrom
Ahafo,Asunafo North,Kofidonkokrom
Ahafo,Asunafo North,Akwodro
Ahafo,Asunafo North,Atasi
Ahafo,Asunafo North,Akutuasi
Ahafo,Asunafo North,Nintire
Ahafo,Asunafo North,Manpehia
Ahafo,Asunafo North,Adedeasi
Ahafo,Asunafo North,Yaokontawkrom
Ahafo,Unknown,Apinsu
Ahafo,Asunafo North,Kwamineabukrom
Ahafo,Asunafo North,Cherasi
Ahafo,Asunafo North,Katekutu
Ahafo,Asunafo North,Twineboah
Ahafo,Asunafo North,Kwakuasua
Ahafo,Asunafo North,Yaoseikrom
Ahafo,Asutifi,Muntiasem
Ahafo,Asutifi,Nobem
Ahafo,Unknown,Asuna
Ahafo,Asutifi,Asuna
Ahafo,Asunafo North,Asukese
Ahafo,Asutifi,Wabrasi
Ahafo,Asutifi,Adukwadjo
Ahafo,Asunafo North,Bemaha
Ahafo,Asunafo North,Boasikrom
Ahafo,Asunafo North,Esiasi
Ahafo,Asutifi,Adianibre
Ahafo,Asunafo North,Kwiboa
Ahafo,Asunafo North,Buhen
Ahafo,Asunafo North,Tokrom
Ahafo,Unknown,Awisesa
Ahafo,Asunafo North,Awisesuaja
Ahafo,Asunafo North,Bomaha
Ahafo,Unknown,Chreme
Ahafo,Unknown,Bomaha
Ahafo,Asunafo North,Nyamebechire
Ahafo,Asunafo North,Awisesuana
Ahafo,Asunafo North,Kwabinakawkawkrom
Ahafo,Asunafo North,Jinsa
Ahafo,Asunafo North,Angomasu
Ahafo,Asunafo North,Asuantamu
Ahafo,Asunafo North,Yawnantiekrom
Ahafo,Asunafo North,Bamuha
Ahafo,Asunafo North,Kawkawtiasua
Ahafo,Unknown,Angomasu
Ahafo,Asunafo North,Edimanso
Ahafo,Asutifi South,Gawja
Ahafo,Asutifi South,Angomasu
Ahafo,Asunafo North,Kwamiadjeikrom
Ahafo,Asutifi South,Goaja
Ahafo,Asunafo North,Kofiwirekrom
Ahafo,Asutifi South,Beseasi
Ahafo,Asunafo North,Kojobofakrom
Ahafo,Asunafo North,Kofimanukrom
Ahafo,Unknown,Ankamsuo
Ahafo,Asunafo North,Naokrom
Ahafo,Asutifi South,Ntontinta
Ahafo,Unknown,Ntontinta
Ahafo,Asunafo North,Bredi
Ahafo,Asutifi South,Kojoboamponkrom
Ahafo,Asutifi South,Bonkro
Ahafo,Asutifi South,Kwajomensa
Ahafo,Asutifi South,Asukese
Ahafo,Asunafo North,Tiafukrom
Ahafo,Unknown,Nfumpensua
Ahafo,Asunafo North,Kojotumfakrom
Ahafo,Asunafo North,Nsensem
Ahafo,Asunafo North,Yawmensakrom
Ahafo,Asunafo North,Dupri
Ahafo,Asunafo North,Beseasi
Ahafo,Asunafo North,Adumasa
Ahafo,Unknown,Sabi
Ahafo,Unknown,Kobosuo
Ahafo,Asunafo North,Yawboatinkrom
Ahafo,Asunafo North,Mitinyameati
Ahafo,Asunafo North,Goanu
Ahafo,Asutifi South,Sikampenonika
Ahafo,Asunafo North,Kasimkrom
Ahafo,Asutifi South,Aponapon
Ahafo,Unknown,Onyinasusuo
Ahafo,Asunafo North,Onyinasusuo
Ahafo,Unknown,Apesika
Ahafo,Asutifi South,Apesika
Ahafo,Asunafo North,Bonkuni
Ahafo,Asunafo North,Kobnakusikrom
Ahafo,Unknown,Ahunjo
Ahafo,Asunafo North,Ahunjo
Ahafo,Unknown,Kontanwura
Ahafo,Unknown,Ajebe
Ahafo,Unknown,Dihinidasuo
Ahafo,Asunafo North,Asasika
Ahafo,Asunafo North,Kofichikrom
Ahafo,Unknown,Dechem
Ahafo,Asunafo North,Dechem
Ahafo,Asunafo North,Bojiasi
Ahafo,Asunafo North,Mamainsua
Ahafo,Asunafo North,Amemensua
Ahafo,Asunafo North,Akuminekrom
Ahafo,Asunafo North,Nfamba
Ahafo,Asunafo South,Sisakrom
Ahafo,Asunafo North,Ebaw
Ahafo,Unknown,Chamiesua
Ahafo,Unknown,Fahoiden
Bono,Unknown,Asuproye
Bono,Unknown,Kyeremasu
Bono,Unknown,Achochobosu
Bono,Unknown,Bofitire
Bono,Dormaa East,Nyameani
Bono,Dormaa,Kwasikonto
Bono,Dormaa East,Bofitire
Bono,Dormaa East,Pokukumakurom
Bono,Dormaa East,Ahotosoo
Bono,Dormaa East,Achochoboso
Bono,Unknown,Pundadiasu
Bono,Dormaa East,Asuadee
Bono,Unknown,Dim Pimanu
Bono,Dormaa East,Apeakurom
Bono,Dormaa East,Amanfe
Bono,Dormaa East,Sentinsu
Bono,Dormaa East,Aponaponoso Number One
Bono,Dormaa,Wamho Number One
Bono,Dormaa East,Karikarikurom
Bono,Dormaa East,Yerusalem
Bono,Unknown,Sentinasu
Bono,Dormaa East,Kwakunyamekurom
Bono,Unknown,Kwekuasua
Bono,Unknown,Chishio
Bono,Unknown,Abontinsua
Bono,Dormaa East,Kwadwosiawkurom
Bono,Dormaa East,Kofitabirikurom
Bono,Dormaa East,Yeboakurom
Bono,Unknown,Awahasu
Bono,Unknown,Nyinasinasi
Bono,Dormaa,Asukokoo
Bono,Dormaa,Asukoko
Bono,Dormaa East,Pruhuru
Ahafo,Asutifi,Manhyia Number Two
Ahafo,Asutifi,Biaso-Kasapui
Ahafo,Asutifi,Buokukuruwakurom
Ahafo,Asutifi,Kwamewirukurom
Ahafo,Asutifi,Nmoframfadwene
Ahafo,Asutifi,Werekokurom
Ahafo,Asutifi,Krakyekurom
Ahafo,Asutifi,Agrave
Ahafo,Asutifi,Onyinase
Ahafo,Unknown,Kakawere
Ahafo,Asutifi,Gambia Number One
Ahafo,Asutifi,Nchensiakora
Ahafo,Unknown,Mintiminim
Ahafo,Asutifi,Nsuta
Ahafo,Unknown,Esonasua
Ahafo,Asutifi,Kwamemensakurom
Ahafo,Asutifi,Yawbadukurom
Bono,Dormaa East,Kyeakurom
Bono,Dormaa East,Yawbarimakurom
Bono,Dormaa East,Kwakukusikurom
Bono,Dormaa East,Kwasibadukurom
Bono,Dormaa East,Aduyawkurom
Bono,Unknown,Asrakua
Bono,Dormaa East,Asamoakurom
Bono,Unknown,Asudadai
Bono,Unknown,Jupro
Bono,Dormaa East,Akotokurom
Bono,Dormaa East,Praprababido
Bono,Dormaa East,Akomfe
Ahafo,Asutifi,Gooso
Ahafo,Asutifi,Koforidua
Ahafo,Asutifi,Kwasiantwikurom
Ahafo,Asutifi,New Tokorom
Ahafo,Asutifi,Abenaakukurom
Ahafo,Asutifi,Yakubakurom
Bono,Dormaa,Isuhiei
Bono,Dormaa,Wamano One
Bono,Unknown,Nsuhiei
Bono,Dormaa East,Ahotoso
Bono,Dormaa East,Pruhru
Bono,Dormaa East,Nuntua
Bono,Dormaa,Apiakrom
Bono,Dormaa East,Mintiminim
Bono,Dormaa East,Atabrikrom
Bono,Dormaa East,Apiakrom
Bono,Dormaa East,Kwasianiajen
Bono,Dormaa,Atakrom
Bono,Unknown,Nsuahaw
Ahafo,Asutifi,Ymekrom
Ahafo,Asutifi,Antobia
Ahafo,Asutifi,Tanawnsua
Ahafo,Asutifi,Boayekrom
Ahafo,Asutifi,Makrom
Ahafo,Asunafo North,Kwaminbaidukrom
Ahafo,Asunafo North,Chiniase
Ahafo,Asutifi,Nsutam
Ahafo,Asutifi,Awansusa
Ahafo,Asutifi,Awaham
Ahafo,Asutifi,Esunasua
Ahafo,Asutifi,Nyinakonton
Ahafo,Asutifi,Aboabo
Ahafo,Asutifi,Esunuso
Bono,Unknown,Nsuhumasu
Bono,Unknown,Aboabo
Bono,Dormaa East,Kwamisakrom
Ahafo,Asutifi,Asukese
Ahafo,Asutifi,Apenamadi
Ahafo,Unknown,Esunsu
Ahafo,Asutifi,Asukesi
Bono,Dormaa East,Kwamimprakrom
Bono,Dormaa East,Oseikwajokrom
Bono,Dormaa East,Beseasi
Bono,Dormaa East,Kwakuayensukrom
Bono,Dormaa East,Bojampa
Bono,Dormaa East,Biaso
Bono,Dormaa East,Jadieso
Bono,Dormaa East,Yaobofokrom
Bono,Dormaa East,Tadieso
Ahafo,Asutifi,Framoasi
Ahafo,Asutifi,Tiaiaso
Ahafo,Asutifi,Twiwaso
Ahafo,Asutifi,Dotiem
Ahafo,Asutifi,Prabonso
Ahafo,Asutifi,Nadaem
Ahafo,Asutifi,Anonti
Ahafo,Asutifi,Bonjeminim
Ahafo,Asutifi,Kwaduasua
Ahafo,Asutifi,Akutuasi
Ahafo,Asutifi,Krofrom
Ahafo,Unknown,Kentewari
Ahafo,Asutifi,Nwerem
Ahafo,Asutifi,Secherepom
Ahafo,Asutifi,Juaho
Ahafo,Asutifi,Bewodie
Ahafo,Asutifi,Ataboakrom
Ahafo,Asutifi,Nyinahema
Ahafo,Asutifi,Goaso
Ahafo,Asutifi,Tariem
Ahafo,Asutifi,Bosie
Ahafo,Asutifi,Tenesua
Ahafo,Asutifi,Abebeso
Ahafo,Asutifi,Suntriso
Bono,Dormaa East,Bomoden
Ahafo,Asutifi,Kenyaase Camp
Bono,Dormaa East,Aponaponoso Number Two
Bono,Unknown,Supon
Central,Abura/Asebu/Kwamankese,Fort Nassau
Greater Accra,Ga South,Mandela
Eastern,Kwahu West,Nkawkaw
Greater Accra,Ga East,Taifa
Upper East,Bawku West,Tarikom
Upper East,Bawku Municipal District,Timonde
Upper East,Bawku West,Widnaba
Upper East,Pusiga,Bulungu
Upper East,Pusiga,Pulmakom
Upper East,Binduri District,Issaka Tenga
Upper East,Nabdam,Tumux
Central,Cape Coast,Fort William Lighthouse
Upper East,Kassena Nankana West,Badunu
Upper East,Kassena Nankana West,Baloo
Upper East,North Builsa District,Akutiayeri
Upper East,North Builsa District,Awulansa
Upper East,Kassena Nankana,Bundunia
Upper East,Kassena Nankana,Budunga
Upper East,Kassena Nankana West,Nyangania
Upper East,Kassena Nankana,Akurugu
Upper East,Kassena Nankana,Abenpengu
Upper East,Kassena Nankana,Byunaa
Upper East,North Builsa District,Achanyeri
Upper East,North Builsa District,Apentusa
Upper East,Kassena Nankana,Nyangua
Upper East,Kassena Nankana West,Kafania
Upper East,Kassena Nankana West,Binania
Upper East,Kassena Nankana West,Dedoro Forest Reserve
Upper East,Kassena Nankana West,Nania
Upper East,Kassena Nankana West,Yimambolo
Upper East,Kassena Nankana,Atankwidi Forest Reserve
Upper East,Kassena Nankana,Chilo
Upper East,Kassena Nankana West,Kamberu
Upper East,Kassena Nankana,Bawio
Upper East,Kassena Nankana West,Kuliya
Upper East,Kassena Nankana West,Tankara Forest Reserve
Upper East,Kassena Nankana,Daboo
Upper East,Kassena Nankana,Mangnoro
Upper East,North Builsa District,Chomdema
Upper East,Kassena Nankana,Gongenia
Upper East,North Builsa District,Chief's Farm
Upper East,Kassena Nankana,Nawogenia
Upper East,Kassena Nankana,Layanga
Upper East,Kassena Nankana,Diburabolo
Upper East,Kassena Nankana,Telania
Upper East,Kassena Nankana,Gean
Upper East,Kassena Nankana,Kuleningo
Upper East,Kassena Nankana West,Betiu
Upper East,Kassena Nankana West,Nakolo
Upper East,Kassena Nankana,Punyoro
Upper East,Kassena Nankana,Kazigo
Upper East,Kassena Nankana,Kulnaba
Upper East,North Builsa District,Azuayeri
Upper East,Kassena Nankana,Aminlera
Upper East,Kassena Nankana West,Chasi Hills Forest Reserve
Upper East,Kassena Nankana West,Sakaa
Upper East,Garu District,Kuldakpenga
Upper East,Garu District,Atamidabogo
Upper East,Binduri District,Kolpeligo
Upper East,Garu District,Ziseri
Upper East,Garu District,Tamne Forest Reserve
Upper East,Garu District,Bugpiigu
Upper East,Garu District,Puanaba
Upper East,Garu District,Kambonga
Upper East,Garu District,Gagbiri
Upper East,Unknown,Kulumasugu
Upper East,Unknown,Dekuliga
Upper East,Garu District,Zari
Upper East,Garu District,Bulpielisi
Upper East,Bawku West,Byengo
Upper East,Binduri District,Abuse
Upper East,Bawku West,Zorsi
Upper East,Binduri District,Anyelisimbogokulnaba
Upper East,Bawku West,Red Volta East Forest Reserve
Upper East,Garu District,Kubago
Upper East,Bawku West,Ampkaliga
Upper East,Bawku West,Natinga Kopella
Upper East,Bawku West,Aganikuliga
Upper East,Bawku West,Sambolekuliga
Upper East,Bawku West,Dugobibisi
Upper East,Garu District,Mennatinga
Upper East,Bawku West,Kperigu
Upper East,Binduri District,Kobribok
Upper East,Bawku West,Aramkoliga
Upper East,Bawku West,Sulaga
Upper East,Bawku West,Surinyanga
Upper East,Nabdam,Namoorantenga
Upper East,Nabdam,Bakuloga
Upper East,Nabdam,Kulubili
Upper East,Nabdam,Kuldatintare
Upper East,Talensi-Nabdam,Dusi Nayiri
Upper East,Talensi-Nabdam,Dusi Bulbuog
Upper East,Talensi-Nabdam,Dusi Damol Tindongo
Upper East,Talensi-Nabdam,Yazore Kpatia
Upper East,Talensi-Nabdam,Kuldaga
Upper East,Talensi-Nabdam,Ndongo
Upper East,Nabdam,Dalinga Bulbisi
Upper East,Nabdam,Damulugu Dazamdabo
Upper East,Nabdam,Bagabila
Upper East,Nabdam,Benzure Baarabook
Upper East,Talensi-Nabdam,Dalabog
Upper East,Nabdam,Kparabog
Upper East,Nabdam,Akugosi
Upper East,Nabdam,Kalini
Upper East,Nabdam,Tiikoloo
Upper East,Nabdam,Nangodi Yakoti
Upper East,Nabdam,Nakpaliga
Upper East,Nabdam,Nangodi Kalini Soliga
Upper East,Bawku West,Naman
Upper East,Bawku West,Kanre
Upper East,Unknown,Zoroog
Upper East,Bongo District,Soe Arabe
Upper East,Nabdam,Red Volta West Forest Reserve
Upper East,Nabdam,Sekoti Kparabogo
Upper East,Nabdam,Sekoti Dasanga
Upper East,Nabdam,Sekoti Kotentabiga
Upper East,Nabdam,Kongo Adusabisi
Upper East,Bawku West,Gberi Tili
Northern,Savelugu Municipal District,Janjuri
Northern,Savelugu Municipal District,Vawamba
Northern,Kumbumgu,Gbansogo
Northern,Savelugu Municipal District,Bunlung-Yapalsi
Northern,Savelugu Municipal District,Nyantingili
Northern,Savelugu Municipal District,Kpaliyogu
Northern,Savelugu Municipal District,Sankpem
Northern,Savelugu Municipal District,Laligu
Northern,Savelugu Municipal District,Botingli
Northern,Savelugu Municipal District,Yemo
Northern,Sagnerigu,Demankonyili
Northern,Savelugu Municipal District,Dungwani
Northern,Savelugu Municipal District,Yilikpani
Northern,Kumbumgu,Kosibo
Northern,Sagnerigu,Bokurugu
Northern,Savelugu Municipal District,Yepalsi
Northern,Kumbumgu,Logoshiegu
Northern,Savelugu Municipal District,Kyehiyili
Northern,Savelugu Municipal District,Zaasi
Northern,Savelugu Municipal District,Grusiya
Northern,Savelugu Municipal District,Kpaduzugu
Northern,Kumbumgu,Dinyakpaligu
Northern,Savelugu Municipal District,Danbee
Northern,Savelugu Municipal District,Bihinayili
Northern,Sagnerigu,Surugu
Northern,Kumbumgu,Yezehe
Northern,Savelugu Municipal District,Lagbani
Northern,Savelugu Municipal District,Yong
Northern,Kumbumgu,Piegu-Yipelgu
Northern,Savelugu Municipal District,Afaya
Northern,Kumbumgu,Nakpatua
Northern,Kumbumgu,Kafehiyili
Northern,Kumbumgu,Mable
Northern,Savelugu Municipal District,Duko
Northern,Savelugu Municipal District,Tooteyili
Northern,Savelugu Municipal District,Libga
Northern,Kumbumgu,Silinboma
Northern,Savelugu Municipal District,Tibale
Northern,Savelugu Municipal District,Peli
Northern,Savelugu Municipal District,Kpalagalanyili
Northern,Kumbumgu,Shedua
Northern,Kumbumgu,Boggo
Northern,Savelugu Municipal District,Nyatua
Northern,Kumbumgu,Fando
Northern,Savelugu Municipal District,Botoyili
Northern,Kumbumgu,Yipienavili
Northern,Savelugu Municipal District,Bungbum
Northern,Savelugu Municipal District,Chapalegu
Northern,Savelugu Municipal District,Kpendua
Northern,Kumbumgu,Zangbalanbihi
Northern,Kumbumgu,Chansogu
Northern,Kumbumgu,Begurugu
Northern,Kumbumgu,Bihinayili
Northern,Kumbumgu,Yipeligu
Northern,Savelugu Municipal District,Yipelgu
Northern,Savelugu Municipal District,Sansee
Northern,Savelugu Municipal District,Kpongnayili
Northern,Kumbumgu,Kpelum
Northern,Savelugu Municipal District,Yiwogo
Northern,Kumbumgu,Timonayili
Northern,Sagnerigu,Kogni
Northern,Savelugu Municipal District,Fazihini
Northern,Kumbumgu,Gbugli
Northern,Savelugu Municipal District,Nyoglo
Northern,Savelugu Municipal District,Teplinayili
Northern,Savelugu Municipal District,Tumahi
Northern,Savelugu Municipal District,Kpaliyokuko
Northern,Savelugu Municipal District,Sahanayili
Northern,Savelugu Municipal District,Kpachelo
Northern,Savelugu Municipal District,Kyalam
Northern,Savelugu Municipal District,Tamale Fuelwood Forest Reserves
Northern,Kumbumgu,Dulizugu
Northern,Kumbumgu,Tigu-Nyorun
Northern,Savelugu Municipal District,Nyeregeyili
Northern,Savelugu Municipal District,Boggo
Northern,Kumbumgu,Zugudaboni
Northern,Sagnerigu,Batanayiri
Northern,Kumbumgu,Ginjani
Northern,Savelugu Municipal District,Botingbla
Northern,Savelugu Municipal District,Wantugu
Northern,Sagnerigu,Pelliyong
Northern,Sagnerigu,Salamba
Northern,Kumbumgu,Tindanpayili
Northern,Savelugu Municipal District,Savelugu Middle Boarding School
Ashanti,Offinso Municipal District,Ahwiaa
Upper East,Unknown,Sankasi
Upper East,Bawku Municipal District,Bawku Morgo
Upper East,Pusiga,Kugasego
Upper East,Pusiga,Siarin
Upper East,Bawku Municipal District,Nyorigo
Upper East,Unknown,Pulimakom
Upper East,Unknown,Belemtanga
Upper East,Pusiga,Bosal
Upper East,Pusiga,Widana
Upper East,Pusiga,Tendana
Upper East,Pusiga,Kogadim
Upper East,Pusiga,Ninkogo
Upper East,Pusiga,Sanda
Upper East,Unknown,Wisiga
Upper East,Bawku Municipal District,Morgo
Upper East,Pusiga,Akonrekuliga
Upper East,Pusiga,Daka
Upper East,Pusiga,Kanjama
Upper East,Garu District,Susuri
Northern,Sagnerigu,Tamale Old
Western,Wassa Amenfi West,Samreboi
Upper East,Bolgatanga Municipal District,Navrongo Southeast
Central,Unknown,Obiliakua
Greater Accra,Ga South,Wiaboman
Western,Wassa Amenfi Central,Subri
Western,Wassa Amenfi Central,Subin
Ashanti,Atwima Mponua,Ntobroso
Upper West,Nandom,Panyani
Western,Unknown,Moshiehenekurom
Ashanti,Ahafo Ano South,Pewodee
Ashanti,Ahafo Ano North,Sikafremoja
Western,Unknown,Nyamebekyere
Ashanti,Adansi South,Subin
Central,Twifo Ati-Morkwa,Yaowusukrom
Central,Assin North,Ajuom
Ashanti,Adansi North,Ofoasi
Ashanti,Adansi North,Nkwanta
Ashanti,Obuasi,Brofoyedru
Ashanti,Adansi North,Edwenase
Ashanti,Bekwai,Meduma
Ashanti,Bekwai,Bisiasi
Ashanti,Kumasi,Subin
Ashanti,Bosomtwe,Edumasa
Western,Ahanta West,Akyinim
Western,Mpohor,Aboabo
Western,Mpohor,Edum
Western,Tarkwa Nsuaem,Subri
Western,Mpohor,Kokofu
Western,Mpohor,Adansi Kakraba
Western,Tarkwa Nsuaem,Neung Forest Reserve
Western,Mpohor,Amanten
Western,Prestea-Huni Valley,Ayiresu
Western,Wassa Amenfi East,Enifufu
Western,Wassa Amenfi East,Kafodidi
Central,Upper Denkyira East,Anwiafutu
Central,Upper Denkyira East,Nzima
Central,Upper Denkyira East,Subin
Central,Upper Denkyira East,Merechu
Ashanti,Adansi South,Abesiwa
Ashanti,Adansi South,Number Two
Ashanti,Atwima Mponua,Enikawkaw
Ashanti,Atwima Nwabiagya,Sensu
Ashanti,Amansie West,Subia
Ashanti,Ahafo Ano South,Tinte Bepo Forest Reserve
Ashanti,Ahafo Ano South,Apunapunu
Ashanti,Ahafo Ano South,Eburaso
Ashanti,Ahafo Ano South,Bepawso
Ashanti,Atwima Nwabiagya,Odeso
Ashanti,Atwima Nwabiagya,Amoakukrom
Ahafo,Tano South,Sabom
Ashanti,Atwima Nwabiagya,Kokobin
Ashanti,Kwabre District,Manhyia
Ashanti,Afigya-Kwabre District,Nsokwa
Ashanti,Offinso Municipal District,Nyamibechere
Ashanti,Sekyere South,Ayebo
Ashanti,Sekyere South,Mankawnahugono
Ashanti,Afigya-Kwabre District,Esaase
Ashanti,Afigya-Kwabre District,Ampabame
Ashanti,Afigya-Kwabre District,Brofoyeduru
Western,Prestea-Huni Valley,Kwamikrom
Western,Prestea-Huni Valley,Ayiasu
Western,Prestea-Huni Valley,Beni
Western,Prestea-Huni Valley,Subri
Western,Tarkwa Nsuaem,Lagos
Western,Tarkwa Nsuaem,Ahumabru
Western,Wassa Amenfi East,Subri
Central,Upper Denkyira West,Menukrom
Western,Wassa Amenfi East,Subin
Savannah,Sawla-Tuna-Kalba,Konturi
Western,Wassa Amenfi West,Subri
Western North,Bibiani/Ahwiaso/Bekwai,Nsuontem
Western North,Bibiani/Ahwiaso/Bekwai,Badukrom
Western North,Bibiani/Ahwiaso/Bekwai,Kwamekurom
Ashanti,Atwima Mponua,Bibiani
Ashanti,Ahafo Ano South,Kawtinton
Ahafo,Asutifi South,Subin
Ahafo,Asutifi South,Dupri
Ashanti,Ahafo Ano North,Kwanenanyanto
Ashanti,Ahafo Ano North,Twabidi
Western,Wassa Amenfi West,Abobri
Ahafo,Asunafo South,Onyinasisuo
Upper East,North Builsa District,Nawasa
Upper East,North Builsa District,Azuguyeri
Upper East,Kassena Nankana West,Kajelo
Upper East,Kassena Nankana West,Kakungu
Upper East,Kassena Nankana West,Kaleveo
Upper East,Bawku Municipal District,Natinga
Upper East,Garu District,Karatesi
Upper East,Bawku West,Gorogo
Upper East,Binduri District,Bumbugu
Upper East,Nabdam,Sekoti Tankpaga
Upper East,Nabdam,Biogkulawgo
Northern,Savelugu Municipal District,Pong
Upper East,Pusiga,Kpalugu
Ashanti,Adansi Asokwa,Adansi Asokwa
Ashanti,Afigya-Kwabre South,Afigya-Kwabre South
Ashanti,Ahafo-Ano South East,Ahafo-Ano South East
Ashanti,Ahafo-Ano South West,Ahafo-Ano South West
Ashanti,Akrofuom,Akrofuom
Ashanti,Amansie South,Amansie South
Ashanti,Asokwa,Asokwa
Ashanti,Atwima-Nwabiagya North,Atwima-Nwabiagya North
Ashanti,Juaben,Juaben
Ashanti,Kwadaso,Kwadaso
Ashanti,Obuasi East,Obuasi East
Ashanti,Oforikrom,Oforikrom
Ashanti,Old Tafo,Old Tafo
Ashanti,Sekyere Kumawu,Sekyere Kumawu
Ashanti,Suame,Suame
Bono,Berekum East Municipal,Berekum East Municipal
Bono East,Pru East District,Pru East District
Central,Assin Central Municipal,Assin Central Municipal
Central,Gomoa Central District,Gomoa Central District
Eastern,Abuakwa North Municipal,Abuakwa North Municipal
Eastern,Abuakwa South Municipal,Abuakwa South Municipal
Eastern,Achiase District,Achiase District
Eastern,Asene Manso Akroso District,Asene Manso Akroso District
Eastern,Atiwa East District,Atiwa East District
Eastern,Fanteakwa North District,Fanteakwa North District
Eastern,Kwahu Afram Plains North District,Kwahu Afram Plains North District
Eastern,New Juaben North Municipal,New Juaben North Municipal
Eastern,Okere Municipal District,Okere Municipal District
Greater Accra,Ablekuma Central Municipal,Ablekuma Central Municipal
Greater Accra,Ablekuma North Municipal,Ablekuma North Municipal
Greater Accra,Ablekuma West Municipal,Ablekuma West Municipal
Greater Accra,Ayawaso Central Muncipal,Ayawaso Central Muncipal
Greater Accra,Ayawaso East Municipal,Ayawaso East Municipal
Greater Accra,Ayawaso North Municipal,Ayawaso North Municipal
Greater Accra,Ayawaso West Municipal,Ayawaso West Municipal
Greater Accra,Ga North Municipal,Ga North Municipal
Greater Accra,Korle-Klottey Municipal,Korle-Klottey Municipal
Greater Accra,Krowor Municipal,Krowor Municipal
Greater Accra,Okaikwei North Municipal,Okaikwei North Municipal
Greater Accra,Tema West Municipal,Tema West Municipal
Greater Accra,Weija Gbawe Municipal,Weija Gbawe Municipal
Northern,North Gonja District,North Gonja District
Oti,Guan District,Guan District
Savannah,North East Gonja District,North East Gonja District
Upper East,Bolgatanga East District,Bolgatanga East District
Volta,Anloga District,Anloga District
Volta,Central Tongu District,Central Tongu District
Western,Amenfi Central District,Amenfi Central District
Western,Amenfi West Municipal,Amenfi West Municipal
Northern,Kumbumgu,Kumbungu District
